gene,lfc,p-adjusted
CD70,-4.048593137,0.002145674
LOC401557,-3.971189365,0.000117832
CLEC4F,-3.369699635,0.004703997
CTSG,-3.263223162,0.041116587
IFNL2,-3.003271705,0.005372085
SFN,-2.971877335,0.004990582
LRRC14B,-2.929741868,0.013984556
SELE,-2.742645318,3.26E-05
CRH,-2.600810386,1.65E-06
MUC5AC,-2.548927257,0.015164477
FATE1,-2.546146299,0.00941258
CLDN34,-2.453148978,0.001386743
VGF,-2.423596768,2.10E-10
IFNA5,-2.4214485,0.028754256
PRTN3,-2.414670618,0.002198264
LCN2,-2.382496073,0.036169372
SYCE3,-2.359488544,0.008921779
C6orf223,-2.293041683,2.45E-06
CARTPT,-2.283958074,0.018044904
LINC01257,-2.260138104,0.000367138
PTF1A,-2.226797767,0.005944082
KRT5,-2.193578483,0.000494826
LINC00898,-2.136161957,0.00011053
LOC101929719,-2.130576746,0.00445378
SLN,-2.113050692,1.20E-02
LOC101926975,-2.095642442,1.35E-06
C2orf48,-2.078334635,0.021478707
SST,-2.066390524,0.000748541
CSF3,-2.036629322,0.018788021
RAB44,-2.027010878,0.04114259
ADCYAP1,-1.971017309,1.34E-06
MPO,-1.965675438,1.17E-05
OTOL1,-1.958345874,0.015847548
PCSK1,-1.955142255,1.78E-06
MAS1,-1.954428689,1.68E-05
LINC01164,-1.926583386,0.008921779
LOC339685,-1.9147859,0.000525396
HECTD2-AS1,-1.897498862,0.00116879
LINC01219,-1.884462208,0.011849746
SLC6A5,-1.882388184,0.040014075
TCP11,-1.857284463,0.002678835
HES5,-1.837450869,0.000293937
LINC01202,-1.830944556,0.005778023
UCHL1-AS1,-1.823736877,0.031434219
LOC642943,-1.812132383,0.005677739
NEUROD6,-1.807443094,1.86E-06
LINC01107,-1.801135721,0.001897153
LINC00051,-1.801042446,0.04209074
PPEF1,-1.797781828,4.32E-06
NAT16,-1.785876517,3.85E-06
ELANE,-1.779145031,0.013135485
LOC102723493,-1.777276514,0.000367601
TMEM247,-1.752182066,0.02074819
LOC100506274,-1.734532306,0.003099569
FAM66E,-1.728359311,0.021905608
CD300LG,-1.726839016,0.034725806
KIF2B,-1.720791646,0.009529027
PSG8,-1.712425566,0.002209908
H1FNT,-1.698327122,0.004132136
LOC728084,-1.696668683,0.00803859
GBP6,-1.669060577,0.003168614
MROH5,-1.658287607,0.004412292
KRT81,-1.63367455,0.005565208
ALB,-1.627609413,0.00803859
MYBPC2,-1.610659925,0.016642673
SLC30A8,-1.604931941,0.023567887
LOC100506085,-1.592532116,0.048342654
OR6X1,-1.590704613,0.027296816
LOC101927292,-1.58723481,0.022745493
SELP,-1.576124041,0.009252569
ARL5C,-1.566839578,0.014703127
TAC1,-1.566389487,0.004263378
RPH3A,-1.55791637,1.74E-10
RAD21L1,-1.534203974,0.017296776
LINC00460,-1.526866041,0.01811157
CD38,-1.524138549,0.005778023
ABCC12,-1.501474264,0.000682202
LINC01007,-1.499971714,0.034412384
USP2-AS1,-1.49904844,9.86E-06
BAALC-AS1,-1.497547788,4.42E-05
LINC01168,-1.490997156,0.000229148
RGS4,-1.489854577,0.004624905
F3,-1.489257039,0.000802062
KIRREL3-AS3,-1.48728161,0.021633468
ALOX12B,-1.471940262,4.61E-05
C1orf94,-1.459085036,0.011729214
LIN28B-AS1,-1.454951565,0.018534858
DRGX,-1.450702043,0.038060955
FAM86B3P,-1.449754785,0.000356384
RP1L1,-1.448371846,0.035757857
SOWAHB,-1.44692924,0.000206478
FREM3,-1.434547914,0.009343615
BAAT,-1.392467721,0.005307538
TPH1,-1.386331269,0.009038495
MYLK2,-1.383233763,0.021792671
LOC100507194,-1.373273383,0.002438281
LINC00567,-1.363570356,0.022193076
SFTPA1,-1.363156888,0.003887182
ADRA1D,-1.35161637,0.00445378
LOC339260,-1.346096043,0.021648039
GJD2,-1.3384891,0.04985924
MUC5B,-1.336522374,0.028072831
FBLN7,-1.333341095,0.001783239
TPO,-1.329893989,0.007423579
SCHLAP1,-1.328090528,0.003321212
GDF2,-1.325463366,0.044266275
GADD45A,-1.323699861,0.006266386
LINC00943,-1.320404501,0.004703997
STAT4,-1.3174175,0.003084932
HSPB3,-1.314964204,0.008832729
PSG3,-1.311893892,0.032590968
MCHR1,-1.309396598,0.000420521
MSC,-1.300490934,2.79E-05
OTOGL,-1.298804836,0.00029793
CACNG1,-1.298353511,0.035682223
LOC285762,-1.291463333,0.000351172
SNORD114-21,-1.290088173,0.015546849
DUSP4,-1.286873363,0.007631174
LOC101927960,-1.275665341,0.032038396
IL33,-1.272101358,0.001088141
RPLP0P2,-1.2695105,0.010413709
SLC16A6,-1.267487888,0.000579129
ATOH7,-1.267134959,0.004102591
BEX5,-1.260765036,0.000452772
LOC101929473,-1.2571797,0.021933767
CT55,-1.25397444,0.038060955
NEK2,-1.250961805,0.041345834
PRSS35,-1.250069191,0.003930867
SLC30A3,-1.249710605,0.029479759
C9orf106,-1.240491513,0.004468081
C17orf102,-1.239753258,0.008987169
C3orf80,-1.239486309,0.000684919
ZBBX,-1.237863157,0.004263378
LOC100507431,-1.234689737,0.044731416
CPXM1,-1.234148766,0.008136184
ARL4D,-1.234091469,0.001274779
PRMT8,-1.228912161,0.00027882
HHLA2,-1.227708205,0.03049376
NRN1,-1.227092282,3.15E-05
GBP4,-1.226998947,0.035811785
NLRP14,-1.226165302,0.00082294
PART1,-1.212722705,0.013928441
LINC01310,-1.208927932,0.036423323
LOC100130872,-1.195779478,0.02036514
PNMA3,-1.194236942,4.33E-04
IQGAP3,-1.191325724,0.016642673
CCDC184,-1.185898374,0.001088141
CD244,-1.185584215,0.020121623
LINC00937,-1.182457598,0.030061136
FAM86HP,-1.171032885,0.000682202
INHA,-1.16552731,0.006511713
LOC101929715,-1.154566859,0.002680234
GCNT4,-1.147867973,0.000452772
SPTSSB,-1.144438603,0.000748541
SPRED3,-1.141653177,0.000288171
MSC-AS1,-1.141461715,0.003192836
CLDN16,-1.140622026,0.011766242
INHBA-AS1,-1.140335149,0.001318121
DMBT1P1,-1.138972782,0.047485673
CBX3P2,-1.137826412,0.017514039
PPP1R2P3,-1.133799895,0.001180036
LMX1B,-1.128928431,0.024370216
LYRM9,-1.128607381,0.001133802
C1QL3,-1.126618727,0.037957113
ANKRD18DP,-1.126001218,0.00923471
SDS,-1.11832887,0.01811157
LINC00664,-1.111338837,0.047159721
SPDEF,-1.108607405,0.014707608
STAG3L5P,-1.106302963,0.033004559
RBM3,-1.102507281,0.001251181
PVRL3-AS1,-1.101636866,0.039581153
PACERR,-1.100775297,0.040381225
C11orf21,-1.100322169,0.019585506
SEMA3G,-1.099202115,0.019275443
ANGPTL4,-1.09814038,0.025858179
VSNL1,-1.096435627,0.006613994
SCG2,-1.095088571,0.000646224
CRYM,-1.094666392,0.019076611
LINC01476,-1.088917241,0.04488915
TRPA1,-1.08679321,0.006568559
LOC100506271,-1.085994018,0.022611091
CNGB3,-1.081012296,0.048370336
CHGB,-1.080497809,0.006266386
THCAT155,-1.08039037,0.000119044
SH2D5,-1.075049976,0.001933049
HTR3B,-1.074833743,0.042729953
ADGRG5,-1.073928259,0.024596183
LOC105378385,-1.06797348,0.006483534
OLFM3,-1.064235289,0.008963333
PTPRD-AS2,-1.060272059,0.011733141
MDH1B,-1.05333596,0.000649863
BMP3,-1.052322498,0.044324529
KCNV1,-1.049329705,0.043030469
HESX1,-1.04761173,0.039581153
OLFM4,-1.047438679,0.04988609
TRIM54,-1.041615338,0.028730996
CCR6,-1.041590051,0.02830438
GFRA2,-1.039206504,0.004921761
PTPRQ,-1.038299788,0.038941529
KCNE5,-1.037171973,0.000748541
RND1,-1.036469774,0.022057138
TUBB3,-1.035472234,0.001796505
GJD3,-1.034398271,0.00923471
SYP,-1.033566421,0.011916203
RFX8,-1.02971365,0.004263378
PCDHGC5,-1.029294528,0.000168286
CPLX1,-1.025510326,0.001824986
LINC01119,-1.024908236,0.021905608
SERTM1,-1.022846824,0.022268524
BDNF,-1.022729839,0.003111134
PKN2-AS1,-1.021253602,0.002579719
LPA,-1.017537174,0.022745493
DHRS11,-1.017348565,6.42E-06
FAM21EP,-1.016974312,0.021633468
HMGCS1,-1.012879092,0.002650233
MIR22HG,-1.012453676,0.00079673
PAK1,-1.01043765,0.006416352
CYP2B7P,-1.007761793,0.00082294
KMO,-1.00658392,0.017871727
LRRC73,-1.003083302,0.009095578
LINC01336,-1.002578672,0.008987169
PLK4,-1.00019478,0.016652273
NPTX2,-1.00000172,0.04098187
PCYOX1L,-0.999873846,9.07E-05
TPBGL,-0.999073482,0.006947808
RAB3A,-0.996206556,0.008987169
CCKBR,-0.99234029,0.015398452
IL1RL2,-0.990386509,0.015631538
KCNB2,-0.990199099,0.015192028
SNAP25,-0.987987168,0.016747344
RIIAD1,-0.987613544,0.01142281
WARS,-0.980014655,0.002808372
CHML,-0.978071494,0.000866197
EGR3,-0.977605018,0.047159721
WNT1,-0.977533985,0.003681669
TUBB2A,-0.974913307,0.004703997
CLEC3B,-0.969193243,0.046078916
DUSP5,-0.964597931,0.047586902
DUSP27,-0.963510199,0.021862906
ABCC11,-0.962956239,0.001210306
ENC1,-0.961269097,0.049292367
NCALD,-0.956961086,0.005836288
DUXAP8,-0.955886472,0.042040983
CHRM4,Dec-29,0.044104878
ANO3,-0.94537518,0.039513201
SVOP,-0.945293928,0.005273107
CALY,-0.942765093,0.005738043
ARHGEF7-AS2,-0.939621596,0.030021203
LOC102724532,-0.936004923,0.011766387
GAP43,-0.935212643,0.004703997
LINC01166,-0.933486079,0.040563233
BFSP1,-0.932966335,0.002736713
LOC101926941,-0.932880093,0.033318023
GNG3,-0.932852526,0.003382211
CASP16P,-0.9312658,0.034525306
ZDHHC23,-0.930929532,0.014497109
CLEC2L,-0.929717257,0.001088141
LRTM2,-0.929692956,0.004960927
GRASP,-0.926828787,0.001095219
SLC22A18AS,-0.92644286,0.049292367
SOX18,-0.925265507,0.041460011
MORN3,-0.924403131,0.004794139
EGR1,-0.923640712,0.000518616
GABRA1,-0.916636212,0.023009337
MCHR2,-0.915402738,0.044679201
PRKCG,-0.914777563,0.030487036
F7,-0.914075263,0.049292367
SLC12A1,-0.913435225,0.026483826
DUSP6,-0.911815339,4.58E-07
TACR2,-0.911517814,0.019275443
NAP1L5,-0.910878241,0.008987169
PDP1,-0.910325765,0.017326593
LOC339529,-0.908834136,0.025833833
TSG1,-0.90853912,0.039070353
CAP2,-0.90853727,0.006767086
GJB5,-0.906945921,0.015546849
HIST1H2BN,-0.906183776,0.004263378
CAMK1G,-0.905008663,0.022199321
ZNF449,-0.901149855,0.000155816
EGR4,-0.901023891,0.017055193
C2orf16,-0.900770835,4.34E-05
CYP4F11,-0.897448682,0.017296776
ZNF860,-0.896752887,0.016747344
BAALC-AS2,-0.896566488,0.012906002
FAM81A,-0.895467549,0.022866435
KCNF1,-0.892597688,9.91E-05
ATP2B1-AS1,-0.892105925,0.00106555
ABRA,-0.891142527,0.04812705
KAZALD1,-0.890266663,0.009992596
RDH12,-0.886356454,0.04240147
MDH1,-0.879998894,0.02899219
SMIM10L2B,-0.879255759,0.001380551
LOC400958,-0.874561765,0.040874949
ZNF215,-0.87381897,0.002547482
NGEF,-0.873538568,0.004624905
LINC00346,-0.872768006,0.005764038
TGFBR3L,-0.872349563,0.040180095
IGF1,-0.865659303,0.049702957
ZNF664-FAM101A,-0.864976054,0.032562012
SCN11A,-0.864554833,0.012631251
AMIGO2,-0.863723609,0.032038396
NAP1L2,-0.858805753,0.023567887
TARBP1,-0.854633805,8.33E-05
LAMB1,-0.853101316,0.008987169
LOC100505666,-0.850493198,0.048847334
SCG3,-0.843057258,0.002531002
F8,-0.838730877,5.68E-05
DIRAS1,-0.838130983,0.007423579
TCEAL5,-0.837429276,0.002680234
LOC100129973,-0.837195304,0.04433879
GPR3,-0.835442022,0.004295212
SYT12,-0.833682997,0.024670422
NPTXR,-0.831995896,0.016680252
TAGLN3,-0.83196978,0.041904578
PAH,-0.823732471,0.037515976
SV2B,-0.814903808,0.039581153
SLC6A17,-0.814179691,0.001384511
FAM86C2P,-0.81262419,0.044322922
LOC283177,-0.812418521,0.038659882
CTSO,-0.810173084,0.019104911
C17orf107,-0.810047894,0.01695463
RTL1,-0.80980052,0.040647421
ATP6V1G2,-0.809448552,0.016479359
PCED1B,-0.807245993,0.021633468
LOC100288181,-0.807245183,0.032323971
HMGB3,-0.806751058,0.000356384
CITED1,-0.802982542,0.049292367
EXOC3-AS1,-0.802003832,0.005372085
HAR1A,-0.801628854,0.029065548
TRIM36,-0.801070229,0.03437865
KREMEN2,-0.798760136,0.002143648
FXYD7,-0.798140138,0.001243011
TUBB2B,-0.795156747,0.04712605
COL12A1,-0.794597642,0.000908283
MYOZ1,-0.794290336,0.045727271
RSAD2,-0.793913655,0.031254023
ADGRA1-AS1,-0.792914045,0.044281142
PLK2,-0.792704692,0.034743669
SMIM10L2A,-0.791056827,0.000866197
LZTS1,-0.790294966,0.01165261
PCP4L1,-0.790028631,0.042586434
CACNG3,-0.789901924,0.034751836
SPEF1,-0.787686703,0.045673449
JHDM1D-AS1,-0.786805805,0.014667896
Mar-04,-0.786796345,0.005758389
KIF17,-0.782220762,0.010323838
COL25A1,-0.781557844,0.033618107
CLSTN3,-0.78081951,0.023162198
SNCB,-0.780168311,0.047266057
SCN3B,-0.780159157,0.030139243
GPCPD1,-0.779391104,0.001243667
STAT1,-0.776849927,0.003968146
SPARCL1,-0.775169432,0.000601854
ZNF441,-0.774832323,0.001386743
PFN2,-0.77445186,0.011916203
HPCA,-0.773614361,0.042084513
TSPAN7,-0.773153727,0.004863871
SYT5,-0.769371146,0.032754375
ANXA6,-0.768141297,0.005944082
SEZ6L2,-0.767917841,0.011795087
PRO1804,-0.76597594,0.046500616
NIPAL2,-0.764227655,0.039727881
LOC441086,-0.764179263,0.003425997
HAPLN1,-0.763323607,0.019909206
LOC101928238,-0.762574598,0.046529876
ARMCX5,-0.760570156,0.002650233
ABRACL,-0.759572406,0.021648039
STX1B,-0.758956292,0.006511713
HTR6,-0.756686702,0.03943813
SLC39A10,-0.756602331,0.025948828
HES4,-0.754964724,0.012723143
NRSN2,-0.753657703,3.24E-05
ROBO2,-0.753053482,0.013622294
SDSL,-0.752343678,0.013485356
TTC8,-0.75192776,0.003084932
TRIB1,-0.748566856,0.047266057
ZFR2,-0.747781056,0.020174602
KLF10,-0.747573254,0.003597779
PTK2B,-0.745504268,0.032616806
SERPINF1,-0.744182657,0.014331699
NMNAT2,-0.743840402,0.031994381
CALM3,-0.743822926,0.023855206
DPP6,-0.743116044,0.002536342
MAEL,-0.742734375,0.030863333
RGS20,-0.742668236,0.027330657
CACNG8,-0.741411831,0.025160361
PTGS2,-0.740662212,0.030687569
COL24A1,-0.739290465,0.03413621
SORCS1,-0.73915186,0.024037852
CFAP57,-0.737397912,0.011778147
HEY1,-0.737072065,0.000119044
PNPLA3,-0.736280079,0.017217063
BEX4,-0.736011454,0.008979908
ABCA11P,-0.735375581,0.000416459
DCTN1-AS1,-0.734789004,0.03049376
ZNF596,-0.734401336,0.001676557
STBD1,-0.73248807,0.04988609
BEND5,-0.732326498,0.000601473
RWDD2B,-0.730172568,0.016190456
KIAA1524,-0.729698377,0.002155323
RCAN2,-0.726751027,0.032945275
LOC100507599,-0.724155034,0.001380551
LY86-AS1,-0.724058169,0.046529876
CDK5R2,-0.724018803,0.042197327
NOXA1,-0.722695759,0.04064852
LDHA,-0.722437357,0.015090922
LOC101929748,-0.721802257,0.016441233
BEX2,-0.721024833,0.047266057
FGF12,-0.720152939,0.042438675
CHRM1,-0.719543225,0.024621595
SLC22A18,-0.717136346,0.010803857
CEND1,-0.713504255,0.016747344
CHIT1,-0.710343403,0.032945275
AHNAK2,-0.708927614,0.048488634
NDUFA5,-0.708307325,0.016747344
ATP6V1E1,-0.708243997,0.036140606
ACSL6,-0.707646686,0.001662113
GPRASP1,-0.706937006,0.002154176
RNF165,-0.706926908,0.000494826
DDX25,-0.703713881,0.010206926
LOC105370424,-0.699980189,0.026542086
LYNX1,-0.699133195,0.00224436
FAM162A,-0.69895794,0.002716037
ADAM21,-0.697207439,0.001694862
CLGN,-0.696650482,0.013446936
FAM163B,-0.694853028,0.042378549
RTN1,-0.693339682,0.044281142
EXOC3L1,-0.691093621,0.001588109
MLIP,-0.689842566,0.019724005
FAM83H,-0.68926154,0.042921838
TPX2,-0.688602367,0.029933466
RHCE,-0.688369614,0.047266057
CISD1,-0.687681068,0.014666999
C14orf79,-0.687030831,0.016642673
NIT2,-0.686860101,0.001964403
NRSN1,-0.686833413,0.039004331
STX1A,-0.686565386,0.021967997
C2orf80,-0.685092403,0.044324529
ALDOC,-0.684691145,0.004263378
RELL2,-0.684406696,0.048172329
PSMA5,-0.684280978,0.01236833
BAIAP2-AS1,-0.68414239,0.024782523
ANO1,-0.681446253,0.023433502
DCLK1,-0.680785001,0.018749914
ZNF442,-0.679760966,0.008921779
NCR3LG1,-0.679074033,0.006869004
CACNB1,-0.678993662,0.01066951
SV2A,-0.677677644,0.042200844
TFRC,-0.677675026,0.003155506
CPNE6,-0.677313764,0.014892165
CCDC113,-0.676257711,9.71E-05
PLCB1,-0.675784895,0.029772549
PRRT2,-0.675163926,0.004990582
NETO1,-0.673748749,0.049292367
GRM8,-0.673421502,0.008921779
DLG3,-0.670052253,0.030164612
IDH2,-0.669827033,0.001558111
DNAL4,-0.669211488,0.001210306
NRP1,-0.668937378,0.007423579
KLHDC9,-0.668897517,0.003284943
CHRNB2,-0.667551099,0.022193076
SUB1,-0.667166637,0.016673138
PKM,-0.667031035,0.006877788
FBXW7,-0.665025401,0.002732606
GSTA4,-0.661660758,0.002685737
LOC101930094,-0.660927037,0.016984065
AGBL4,-0.660870621,0.030687569
CENPH,-0.660750024,0.049702957
GABARAPL1,-0.660525548,0.03527161
PPP1R2,-0.660477569,0.004295212
MX1,-0.659891322,0.015192028
TECTA,-0.659837955,0.000206478
PAMR1,-0.659447999,0.023855206
ICA1,-0.65929912,2.98E-05
RGS7,-0.658828499,0.007646574
USP11,-0.658024822,0.009433892
EID2B,-0.657154226,0.046529876
DLGAP1,-0.657053668,0.023855206
ASS1,-0.655093962,0.000872312
SERPINE2,-0.653888218,0.001676557
VDAC1,-0.653771049,0.018499753
LOC653160,-0.653346144,0.030748086
FAM86EP,-0.652208981,0.012624346
HTR7P1,-0.651176397,0.009370718
DYNC2LI1,-0.647484784,0.019009824
MAP10,-0.647088411,0.017179342
WDR31,-0.643479499,0.000229148
OGDHL,-0.641075826,0.042183457
LINC00982,-0.640563442,0.041326478
UBLCP1,-0.639613134,0.019750382
CYP2E1,-0.638154894,0.002685737
CYP4X1,-0.637494318,0.024817335
FARSB,-0.636811217,0.015074806
IL12RB2,-0.636246324,0.048911632
ANKMY2,-0.635470715,0.005098386
DLD,-0.633840556,0.001400742
HIGD1A,-0.631987081,0.009830561
BZW2,-0.631376567,0.016441233
HERC6,-0.630444215,0.029933466
LOC81691,-0.630011999,0.006317564
TUBB4B,-0.629526138,0.015934569
YWHAZ,-0.628090799,0.04646301
SLC45A1,-0.627502636,0.005292362
C17orf97,-0.624656795,0.032857869
HK1,-0.62340265,0.024965871
SHC3,-0.623386269,0.022193076
ADAM11,-0.622888797,0.008921779
SCN8A,-0.622386272,0.045058259
FAM131A,-0.622095316,0.033618107
ATP5B,-0.621949667,0.009433892
ELAC1,-0.615823401,0.018094034
EXTL1,-0.613585154,0.032016369
TMEM241,-0.613161935,0.024752827
THAP9-AS1,-0.612455862,0.018499753
NDUFA7,-0.612024172,0.00643105
F5,-0.611728925,0.029065548
APOO,-0.611197542,0.012051583
COPS7A,-0.610655039,0.001589916
C17orf58,-0.607303289,0.00086241
ID2,-0.607088738,0.038359526
DMGDH,-0.606964566,0.01518018
ADHFE1,-0.606593301,0.04646301
GRIA3,-0.606549033,0.021673252
NDUFB5,-0.605517953,0.009486475
RTF1,-0.604470754,0.000163077
FAM127A,-0.604250939,0.006317564
FH,-0.603838372,0.006947808
FIBP,-0.603756414,0.001493429
E2F3,-0.602560139,0.002155323
LINC01551,-0.601944629,0.047485673
TOX2,-0.601756552,0.018165544
LRRC20,-0.601184236,0.001344869
OXCT1,-0.600305924,0.04488915
GPM6A,-0.600062824,0.017901328
PPME1,-0.598454077,0.015532838
GHITM,-0.597520231,0.018252998
DCBLD1,-0.596836825,0.006301162
BRE,-0.596751661,0.002981916
BEX3,-0.596542831,0.024640596
UBE2N,-0.596247604,0.021256446
GSS,-0.596090395,0.003576179
OVGP1,-0.594666666,0.010747923
PIM2,-0.594544602,0.022745493
HYKK,-0.594400144,0.034722706
SNORD116-13,-0.593941167,0.046299649
NRIP3,-0.593120645,0.036012371
NDFIP1,-0.590985608,0.032722866
TMEM150C,-0.590574042,0.004624905
LIMK1,-0.590360959,0.012624346
ACTG1,-0.589427319,0.018252998
NRXN3,-0.58934497,0.006419853
ATP6V1G1,-0.588895273,0.017055193
TUBB,-0.587772344,0.018362327
LOC101928307,-0.587292733,0.044477985
CAPNS1,-0.586187114,0.002582782
VWA5B2,-0.585598243,0.032016369
PNKD,-0.585353461,0.017985906
NUMBL,-0.583481852,0.044324529
DGKB,-0.581839729,0.040006632
PDE10A,-0.58033542,0.000156046
MPV17L2,-0.579916923,0.00281945
PAM,-0.5781924,0.033261978
ATP6V1D,-0.577250936,0.04240147
CHCHD6,-0.576563419,0.006342841
C5orf22,-0.575191924,0.033023085
ATG9B,-0.574043871,0.035270546
SLC44A5,-0.573144786,0.039581153
ADGRA1,-0.571657153,0.019064598
TRAPPC1,-0.571535816,9.91E-05
ATP6V0C,-0.571271443,0.038208621
CASC1,-0.570451791,0.021905608
GLDC,-0.570443774,0.044682728
SGTB,-0.570230609,0.042084513
EFR3B,-0.569526524,0.001309161
PPDPF,-0.568169395,0.044682728
SYTL2,-0.567239597,0.040219911
SPCS1,-0.566340327,0.014861135
CLIP3,-0.566148381,0.015160154
PGK1,-0.565521959,0.04151845
GPI,-0.563714489,0.01607522
ARF5,-0.563326871,0.014331699
MCM4,-0.563172474,0.014861135
ARSG,-0.561635962,0.001354768
ATP5A1,-0.561525976,0.011766387
S100A16,-0.561148189,0.018165544
CRY2,-0.560628681,5.85E-05
FUCA1,-0.559360863,0.006511713
ACP2,-0.558634549,0.006467986
LOC728730,-0.558174739,0.010108716
MGAT4C,-0.557294332,0.029265498
DCT,-0.556471754,0.029933466
ARHGEF9,-0.554552563,0.045421001
RPL41,-0.554499156,0.048263389
TCEAL2,-0.554496798,0.01480513
ACADSB,-0.552355375,0.014560754
VAMP2,-0.551961404,0.045099044
SSSCA1,-0.550300767,0.014861135
WBP2,-0.55026787,0.001258231
DRP2,-0.549780723,0.048022572
USP5,-0.547449981,0.029933466
CHL1,-0.54719643,0.042586434
DMXL2,-0.547192349,0.042093771
PIGZ,-0.547039325,0.011944408
BMPER,-0.54619095,0.043136248
CPNE5,-0.546118634,0.047918045
ETS2,-0.545839135,0.000333062
BCAS2,-0.544655085,0.01811157
CBR3,-0.54462026,0.016826315
FAM86C1,-0.544506113,0.038359526
EIF5AL1,-0.543980277,0.013996132
PGAM1,-0.543730252,0.023855206
STMN3,-0.543204031,0.015546849
CFAP69,-0.541077913,0.03943813
PRPF19,-0.540371369,0.018252998
CCDC58,-0.539625936,0.03128406
ZNF214,-0.539499692,0.027964583
TMEM169,-0.539300966,0.006228717
PRKACA,-0.538304686,0.000541861
MPPED2,-0.537721389,0.008910094
DHRS7B,-0.536848122,0.000999815
PARK2,-0.536698614,0.0385831
DPH2,-0.536487503,0.001413129
MDH2,-0.536377107,0.021092398
RASGRF1,-0.535636071,0.035682223
MBNL1-AS1,-0.535124442,0.018362327
CROT,-0.533720358,0.004618593
SLC16A14,-0.533361332,0.0202252
TMX4,-0.532721959,0.025877045
NAPA,-0.532041214,0.013557951
PDE7B,-0.531569404,0.043137441
TASP1,-0.531483446,0.001413129
SORCS3,-0.531344147,0.005251112
DCHS2,-0.531330162,0.039581153
PEX7,-0.530570254,0.039036254
C16orf87,-0.530470085,0.012723143
BRF2,-0.530342665,0.047159721
CRMP1,-0.53032562,0.017427794
MRPL55,-0.530199467,0.025514177
ALDOA,-0.529203332,0.041684709
GLUD2,-0.528170999,0.004863871
EOGT,-0.527708551,0.012819838
GRIA2,-0.526908171,0.040180095
NIPSNAP1,-0.526615181,0.004960927
CES2,-0.526612363,0.007246547
LINC01521,-0.525095546,0.032325581
FBXO16,-0.524709008,0.041469466
ARF3,-0.524404822,0.009486475
GPC6,-0.522816874,0.013135485
COPS4,-0.522709128,0.046272723
MED29,-0.522698353,0.000206478
BDH1,-0.522504424,0.003162926
SUSD4,-0.522427265,0.047522686
RFTN1,-0.522149307,0.018499753
GLUD1,-0.521835949,0.021354508
PRDX2,-0.520421219,0.006546298
UBE2MP1,-0.520056926,0.007135547
MAGED1,-0.51969068,0.042616261
RSPH1,-0.519219125,0.025532042
FAM133A,-0.518568122,0.04988609
CCDC191,-0.515449404,0.011727682
PREP,-0.513297754,0.019397123
GOLT1B,-0.513240444,0.04929825
ATP13A2,-0.511110283,0.017460328
LRRC8B,-0.509775255,0.021104604
AGT,-0.509650047,0.042624186
FNDC4,-0.509089825,0.021833271
FBXO36,-0.5086783,0.045124398
UNC80,-0.508462893,0.01263863
GPC1,-0.508247007,0.011954756
EFHD2,-0.507731211,0.048370336
AHCYL1,-0.507612214,0.038759865
PDE4A,-0.506130449,0.026331408
MAPRE3,-0.506090535,0.040738407
PYGB,-0.505164954,0.002528276
EML6,-0.505005577,0.00643105
IL1RAP,-0.504740598,0.026543249
NCBP2-AS2,-0.503245698,0.033959645
LMO7,-0.499910081,0.032038396
LOC101928433,-0.497975654,0.031338654
NAT6,-0.497422122,0.040013948
MCM6,-0.496745618,0.02541267
Mar-02,-0.494911727,0.016642673
OPA1,-0.49244302,0.04488915
PCDH1,-0.490895176,0.015847548
COPG1,-0.490216507,0.035811785
CMPK2,-0.489518379,0.032616806
SLC8A3,-0.489441848,0.01549022
TMX3,-0.489405762,0.034226214
NARS,-0.489359195,0.023855206
DTD1,-0.48780578,0.03910024
RASAL2,-0.487577341,0.008793143
LANCL2,-0.486325974,0.019081322
PYCRL,-0.485775013,0.028963054
LGMN,-0.485613008,0.027802879
PFKM,-0.485082521,0.032323971
SH2D3C,-0.482666871,0.034062274
RNFT2,-0.480535035,0.007041647
GLO1,-0.478613293,0.042378549
SGIP1,-0.47742234,0.020411874
EMD,-0.47735316,0.003405195
KCNIP1,-0.47642511,0.044653347
BRINP2,-0.47597895,0.040037279
RAB11A,-0.475649368,0.043189264
BOLA3,-0.474026665,0.024621595
LOC100126784,-0.473779758,0.027273293
LOC105369438,-0.473435224,0.049292367
LRP12,-0.473191118,0.018006263
ZRANB3,-0.472817395,0.009545349
MRPL2,-0.472499096,0.002650233
TIMM23,-0.472348636,0.033798661
LMBRD2,-0.470657068,0.049286431
NDUFV2,-0.470598246,0.049260569
PSMB2,-0.47038342,0.020654744
ARF1,-0.469791706,0.005920704
ST6GAL2,-0.468346976,0.033959645
ALDH5A1,-0.465934785,0.003321212
CDC37,-0.464509121,0.018799807
REEP6,-0.464073012,0.029933466
DHX58,-0.463841729,0.024670422
SLC9A1,-0.462724606,0.049625859
NUCB1,-0.459935317,0.031716487
EID1,-0.458291812,0.04712605
CSMD1,-0.457642794,0.02905568
C16orf58,-0.457296151,0.027300726
ZNF710,-0.455316381,0.041249274
RMRP,-0.454504767,0.049601192
ACO2,-0.454477982,0.000668741
KIF1BP,-0.45372942,0.022734061
IDH3G,-0.453696222,0.013244178
PARP2,-0.452772948,0.047266057
ME3,-0.451108024,0.020117457
ZMAT2,-0.451093736,0.02633863
ENY2,-0.450625451,0.042084513
PMS2,-0.45033671,0.005920704
DDB1,-0.449768706,0.003443556
OSCP1,-0.44955572,0.030687569
MAK16,-0.449378025,0.031338654
FAM149A,-0.448003987,0.033410041
APEX1,-0.447030361,0.024752827
ZNF711,-0.446060098,0.046529876
GABBR1,-0.444232423,0.018499753
COG1,-0.444175358,0.002112614
APLP2,-0.444130156,0.014666999
LOC730098,-0.444129514,0.006814657
HGSNAT,-0.443861007,0.037612415
NEU3,-0.442520184,0.022410939
ANAPC13,-0.441571042,0.021155894
XRCC6,-0.440035167,0.03562583
CHP1,-0.437610904,0.006442266
PDZD11,-0.437593029,0.043607615
LETMD1,-0.437467479,0.015192028
CHCHD2,-0.436901711,0.03270617
TIMM10,-0.436802173,0.022745493
HMCES,-0.436567512,0.027795195
LAPTM4B,-0.435878565,0.036012371
ATP5F1,-0.435753031,0.027741785
SLC25A3,-0.433980491,0.015164477
NLN,-0.433875614,0.042183457
SLC4A1AP,-0.433103031,0.045704564
C11orf1,-0.431028886,0.0295771
PCDHB19P,-0.430930281,0.04812705
GAPDH,-0.430571816,0.019876613
PSMD12,-0.429954924,0.04433623
FRS3,-0.429366543,0.036140606
SEC24D,-0.428882458,0.023023893
PPFIA2,-0.428765186,0.04646301
ALKBH6,-0.42850733,0.025532042
ATP6V0A1,-0.428290401,0.038997001
TM2D2,-0.428029727,0.027099792
CHMP1B,-0.427971143,0.027296816
PLAA,-0.426233781,0.017070542
UPP1,-0.425102958,0.044929253
FBXO9,-0.42442299,0.00809577
CFL1,-0.422507322,0.042212673
ITPA,-0.421167,0.01549022
UQCRC2,-0.419428539,0.014874418
SLC25A5,-0.419375484,0.002678835
PRKAG1,-0.417093769,0.005920704
TUBG1,-0.41656762,0.016207589
CDC40,-0.416557189,0.037943967
MMP24-AS1,-0.416472691,0.022639945
CDC123,-0.41593933,0.019104911
WDR46,-0.412645049,0.021933767
MRPS21,-0.412466797,0.028738268
ANP32E,-0.412053126,0.028035426
PSMD1,-0.411027036,0.042183457
WDR61,-0.409303742,0.049907025
DNASE1L1,-0.405944975,0.021978188
ENO1,-0.405768586,0.018716271
CD99L2,-0.405234428,0.049075396
TWISTNB,-0.404488939,0.039479238
DCTN2,-0.40374056,0.04114259
ACLY,-0.403616662,0.029544902
MROH8,-0.403148381,0.049702957
TRIM35,-0.402956986,0.033646047
CHMP4B,-0.402676087,0.013557951
EIF4H,-0.40133932,0.012631251
C12orf10,-0.400065181,0.034470967
EDF1,-0.39971372,0.002630376
ARPC3,-0.399195748,0.043136248
ABI2,-0.398629198,0.032268502
SARS2,-0.398094587,0.049702957
ARHGDIA,-0.397860062,0.036997611
PYM1,-0.397119538,0.018534858
BBS4,-0.396876602,0.024965871
ZNF10,-0.395931152,0.026483826
MCCC2,-0.393714719,0.043607615
MANBAL,-0.392692618,0.004263378
FKBP9,-0.392692282,0.022193076
PFDN2,-0.391879558,0.049702957
PCDHB18P,-0.390712569,0.032616806
MANSC1,-0.390253813,0.049702957
GTF2H3,-0.390076631,0.003576179
C19orf70,-0.390065996,0.039312437
NRCAM,-0.389017844,0.015034045
ESYT1,-0.388883904,0.005748159
TXN,-0.387014076,0.037957113
SLC35B1,-0.387001019,0.044669108
EIF2S1,-0.386639683,0.042320474
VPS25,-0.386060842,0.030234209
MEA1,-0.385605911,0.045058259
MRPS18A,-0.385566173,0.003878565
ZCCHC17,-0.385310466,0.016642673
MED19,-0.384970158,0.009338556
OSBPL3,-0.384793082,0.044477985
COX8A,-0.384356101,0.000407662
RAB5A,-0.383583422,0.040668663
IQCH-AS1,-0.383466679,0.034725806
CCDC115,-0.382066065,0.036669581
RAB5C,-0.381621784,0.003751946
GPATCH2,-0.381466295,0.021136894
ETV5,-0.381267145,0.040334415
RNF181,-0.381184863,0.028649811
PITPNA,-0.380083985,0.004263378
PRDM2,-0.378879672,0.001493429
GRINA,-0.378386468,0.024965871
HMGB2,-0.376390809,0.035919875
VPS33B,-0.375702031,0.025514177
MTFMT,-0.375170066,0.046282736
DDOST,-0.374911145,0.014861135
OXA1L,-0.373419374,0.049292367
RMND1,-0.373325214,0.019909206
TSFM,-0.372097942,0.020979591
ASTN1,-0.371996924,0.039485181
SLC35A2,-0.37122884,0.049947044
PHB2,-0.368200774,0.008063597
PGAP3,-0.364485723,0.040874949
MRPL30,-0.363955091,0.030139243
ALYREF,-0.362920204,0.044260925
MTHFD1,-0.361345909,0.008954138
VPS11,-0.360972747,0.002804957
NDUFS1,-0.359920667,0.047586902
WBP11,-0.359304918,0.024965871
PRPF4,-0.358839362,0.007646574
POLR3A,-0.358768922,0.036423323
LRP8,-0.358500736,0.017853837
ST3GAL3,-0.35714746,0.015695397
DDX41,-0.35579832,0.046400862
XXYLT1,-0.355325029,0.027790299
PPT1,-0.354481905,0.03460683
SLC25A11,-0.354183906,0.046348478
IMMT,-0.353658441,0.042297992
DNAJC30,-0.35345778,0.029308204
PRMT9,-0.351966557,0.039348535
TPM3,-0.349792838,0.028316732
TUBG2,-0.348565403,0.026211273
SPIN3,-0.347977469,0.023855206
DNTTIP1,-0.346611044,0.021994433
NDUFA6,-0.346397834,0.040748176
EMC7,-0.346033324,0.04612272
NHP2,-0.345556255,0.015192028
C12orf49,-0.344622433,0.024621595
PNPO,-0.34291397,0.005824729
RNF25,-0.340687865,0.02590087
TMEM231,-0.340445619,0.021845143
ECHS1,-0.338899876,0.020117457
EXT1,-0.338791354,0.012631251
PRC1,-0.337942342,0.041573748
CRAT,-0.336865058,0.014060735
CAPN5,-0.336809796,0.03563635
MAP3K13,-0.336398812,0.017510339
DHX57,-0.336180995,0.049192802
HDDC3,-0.335757997,0.047159721
MYSM1,-0.33538531,0.024965871
DDHD1,-0.334694023,0.00429604
TXNDC12,-0.333902735,0.042372071
SF3B4,-0.333423385,0.045016751
CLPTM1,-0.332582813,0.037631234
CS,-0.330850102,0.037739092
YTHDF2,-0.330822564,0.034702655
BCKDHA,-0.330363805,0.048847334
SAMM50,-0.329758559,0.006893064
PCNX2,-0.329443884,0.026331408
DHX35,-0.32903405,0.016662311
MECR,-0.327636277,0.020867839
LDHB,-0.325548245,0.042394779
CSTF2,-0.324816745,0.018628247
UBAP2L,-0.322430674,0.002787026
SLC38A7,-0.320492609,0.039503398
NOP58,-0.319928032,0.044204752
MRPS25,-0.319782117,0.040171463
LDB1,-0.316998733,0.006197666
TCEAL4,-0.316430998,0.018252998
EIF5A,-0.314544915,0.014860085
ACOX1,-0.314083143,0.006511713
BBS5,-0.31259886,0.019393075
RABEPK,-0.310732685,0.016696537
CRIM1,-0.30681072,0.049702957
SLC25A44,-0.306746433,0.038759865
GBF1,-0.303022492,0.012610625
PIGS,-0.30216402,0.01694207
HMG20A,-0.300385978,0.024670422
TRIM9,-0.297291675,0.007041647
TCERG1,-0.296462519,0.043594326
TMEM222,-0.294273388,0.036235819
NICN1,-0.293894203,0.049874374
DNAJC11,-0.292280754,0.032945275
IVD,-0.291099906,0.003425997
TXN2,-0.287441899,0.003887182
PRKAB1,-0.287174309,0.035826462
RAB35,-0.283461757,0.03943813
RRP36,-0.282930918,0.013945412
EDEM1,-0.281942516,0.018293669
POLR2E,-0.280098215,0.014461255
ABHD2,-0.277668613,0.008014509
RGP1,-0.274684333,0.049292367
CEP68,-0.274273022,0.041116587
OSBP,-0.270682683,0.043607615
SRPRA,-0.269676856,0.017081546
UTP3,-0.269320832,0.04488915
HIVEP2,-0.268631269,0.048370336
SORL1,-0.268490529,0.044322922
MARCKS,-0.267793948,0.046282736
TUFM,-0.265713368,0.039581153
ALDH18A1,-0.265666045,0.021967997
TM9SF4,-0.256144366,0.005920704
PTPRA,-0.248285684,0.041233725
CCNYL1,-0.246445108,0.04988609
VIPAS39,-0.243348398,0.041326478
RNF4,-0.220821793,0.03943813
TOX4,-0.219956638,0.033004559
RABGEF1,-0.207881082,0.019076611
FAF2,-0.187738609,0.037631234
CTDNEP1,0.163165044,0.046135479
CDK13,0.165429227,0.027741785
CBFA2T2,0.166010417,0.044030088
OSBPL2,0.183620088,0.036197238
HNRNPH1,0.206304829,0.043731156
NCOA6,0.223046098,0.020117457
SEC22C,0.225318899,0.047266057
EP300,0.229500564,0.019681338
ILK,0.233054648,0.020401077
LCOR,0.240097861,0.017290057
INTS6,0.242643537,0.047586902
PACSIN2,0.243002466,0.043116031
MAF1,0.24369591,0.03413621
AKT1S1,0.246976624,0.038556671
EDC3,0.252044817,0.046135479
SNX27,0.255275599,0.014666999
ZBTB2,0.258273865,0.039645403
FBXO18,0.259742611,0.002732606
KIAA2026,0.270413314,0.047586902
FAM193A,0.273479023,0.044477985
DFFA,0.273693114,0.047894143
STX2,0.273881573,0.034725806
TRRAP,0.277876887,0.014407417
ZNF81,0.280065761,0.019436989
MRPS5,0.282202381,0.011749177
PGS1,0.284590774,0.018698475
PPP4R3A,0.28481793,0.011994609
SMPD4,0.285790166,0.036728908
AGO3,0.287924959,0.033798661
STX16,0.290673704,0.03143921
MSL2,0.290673972,0.002459576
GRB10,0.290814431,0.021792671
HUS1,0.294230667,0.046988807
REV1,0.297365746,0.033237821
KCTD7,0.29771224,0.012745386
HDGF,0.302791207,0.049702957
TAF8,0.303276463,0.020664012
TRIM52,0.303312542,0.028738268
ZBED4,0.305363773,0.028159209
ZNF793,0.305986848,0.045099044
ZNF417,0.30678582,0.026081895
PTPN21,0.307274222,0.038385738
TMEM120A,0.309245209,0.0373814
ZNF607,0.309427208,0.031776842
ATPAF2,0.31025043,0.047138635
UMPS,0.310848682,0.033004559
EGLN1,0.311409739,0.002840501
SFT2D3,0.311990438,0.04516611
RALBP1,0.312909437,0.028500653
RNF114,0.31394941,0.025532042
DIDO1,0.314489588,0.048370336
NSD1,0.314638432,0.001258974
EXOG,0.316893158,0.029065548
DNAJC9,0.317273385,0.043995657
SMC1A,0.318738352,0.037054819
ZNF853,0.320082529,0.020221615
TRIM4,0.321092815,0.019750382
BTBD7,0.321273142,0.018749914
ZXDC,0.321567627,0.001210306
SPEN,0.321587798,0.039727881
TRNAU1AP,0.324175423,0.00803859
GNAZ,0.325148085,0.032945275
ILKAP,0.326628836,0.040853974
GTF3C5,0.327481624,0.044266275
PHF21A,0.328169794,0.039503398
CALCOCO1,0.328407761,0.009342316
CYB5RL,0.328558993,0.021633468
CARS2,0.328611287,0.015192028
DDX56,0.32926868,0.037210273
OTUD4,0.33025811,0.01388833
LZTR1,0.332279027,0.029933466
KEAP1,0.332891527,0.01148953
UPF2,0.334480865,0.020117457
ZMYND8,0.334625148,0.039671904
PDS5A,0.335493134,0.019275443
UNC119B,0.339620459,0.046299649
SH3YL1,0.339957579,0.000452772
CERS4,0.341226023,0.020117457
CKMT2-AS1,0.341390038,0.04240147
ASCC1,0.341442216,0.018021138
METTL16,0.341521464,0.046529876
GPS2,0.342364791,0.032945275
MED11,0.343581948,0.045332703
DGCR8,0.34607646,0.046981616
RBM17,0.346247949,0.010437194
RELA,0.346917905,0.047159721
RAF1,0.347861249,1.06E-05
OFD1,0.349747393,0.048571035
CREBBP,0.352522334,0.017296776
DONSON,0.354326653,0.037943967
SCAND2P,0.354913426,0.046282736
WDR59,0.358928958,0.03000167
HNRNPH3,0.359185667,0.043116031
ZNF234,0.361008259,0.006442266
MAP2K3,0.361359233,0.034277818
PCMTD2,0.362115179,0.013244178
ZNF32,0.363931634,0.044854772
PKNOX1,0.364525915,0.025138137
CEP104,0.366236224,0.028316732
ZNF592,0.3671232,0.003321212
ZBTB34,0.368502042,0.00395281
VSTM4,0.369142148,0.049410752
AGAP1,0.37032698,0.003761265
ZC3H11A,0.372283736,0.007295015
PCF11,0.372886989,0.00643105
INSR,0.374022836,0.003382211
PER1,0.375475893,0.048256597
ZNF785,0.376995228,0.028754256
ARRDC1-AS1,0.377235841,0.039581153
INVS,0.378491082,0.002143648
POLDIP3,0.383391214,0.002680234
PSPH,0.383738936,0.017217063
CIPC,0.385016852,0.004551524
POMT2,0.385808054,0.041462698
ZNF345,0.386181472,0.043113546
NFKB1,0.386285693,0.005782152
ORAOV1,0.386716378,0.041690354
SLC35E2B,0.387157363,0.049874374
MGA,0.387696144,0.018518478
RRNAD1,0.38858282,0.014786157
EHMT1,0.388928565,0.036702385
DEK,0.389119984,0.0118001
LOC440434,0.389556908,0.008921779
RNF144A,0.390161456,0.024913104
SPG20,0.392014635,0.038205705
PCED1A,0.39307864,0.027741534
ROCK1,0.394487811,0.039513201
MICAL3,0.394828272,0.023372703
HECA,0.394992203,0.034722706
JTB,0.396796671,0.018950323
DCLRE1C,0.397037833,0.002346219
COLGALT1,0.397490365,0.014667896
USP21,0.397501767,0.017855699
POLR3H,0.397742471,0.014070754
SAMD1,0.398411112,0.042236259
RNF169,0.398789656,0.001615448
A1BG,0.400652874,0.023855206
KIAA1147,0.401610809,0.025503653
NUP188,0.402175013,0.003597779
ZNF613,0.403255226,0.019985397
MSANTD2,0.404583062,0.043607615
RALGAPA2,0.405165961,0.005920704
SAP30L,0.407052123,0.009583629
ZNF790,0.408126791,0.003889399
THUMPD3-AS1,0.408496066,0.038395043
NXF1,0.410635195,0.019585506
SLC22A23,0.415237632,0.032722866
ALG12,0.415415819,0.011954756
ING5,0.416550184,0.017070542
RBM6,0.417389998,0.021648039
KTN1,0.419983915,0.040768938
PPP1CC,0.420891095,0.024965871
ICE2,0.422306274,0.047159721
ZNF524,0.42433504,0.016441233
PEX6,0.425580959,0.024640596
GABPB2,0.426218862,0.036169372
CDH20,0.426404356,0.038060955
SMG5,0.427337322,0.000454829
SNHG3,0.428340445,0.014666999
ZBTB44,0.429124711,0.003414715
TRMT10B,0.42977255,0.011381795
SRGAP1,0.430115364,0.034178224
SMG9,0.430310056,0.000206478
ZHX3,0.430421272,0.026453336
RMND5A,0.430905671,0.046282736
MAX,0.432829808,0.004314546
ZNF143,0.434858289,0.039581153
AUP1,0.435388565,0.002930971
ITPRIP,0.43555492,0.04988609
SNORA57,0.436012194,0.013268988
ZNF30,0.436064126,0.046565562
INTS8,0.437400865,0.037129109
BRWD3,0.439238768,0.016207589
FBXL7,0.439554437,0.033741326
ZNF561-AS1,0.445323017,0.031911391
HBP1,0.445616294,0.013135485
TRIM8,0.446638039,0.011766387
ZNF431,0.44684585,0.015134767
ZBTB1,0.446989551,0.014667896
MOB3A,0.448126618,0.029970081
NAA16,0.448856463,0.008921779
SPOUT1,0.451245106,0.006317564
ZFYVE19,0.451548706,0.001252649
TAF3,0.451972596,0.002967141
RPL19P12,0.453404244,0.017296776
UBIAD1,0.454536787,0.000369547
UBXN2A,0.454944426,0.011228139
TRPM7,0.454953332,0.007062105
ZNF768,0.455924273,0.022691153
ZNF271P,0.456123182,0.019436989
IRF2BP2,0.456695857,0.01001498
MOB3C,0.459506039,0.021967997
PNPT1,0.460142054,0.018683558
SIRT1,0.461626373,0.001413129
KCTD11,0.463687594,0.039671904
CTBP2,0.464019346,0.006869004
RAB29,0.464304879,0.017738142
BMI1,0.464496364,0.018698475
ANKZF1,0.466214434,0.033481957
SGF29,0.466702703,0.003381272
RGL2,0.466928066,0.035757857
ZNF394,0.467191468,0.020654744
CABYR,0.467605338,0.00106555
AVEN,0.468411122,0.001458334
C21orf58,0.468956232,0.046299649
DDX39A,0.469676958,0.046078916
ELMOD3,0.471646202,0.016207589
MCM3AP-AS1,0.472190837,0.028847792
ARHGAP17,0.473216831,0.032323971
FOXN3,0.474330624,0.00967134
ZCCHC8,0.474349964,0.003752232
SLC26A6,0.474587981,0.026372242
PPP4R2,0.474803246,0.000843361
STK38,0.475192034,0.008921779
MUTYH,0.475272627,0.049292367
NHEJ1,0.475416126,0.014667896
KANSL1L,0.47698176,0.023023893
HP1BP3,0.477072714,2.46E-05
STAG1,0.477199762,0.013557951
AXIN1,0.477729371,0.015485154
FANCE,0.478037194,0.025924587
DUSP18,0.478733823,0.014707608
TFDP2,0.479179403,0.000843361
CCDC142,0.481211542,0.025360653
PPM1D,0.481469552,0.01165261
CCDC69,0.48179774,0.049601192
CARHSP1,0.481842521,0.036012371
SYS1,0.483807303,6.95E-05
POLA1,0.485321161,0.043482948
ZNF202,0.485455283,0.002741905
LOC644285,0.488674133,0.032504843
CAPN2,0.490415567,0.007646574
SYT9,0.490480217,0.016984065
SALL1,0.490523638,0.040487289
POLN,0.493498983,0.031254023
TAZ,0.494875988,0.006568559
LIPT1,0.495053665,0.016207589
MAPKAPK2,0.496313891,0.03301185
FCHSD2,0.497100851,0.044477985
RHOQ,0.498032647,0.040768938
CDK2AP2,0.498154155,0.019076611
XKR8,0.498585934,0.00079673
COX19,0.498718174,0.008987169
HDAC4,0.49914942,0.001384511
FAM13B,0.499874309,0.016207589
LINC01355,0.50005612,0.018362327
PAOX,0.501214865,0.029077156
ZFHX2,0.501311794,0.047266057
LOC150776,0.501933272,0.024596183
TMCC2,0.507139571,0.003801374
TUBD1,0.509083715,0.026953702
NCOA5,0.511135119,0.015546849
LINC01089,0.512132027,0.035724631
ABCD4,0.513504643,0.002013428
ATP1A1-AS1,0.51392297,0.039066844
EEF1D,0.514194544,0.023567887
CYP20A1,0.515305647,0.036978878
PWWP2A,0.515499235,0.033952593
FLJ37453,0.515770628,0.003306932
RXRA,0.516807288,0.029065548
IKBKB,0.516947763,0.014786157
MAVS,0.518366143,0.008491297
CCDC146,0.519238143,0.034036233
ZNF761,0.520813546,0.032325581
FAM173B,0.521897227,0.024913104
ATF4,0.522134387,0.019275443
TRPV3,0.522626504,0.030478139
LRP4,0.522661277,0.033263377
ZBTB16,0.523805015,0.000455109
HCG8,0.525228503,0.043448515
CLK1,0.525569228,0.006234082
ZNF701,0.52815721,0.015535826
ZNF704,0.528209711,0.021354508
PXDC1,0.529730905,0.046734879
MXI1,0.531556029,0.016220157
ITPKB,0.53188997,0.03943813
LINC-PINT,0.531989795,0.006292717
NBPF15,0.532007981,0.00620428
NACC2,0.533702144,0.013557951
ZBTB40,0.535344656,0.000559923
EFCAB2,0.5357144,0.027741534
PAPOLA,0.537819524,0.039503398
ZNF137P,0.53816605,0.029933466
ZNF814,0.538639065,0.026412142
FBXO5,0.539159251,0.039557436
GKAP1,0.539282845,0.001956671
PDE4DIP,0.539336192,0.002320106
CTDSP2,0.539527629,0.001823232
LOC100996724,0.540147444,0.015134767
CERS1,0.54085108,0.029065548
CLN3,0.54199646,0.000547293
N4BP2L2-IT2,0.542833634,0.000843361
CCDC117,0.543221317,0.004624905
SMAD4,0.54382128,0.000353645
TSC22D3,0.543924248,0.001088141
ATM,0.544513439,0.041690354
FYCO1,0.545642849,0.040645008
TCF12,0.548372532,0.049702957
LINC01176,0.548871862,0.023009337
SASS6,0.549335057,0.046391431
TMEM14EP,0.550447975,0.009095578
ID3,0.55235999,0.039581153
LATS2,0.553137106,0.04712605
CARD8,0.553401891,0.007274465
ZNF565,0.553724854,0.0098038
CC2D1B,0.555168579,0.013996132
PCBP1-AS1,0.556002021,0.004559442
DGKD,0.55613645,0.045010436
PGPEP1,0.556353366,0.017927159
SPECC1L,0.558293353,0.004327228
CORIN,0.559190535,0.034650415
PLEKHA7,0.560236813,0.042236259
HEXDC,0.561300369,0.020117457
ZNF850,0.561489595,0.0166428
LOC646762,0.561663478,0.008918288
DNASE1,0.561757448,0.04534002
BANP,0.56221448,0.03270617
PLCG1,0.562521311,0.009090606
UCKL1,0.562773666,0.036012371
TIMELESS,0.562978494,0.005778023
SH2D4A,0.563788215,0.020150915
CALML4,0.564173443,0.02586332
RBM38,0.565463079,0.005361223
LOC644656,0.566001098,0.013050902
ITGB8,0.566340457,0.031716487
MINOS1P1,0.567391099,0.000944156
ZC3H12C,0.567747947,0.003162926
MTFR1,0.567833658,0.033410041
KIF13A,0.56840553,0.01847522
MXD4,0.568751244,0.015639442
DFFB,0.568823343,0.000155681
TOP3B,0.569047581,0.005268473
TDRD6,0.56986701,0.038759865
PPP2R1B,0.56991299,0.006999311
ZBTB12,0.56993827,0.013058369
NFATC1,0.570164614,0.042228895
PROCA1,0.572098369,0.046529876
LOC100128288,0.572230231,0.017070542
TRAF3IP2-AS1,0.57343789,3.24E-05
MRPL45P2,0.57411251,0.017758071
CDK2AP1,0.574371238,0.006442266
COBL,0.574572812,0.009662326
JAKMIP3,0.576267763,0.029978586
LOC728989,0.576589807,0.006825135
USP31,0.57731472,0.000356384
RBM48,0.578440503,0.00029793
CSRP1,0.581107654,0.017055193
LOXL3,0.581232492,0.008921779
LOC401261,0.582946539,0.032616806
KMT2E-AS1,0.583164663,0.013620812
PSMD6-AS2,0.583511786,0.025404995
ITGB5,0.587265853,0.023403117
SCUBE3,0.588033667,0.012542473
ZNF252P-AS1,0.589075789,0.041462698
TEP1,0.589154361,0.008921779
IKZF2,0.589864965,0.040853974
ARAP1,0.591738438,0.002428728
CDT1,0.591777582,0.046082506
PELI2,0.593055865,0.016673138
ZBED8,0.593771039,0.018698475
HRH3,0.594253765,0.046529876
TTC31,0.594550565,0.005718582
KIAA0930,0.594844283,0.032323971
BRD7P3,0.598714363,0.040191658
DDTL,0.600277432,0.017510339
RNF130,0.600554783,0.013425299
GMPR,0.60182866,0.027221455
RNASEH2C,0.601849112,0.000129808
LRIG3,0.602233513,0.042504436
BCAR3,0.603885032,0.028388319
ABCG1,0.604001552,0.009501392
CEP152,0.604213611,0.0166428
FBXO32,0.60820613,0.045124398
ARHGEF10,0.608670885,0.035097187
ASPRV1,0.609682678,0.021990685
ZCWPW1,0.610154305,0.040865936
ANAPC16,0.612003902,1.07E-05
PLOD1,0.61469267,0.0166428
MST1,0.615517221,0.038395043
EBF4,0.617432372,0.03943813
LINC01315,0.617670813,0.048868338
TP53I3,0.619684775,0.009662326
DKFZP434H168,0.62062703,0.022676307
SASH1,0.620986264,0.005096086
WHAMMP1,0.622327559,0.026483826
MCMDC2,0.623181478,0.017257727
CRIP3,0.623342684,0.044682728
CTAGE7P,0.624365101,0.009192206
TMEM265,0.624891427,0.004417157
SWSAP1,0.6257272,0.04646301
RAD52,0.626800498,0.000155945
TRIM16,0.62688437,0.004263378
CASC3,0.627530662,0.006505677
ZNF69,0.628230731,0.023023893
CMTM1,0.629146228,0.009830561
C3orf62,0.63116811,0.009985799
LOC105370333,0.631301602,0.049040493
LINC01004,0.632878488,0.004624905
DNAJB6,0.634239368,0.016727649
KCNMB3,0.637141482,0.023372703
MCM8,0.639338045,0.024596183
LSS,0.639346281,0.013871843
HAUS5,0.64093881,0.007895601
BEND7,0.642485053,0.025948828
C15orf52,0.643076639,0.048509769
ZNF765,0.643276005,0.04552423
Mar-08,0.643306439,0.002432183
KPTN,0.643411354,0.015916731
XRCC3,0.644772782,0.031029102
KIAA1958,0.645619169,0.001210306
LOC100652758,0.647019631,0.025263906
LRP5L,0.64792308,0.04209074
IRAK2,0.650849774,0.026911811
RBL1,0.651881781,0.003284943
ZFAND4,0.652066023,0.019104911
POGK,0.65522284,0.000601473
RENBP,0.656863604,0.022611091
ARL6IP6,0.657660679,0.00015988
LOC101927550,0.658393057,0.020915044
WEE1,0.659011816,0.009252569
ZNF577,0.65974709,0.019275443
HSPB2,0.66267479,0.019718981
LOC100507487,0.66326382,0.046853997
LOC389765,0.663334706,0.008271526
SAMD4A,0.664993788,0.008921779
JUP,0.666594498,0.006577084
IL17RB,0.666996294,0.015192028
TMEM79,0.668464379,0.006864937
ZNF692,0.669841561,0.004624905
LYG1,0.671595654,0.021633468
FAM13A-AS1,0.672540734,0.001588109
ARHGEF16,0.672783814,0.032722866
SERHL2,0.67406323,0.021101927
GRM6,0.674896393,0.038205705
PLXNB1,0.675734352,0.006632448
CDKN2C,0.67587655,0.001754334
INTS6-AS1,0.679304281,0.005798015
TCP11L2,0.679783649,0.031254023
FAM63A,0.679818387,0.04488915
SLC39A11,0.680538634,0.002619024
NYNRIN,0.681251993,0.038264763
CA2,0.681427256,0.016120697
PIDD1,0.683845013,0.034277818
LHX4,0.685287839,0.012117582
KDELC1,0.68728033,0.001380551
ACACB,0.69222676,0.005920704
STARD10,0.693833852,8.54E-05
ZBED6,0.696604554,0.001210306
MORF4L2-AS1,0.698459827,0.015546849
SSBP3-AS1,0.698823166,0.00779843
CNTD1,0.700194581,0.046293115
SNRNP48,0.70207326,0.000382625
MEX3A,0.702164218,0.046078916
LOC100506384,0.702780936,0.031815966
TFEB,0.704543029,0.035682223
FZD9,0.705844201,0.010454815
QRICH2,0.707656561,0.038759865
CPT1B,0.707842791,0.049386881
ANO2,0.709771674,0.037039547
COL6A6,0.710983641,0.0118001
FLCN,0.711780147,0.001955441
OLFML1,0.713091739,0.04988609
NINL,0.714847857,0.020863726
CEP295NL,0.716259655,0.038759865
ITGA11,0.716717195,0.028405564
RASSF3,0.717131265,0.00363409
PLOD3,0.718284403,0.021146347
RTEL1,0.718550538,0.025532042
LOC101930370,0.718677679,0.004263378
CTHRC1,0.718706146,0.045124398
DHFR,0.718819114,0.018788021
RND2,0.721008428,0.008564862
LINC00260,0.721663567,0.018546217
LOC102723566,0.721864865,0.022691153
RGS9BP,0.722127277,0.025833833
ZNF788,0.722215449,0.022289239
LOC100506083,0.723164391,0.023129199
AHSA2,0.725761199,0.003807127
PRR25,0.725871547,0.025532042
CCNI2,0.726278179,0.009342316
NKD1,0.727011242,0.026483826
HOMER3,0.727788781,0.004624905
KANK2,0.72852512,0.009157275
GDF11,0.729847853,0.014707608
TIAF1,0.730731375,0.019597779
SNORA38B,0.731399188,0.02541267
LOC100996251,0.732844975,0.002155323
ZNF750,0.733206661,0.029878198
PCDHGA1,0.734476712,0.001210306
LINC01530,0.735400952,0.000206478
NFKBIA,0.738205778,1.65E-06
HSP90AB4P,0.738934616,0.009221579
ADIPOR2,0.739262545,0.04646301
CATSPERG,0.740160186,0.027741785
TPM3P9,0.741075059,0.014541511
CSF1,0.741088024,0.005333799
ABCC6,0.741840562,0.049947044
LOC101928324,0.742133376,0.043823931
TCTE3,0.743498667,0.000459332
RFTN2,0.743601748,0.015192028
PRR26,0.743953317,0.012616814
MTSS1L,0.744008435,0.004772284
PROC,0.744423444,0.004624905
PAN2,0.745143785,0.000433367
SHROOM1,0.746140753,0.022193076
CDH26,0.748378397,0.002532028
KRTCAP3,0.74876806,0.033091304
SNORD97,0.749497899,0.042372071
MPST,0.751072201,4.32E-06
CGN,0.751655959,0.041099023
PHF19,0.755304802,0.000872312
EDA,0.760068179,0.038385738
SMG1P7,0.766155646,0.013557951
LINC00539,0.766163203,0.031249157
JDP2,0.766933503,0.011216992
LIMD1,0.7669394,0.03835905
TLR5,0.767060694,0.049006271
TOB2,0.76714895,0.00029793
SH3GL1P1,0.767744852,0.018716271
RAPGEF3,0.769006748,0.006086715
ARHGAP11A,0.769395397,0.044539936
FMO5,0.76957149,0.003425997
C1orf226,0.769779925,1.54E-05
TRIP10,0.771567542,0.021467969
DLL1,0.772370564,0.04240147
BCAT2,0.773130933,0.002066436
CPQ,0.774476497,0.005920704
CNMD,0.774548389,0.006632448
CCDC144CP,0.777658212,0.00069628
JMJD6,0.778115627,0.025948828
LOC101927124,0.778203525,0.014892165
SLC25A25-AS1,0.780142337,0.004263378
POU5F1P4,0.781546283,0.031551908
CROCC,0.781852495,0.039004331
SLC17A9,0.782127505,0.020359089
SRPK3,0.784282419,0.040037279
SAMHD1,0.786722089,0.007041647
LOC100506860,0.787085791,0.001380551
EFHD1,0.789289803,0.046078916
SLC4A2,0.790086459,0.004990582
CTNS,0.790881787,0.000916612
ATOH8,0.796569436,0.007495396
LOC102723809,0.796748017,0.01165261
LMF1-AS1,0.798820143,0.008963519
EPPK1,0.811635905,0.016992716
LOC105371730,0.81875942,0.023503347
WSCD1,0.819250569,0.002621272
ANXA9,0.82125513,0.017070542
RBM14,0.822590597,0.001834321
LOC285847,0.822843789,0.024965871
TSSK3,0.823632914,0.010897481
ANP32A-IT1,0.823857848,0.002763066
SLC10A5,0.828161379,0.041573748
SPDYA,0.829019228,0.011766242
RGCC,0.830083464,0.000235945
CHST3,0.833235229,0.033237821
LOC100129917,0.833917234,0.002042831
HIST1H4B,0.834211529,0.026542086
VSX1,0.835430089,0.033091304
GLTP,0.835510271,0.027165211
LOC440390,0.839630553,0.030863333
LINC00222,0.842662973,0.007542955
ETV4,0.842939645,0.046356266
GYS2,0.844233736,0.024569875
GLTSCR2-AS1,0.84570548,0.027741534
ZNF488,0.845964897,0.031509292
DNA2,0.84885943,0.000229148
SLC47A2,0.850370513,0.003116436
PHACTR2-AS1,0.850743997,0.034346007
TSHR,0.850896339,0.034722706
LOC100506258,0.852245767,0.006732374
PPP3CB-AS1,0.853442651,0.026412142
LHX4-AS1,0.855692802,0.0004966
PRRG4,0.85853285,0.029065548
CDK11A,0.859688508,0.002378322
RAMP2-AS1,0.860050603,0.000376499
LOC101929718,0.860760151,0.023129199
EPN2-AS1,0.865124049,0.026584153
SPATC1,0.865496658,0.018252353
LOC401127,0.867997071,0.019278326
FAM118A,0.868301171,0.006043538
PRR34,0.871135484,0.007895601
LINC00910,0.872768509,0.015695397
LINC01094,0.874275113,0.046737892
LOC100134368,0.874614031,0.014105592
FAM84B,0.876218123,0.015192028
ADAT3,0.877133211,0.018057924
SPACA6,0.878383542,0.024589703
ITPK1-AS1,0.879606291,0.007135547
PLA2G4B,0.883363265,0.049702957
MLANA,0.883881308,0.005551272
AJUBA,0.883917466,0.007062105
TEKT2,0.884040836,0.000878774
ANKRD23,0.886740577,0.00069628
ZNF600,0.887488593,0.038759865
LYG2,0.888399752,0.042586434
CCDC160,0.890312916,0.016747344
TBX6,0.892959019,0.006416352
CAHM,0.89375442,0.008987169
SRRM5,0.894421899,0.034346272
LOC101929549,0.894751709,0.008681228
LOC100288637,0.894839592,0.021845143
LLGL2,0.896356353,0.014580158
LOC100130075,0.902322689,0.006546298
SLC25A48,0.904229383,0.004102591
PVRIG,0.904338158,0.008657063
LOC100505549,0.904472202,0.003930867
SPACA6P-AS,0.906594166,0.00523004
DNASE1L2,0.908327213,0.019985397
NRIP2,0.913071722,0.000872312
SUN2,0.916438719,0.007002669
ELN,0.917294043,0.040180095
RCC1,0.917985979,0.002206405
ARGFXP2,0.918275368,0.009830561
CCDC102A,0.920456173,0.006655903
BLID,0.920687939,0.034903193
HIP1,0.923200651,0.01388833
PKMYT1,0.927431906,0.019585506
MIR1250,0.927898853,0.029065548
JADE3,0.927931308,0.000856309
C21orf62,0.92798451,0.001309161
HPN,0.933929649,0.044897627
ZNF652,0.937647553,0.004624905
ADCY10P1,0.93900955,0.004660805
CLDN15,0.939892867,0.003084932
C9orf139,0.942275631,0.042586434
TUBB1,0.948350314,0.000687331
CCDC151,0.948929215,0.023855206
C1orf111,0.955163396,0.001486839
MAP4K4,0.959334218,0.045752974
DDIT4,0.959856744,0.003264761
FBXL19-AS1,0.967059295,0.001955441
LOC101929054,0.968366434,0.042040983
ITGA10,0.968496311,0.011954756
FAM19A4,0.972054951,0.040107599
SAP25,0.9769914,0.005565208
ANKRD37,0.981394909,0.029385944
EGFR-AS1,0.98277223,0.022826986
MIR3619,0.9848818,0.017976737
GJA9-MYCBP,0.985366219,0.006467986
LOC105371038,0.986111584,0.003597779
OLMALINC,0.987347823,0.004132136
LRRC1,0.988678982,0.004670016
P2RX7,0.989926042,3.26E-05
MIR324,0.990321333,0.044824584
COL8A2,0.991262532,0.013268988
CAPS,0.992436297,0.00097917
HSPB7,0.992766126,0.006825135
RPS10P7,0.994633652,0.010224377
ZBTB20-AS1,0.996362419,0.018534858
MIR5087,0.997088093,0.049874374
REP15,0.998108449,0.027717133
FAM106B,0.999130989,0.002547693
NUPR1,0.999461942,0.019373056
SH3PXD2A-AS1,1.00136457,0.024370216
MROH6,1.002392943,0.031897495
ERI3-IT1,1.005140922,5.72E-05
FZD7,1.005361803,0.047918045
MAN2A1,1.006638569,0.04488915
TLDC2,1.009321825,0.012238184
FAM222A,1.016595813,0.008323615
FKBP5,1.016800838,0.001174722
HCG9,1.01721918,0.035724631
SLC6A9,1.017855878,0.000367138
DOCK5,1.018984512,0.046282736
SGCA,1.019539871,0.017869691
ITPKB-IT1,1.022724621,0.014707608
SLC38A2,1.023618428,3.93E-06
PPFIBP2,1.028313595,0.002650233
SLED1,1.028344765,0.032168749
NRON,1.030659628,0.004132136
ASB9P1,1.032467354,0.025343907
NUP210L,1.033031205,0.045016751
PCA3,1.035694464,0.012485006
SLC26A5,1.037329998,0.039479238
CLMN,1.038503392,0.024621595
C10orf111,1.047339392,0.042183457
ABCA6,1.04878102,0.022692357
CLDN7,1.05061788,0.033798661
C16orf71,1.051353933,0.004863871
CHRNA5,1.057328827,0.042040983
LINC00926,1.059932623,0.044281142
CDK18,1.062756501,0.019189079
FAM95C,1.065713701,0.03943813
MYOT,1.066087641,0.011944408
PTOV1-AS2,1.066175987,0.001174722
TMC6,1.066559611,0.038704079
HILS1,1.067450047,0.01549022
CA3-AS1,1.067685005,0.004327228
MID1IP1,1.0682292,0.007047492
MAMDC4,1.068430972,0.02606426
MAGI1-AS1,1.073054046,0.024913104
PRKX,1.075447373,1.34E-06
IL16,1.077808186,0.042297992
LOC100130548,1.078781721,0.011733141
KIF1C,1.081474139,0.01847522
MCM7,1.081867486,0.014666999
WDR38,1.082514448,0.005361223
LOC283440,1.082856696,0.002392868
DNAH11,1.084263622,0.000610331
MC1R,1.086091224,0.000748541
CPM,1.091016374,0.000428368
FAM53B-AS1,1.093108187,0.001210306
ABCC2,1.094597709,0.001933049
RRAD,1.095961952,0.031254023
SLC5A3,1.096805801,0.006027346
LINC00638,1.098085751,0.003411589
MIR1914,1.105869206,0.033004559
TMPRSS5,1.106721525,0.021833271
CCNA2,1.107800317,0.000376499
SLC35G6,1.113195325,0.024913104
C6orf118,1.113486773,0.0002509
MGC16025,1.113584593,0.00082294
C16orf90,1.116908278,0.042624186
SPINT1,1.117222338,0.038359526
FOXO4,1.119703999,0.003479645
PRR34-AS1,1.120188049,0.003479839
LOC101928069,1.121220617,0.010437194
LINC01088,1.129964963,0.038759865
SH2D7,1.130558827,0.012526081
FZD10-AS1,1.131739256,0.038385738
SHISA2,1.13274185,0.033410041
FEZF1,1.13356562,0.046082506
SMTN,1.140341675,0.01035419
PLPP2,1.144966947,0.022193076
LMNTD1,1.146826256,0.046082506
KRT19,1.147356972,0.04712605
CLDN9,1.151061258,0.024326717
FAM222A-AS1,1.152679542,0.035724631
SAMD11,1.156753657,0.020117457
ATAD3C,1.158125177,0.002693195
UHRF1,1.162981559,0.003878565
BOK,1.164721418,0.015937425
ADORA2A-AS1,1.171145223,0.038964999
LGALS2,1.173061282,0.044266275
QDPR,1.179010948,0.005820606
KLF15,1.179022978,3.16E-12
STAB2,1.180232411,0.00532015
SIGLEC16,1.181548244,0.038424475
PRSS8,1.190775639,0.001973671
CEL,1.197499305,0.02445112
AMN,1.201477502,0.019275443
GAS2L3,1.207012096,1.65E-06
LOC101927043,1.208585087,0.0118001
HIF3A,1.209694413,0.002531002
FOXD2,1.213662574,0.038997001
ARRDC2,1.213705064,0.016680252
BCRP3,1.215718047,0.034346007
OVCH2,1.222227866,0.017217063
ALOX15B,1.224726896,0.015535826
LRRC46,1.227181534,0.007542955
NPFF,1.227838407,0.002531002
LINC00304,1.228014611,0.026481584
ERN2,1.230174323,0.049292367
TJP3,1.231524065,1.07E-05
LOC101927354,1.239386542,0.017078381
HPN-AS1,1.243143634,0.047586902
LOC149684,1.244125731,0.024849556
LOC101929754,1.257685103,0.031610946
LINC01561,1.261919351,0.005529605
CYP39A1,1.263379332,0.005032485
OVOL3,1.26670716,0.003342403
FANCB,1.272509012,0.015546849
MIR3139,1.277304197,0.014290989
DTHD1,1.282972823,0.020214191
BMP7-AS1,1.286231896,0.036271991
SLC45A3,1.289924648,0.049892503
SLC10A1,1.291781807,0.006825135
THRSP,1.29602729,0.005920704
SERPINF2,1.297324361,0.002007277
FEZF1-AS1,1.300284721,0.042297992
ACP7,1.305683128,0.048917911
LINC01108,1.312624066,0.019876613
SCGN,1.320278718,0.025948828
TNRC6C-AS1,1.325414596,0.003164577
MRGPRF,1.328786877,0.000713802
TFCP2L1,1.341107524,0.001676557
LDLRAP1,1.344752321,0.00803859
ITGB1BP2,1.345041329,0.002155323
MIR340,1.350578592,0.017514039
MIR6758,1.36353905,0.032722866
NEAT1,1.373618917,7.47E-05
LOC101929284,1.381328658,0.028432219
LMNTD2,1.388527476,0.009830561
LBX2,1.390589173,0.000802497
CLEC18B,1.396490108,0.038208621
SERTAD4-AS1,1.397192062,0.001413129
GIPR,1.399512993,0.016767073
LOC100505912,1.401014277,0.022193076
GNRH1,1.402792904,4.32E-06
S100A4,1.40705198,0.002732606
ADRA2B,1.408252701,0.000105902
LINC00601,1.409650913,0.035811785
CLCA4,1.410149262,0.023007519
RNF151,1.411814556,0.038964999
LOC441081,1.416274441,0.044669108
KRT8P41,1.416944919,0.03352666
MIR6717,1.420488293,0.003761881
ZNF341-AS1,1.425690092,0.009797968
ADAMTS2,1.428749859,0.00038393
AKR1C2,1.42920514,0.000167359
LCN6,1.434843771,0.029232482
LOC100506136,1.440591202,8.96E-05
SH2D6,1.447568378,0.00062722
NGFR,1.449427418,0.020823665
LAMB4,1.453657506,0.001316803
LINC00323,1.453674643,0.021792671
AZGP1,1.455109817,0.003734421
MIR194-2HG,1.455550533,0.049292367
C7orf61,1.474711372,0.000410045
LOC101928708,1.47508243,0.035919875
BOK-AS1,1.477594023,0.017985906
SLC23A3,1.498065555,0.010413709
LOC284933,1.504478244,0.014892165
CD177,1.508961593,0.043901623
ADORA2A,1.516339135,0.023567887
OLAH,1.529088576,0.006825135
STON1,1.531148895,0.007796828
C10orf62,1.542442051,0.002011294
OPTC,1.557341857,0.014254874
LOC100129316,1.561590996,0.000366078
LOC101927651,1.565169367,0.015956915
LOC102724596,1.568813095,2.98E-05
PROK2,1.571370294,0.015847548
MIR5690,1.575217315,0.002650233
LOC105377448,1.595125059,0.037240403
KIF19,1.606343564,0.007700415
CLEC18A,1.61183331,0.014429461
LINC01546,1.613939593,0.006546298
CXCR2,1.615238781,0.012624346
UCKL1-AS1,1.625763382,0.001602178
LINC00484,1.636237353,0.00090291
FAAHP1,1.637445961,0.000134722
SLC5A11,1.658558503,0.044669108
SH2D3A,1.660029348,0.001973671
LINC01445,1.673512058,0.015192028
HIST2H2BC,1.688543292,0.004794139
PKHD1L1,1.70801114,0.031415423
LOC102724484,1.716780723,0.019585506
FOXJ1,1.745130587,0.005565208
CXCR1,1.745966531,0.003752232
SNRPD2P2,1.768592627,0.018632279
LINC01338,1.778508109,0.000609637
GZMM,1.841609663,0.003479839
SERPINA5,1.867408339,0.003576179
GRK7,1.868429976,0.016747344
MIR4479,1.8904215,0.02062061
LINC01134,1.976602118,0.011341698
LINC00463,2.055362384,9.91E-05
SGO1,2.061923687,1.88E-05
LINC01068,2.072624612,0.012526081
GMNC,2.151642395,0.000764436
CYP4B1,2.157137251,0.000378076
OR7A5,2.181686306,0.013557951
NANOS2,2.213734146,0.025360653
LOC340090,2.394086852,0.032722866
MIA,2.502812601,0.027041133
NLRP4,2.657324184,0.035884878
LOC100507616,2.733595573,0.004981224
NPC1L1,3.296196643,0.000547293
IRX5,3.373160573,0.030384455
