"","P_0003","P_0006","P_0013","P_0014","P_0015","P_0016","P_0018","P_0019","P_0020","P_0021","P_0022","P_0023","P_0026","P_0027","P_0028","P_0029","P_0030","P_0031","P_0033","P_0012","P_0034","P_0063","P_0126","P_0130","P_0132","P_0133","P_0134","P_0135","P_0136"
"CLEC4F",2,1,5,0,0,2,0,7,8,0,4,21,1,13,1,1,4,11,0,2,0,4,1,7,2,3,22,1,0
"LINC00898",10,1,18,7,0,73,19,6,34,0,4,16,3,88,10,11,15,35,0,40,7,8,3,11,6,10,78,3,0
"LOC101929719",3,4,21,6,1,54,5,12,9,4,5,24,2,28,7,8,7,13,0,8,4,11,1,25,10,4,37,4,11
"MAS1",183,33,266,137,53,641,175,141,222,0,58,192,53,434,109,70,160,127,1,367,129,142,38,91,62,180,498,49,54
"SLC6A5",7,3,10,6,6,12,10,10,14,0,6,6,6,26,9,8,12,9,0,36,14,27,9,27,5,20,64,1,10
"PPEF1",37,22,169,86,43,276,93,82,90,5,25,182,35,244,35,41,113,58,8,179,76,113,21,49,35,56,443,39,25
"LOC100506274",36,1,37,4,8,31,19,45,36,8,14,35,23,68,20,22,37,9,1,71,87,59,17,41,43,22,84,26,24
"ALB",12,5,29,12,10,55,20,56,58,11,14,35,14,48,12,6,8,16,2,27,18,61,5,54,46,7,65,5,28
"TAC1",196,123,402,173,88,696,126,395,207,3,90,492,82,480,85,79,191,93,2,709,181,437,71,185,204,322,1555,123,42
"RPH3A",4307,3129,7239,4007,1763,13747,8316,4626,8566,743,3146,7060,3378,14656,5070,4261,4729,5675,184,10021,5385,7859,1991,2769,3452,6924,20244,2172,2358
"ALOX12B",25,0,51,16,12,114,26,28,30,3,17,69,13,69,19,20,34,48,0,63,31,56,7,53,23,9,114,10,16
"SOWAHB",96,24,326,99,28,724,99,141,299,3,48,242,44,656,101,76,118,231,1,530,141,227,8,109,30,154,943,26,41
"TPH1",9,5,25,8,6,33,10,32,14,6,4,13,9,21,10,15,9,7,1,25,36,29,5,27,29,5,45,9,21
"MYLK2",9,10,28,9,12,49,17,34,17,24,38,22,24,28,24,13,5,11,0,50,11,39,8,30,30,17,101,30,56
"ADRA1D",57,69,126,39,29,201,85,64,102,11,36,104,37,190,28,22,45,35,0,144,46,167,40,29,39,64,398,46,34
"FBLN7",183,94,140,103,35,676,214,174,367,8,98,276,123,830,140,150,133,245,0,501,269,325,50,46,50,299,875,53,68
"LINC00943",20,10,28,23,12,25,43,26,26,0,21,29,19,65,9,5,10,22,1,69,30,84,16,17,22,70,115,11,66
"ARL4D",340,169,419,220,176,792,395,652,303,37,121,652,192,617,165,154,330,289,11,708,404,456,265,257,291,353,884,182,157
"PRMT8",611,197,881,517,288,1816,726,656,744,3,318,1211,337,1625,460,454,745,733,7,1475,762,998,263,548,423,587,1865,266,231
"HHLA2",2,1,5,2,0,10,10,1,3,2,5,8,3,4,8,2,0,5,1,6,6,18,0,14,0,4,6,5,11
"SPRED3",10,29,32,30,9,90,23,105,37,7,43,57,21,71,28,27,38,37,6,44,15,18,21,38,14,32,88,23,28
"CLDN16",16,6,29,11,5,38,18,18,18,3,11,29,15,54,11,8,11,16,0,30,22,53,11,27,16,16,128,8,13
"LYRM9",483,200,1033,393,285,1675,1020,656,741,110,312,980,395,1559,448,392,777,728,40,1294,724,1211,326,628,578,918,2386,260,491
"SPDEF",44,10,59,26,20,91,35,56,44,8,16,73,22,110,25,36,37,52,0,49,32,39,3,60,34,46,108,11,12
"RBM3",261,372,1497,634,403,2414,685,2113,1340,559,576,2505,478,2661,626,595,902,841,173,1596,1015,2046,342,1888,790,831,4293,576,2009
"CRYM",2408,852,3670,2235,831,5892,2833,2026,2856,69,1317,3114,1111,7859,1391,1122,2625,2504,31,5776,3229,3866,597,1375,1454,2657,8891,1032,865
"SYP",16780,8824,29343,16463,8035,47220,18846,13151,20472,1278,7589,19260,8552,43504,11475,10083,20055,15504,384,32500,16268,16275,6972,10714,8608,17263,44423,6789,4966
"LPA",7,6,9,7,6,21,5,11,6,3,9,20,2,12,2,1,7,16,0,15,21,9,0,10,7,13,26,3,5
"HMGCS1",1208,928,2711,1323,844,4690,1527,3151,2955,2172,1105,1946,839,3243,860,805,1625,2117,298,4302,2499,4887,1281,3477,1246,3335,8609,1393,1851
"LRRC73",420,162,452,240,186,923,442,253,345,19,149,374,183,670,203,163,240,342,12,582,459,347,166,206,221,360,986,113,82
"PCYOX1L",518,121,1124,471,229,1842,666,589,1061,211,388,785,299,1270,355,313,633,731,20,1181,537,943,176,803,521,570,1755,225,418
"CCKBR",621,351,722,511,292,1474,695,434,550,8,264,630,357,1164,314,291,509,520,9,1047,534,553,185,313,308,772,1610,210,247
"RIIAD1",62,15,107,41,27,209,88,73,88,8,40,62,57,119,32,30,69,50,0,97,74,61,55,51,76,61,163,21,28
"WNT1",8,10,54,21,11,98,19,37,49,0,17,53,16,142,17,26,46,61,0,54,27,30,3,28,3,17,93,8,0
"CHRM4",43,44,117,80,28,336,65,45,144,4,32,127,49,384,50,58,106,96,0,236,75,72,2,49,12,47,347,23,22
"SVOP",1981,860,4775,2015,978,6814,2343,1737,3149,50,666,2716,976,5741,1141,949,2752,1759,21,5434,2137,3034,844,1435,1126,2571,8840,591,524
"LOC102724532",95,40,140,103,52,221,137,90,106,42,61,91,69,171,72,80,105,117,16,141,85,110,100,129,115,126,221,59,126
"LRTM2",837,344,1052,506,386,2010,887,739,1017,12,227,779,428,2049,453,365,659,738,16,1380,899,855,166,505,294,625,2067,282,283
"F7",40,26,40,26,22,186,43,51,44,3,13,71,23,88,27,25,34,34,5,76,36,57,6,32,26,59,116,20,7
"ZNF449",89,93,347,159,97,530,150,217,244,107,141,342,102,403,150,128,158,198,21,421,257,335,150,404,214,242,864,204,250
"C2orf16",19,16,29,8,8,67,30,37,26,11,11,37,17,57,20,10,22,23,3,27,34,20,4,32,19,27,88,14,25
"ZNF860",8,3,26,18,10,55,18,35,34,0,5,23,6,47,6,2,15,10,2,41,9,24,12,4,6,12,66,5,8
"KCNF1",1096,859,2034,1173,992,2835,1907,1545,1378,125,649,1177,1049,2932,846,730,1422,1177,90,2175,1058,1614,894,927,1052,1509,3051,616,481
"SMIM10L2B",1786,635,1975,924,652,3644,2065,940,1758,78,622,1752,905,3178,866,702,1235,1327,33,2182,1182,1576,526,1264,697,1684,3822,560,507
"SCN11A",15,7,45,31,27,51,59,46,45,9,30,15,20,37,28,18,44,24,3,52,26,66,8,76,23,43,62,23,37
"TARBP1",973,570,2471,1388,967,4960,1518,2483,2407,392,810,2430,742,3367,1152,975,1167,1447,121,3196,2454,2266,744,2428,1197,1610,6485,1113,1572
"DIRAS1",4914,2442,5422,2913,2007,10727,4459,2973,4797,222,1895,4659,2707,9590,3151,2568,3462,3542,91,7143,4613,4620,2139,2722,2308,4598,11979,1901,1285
"SYT12",1219,998,1491,1139,752,3345,1611,1218,1185,132,973,1591,1033,3671,1044,941,1200,1063,24,2254,1431,1196,781,1000,1161,1397,3312,811,492
"SLC6A17",4265,2551,8456,4739,2251,14096,5182,3702,6393,103,2336,7052,2503,12883,3789,3363,5087,6268,103,7932,4668,4488,1605,3754,2008,5392,13354,2407,2584
"C17orf107",105,61,138,67,44,235,128,143,151,28,78,183,72,337,96,77,116,139,10,176,69,85,82,104,59,187,396,51,53
"KREMEN2",81,30,191,51,81,357,116,203,203,21,45,101,45,228,63,52,99,100,7,142,73,136,41,220,129,78,267,49,75
"RSAD2",67,47,184,101,80,294,141,122,160,35,97,252,110,185,256,229,98,130,1,230,289,221,117,194,194,145,474,92,250
"SMIM10L2A",2018,974,3313,1813,1046,5237,3181,1547,2486,258,1123,2726,1406,4258,1297,1174,1912,2071,122,3108,1464,2945,1243,1788,1466,3062,5434,997,882
"PCP4L1",534,388,872,515,254,1426,559,623,645,18,310,853,268,1242,320,275,532,548,7,1091,462,607,180,428,402,572,2217,210,200
"SPEF1",211,156,217,134,197,519,249,193,239,67,151,256,155,511,144,111,170,212,13,277,197,341,231,239,184,307,597,175,99
"CLSTN3",6741,4234,11408,5908,3004,20004,7412,5986,8731,289,2691,8537,3494,16895,4759,4082,6434,7243,154,12079,6413,5849,2731,4431,2908,5757,17586,3391,2414
"GPCPD1",553,347,1005,485,354,2466,873,1440,1334,282,565,975,762,1674,558,522,654,710,101,2050,903,2252,528,1369,687,1820,4624,699,1449
"ANXA6",7021,3417,9455,4666,2636,18864,6973,4174,8251,880,3438,9405,3891,15156,4543,3971,5699,6156,331,11682,6250,5557,3138,5242,3229,6149,17451,3035,3096
"NRSN2",3650,1975,5320,3713,2793,10171,5687,3230,4921,762,2583,4939,2763,7945,3343,2879,3976,4597,171,5929,5441,4861,2814,4559,3441,4367,10030,2841,3179
"CALM3",46037,20381,58221,34056,17052,94836,40600,25628,52268,4603,19366,46280,19666,86925,24530,21731,35589,42571,2067,65923,32769,34425,14167,27947,15933,39720,101788,18092,14636
"PNPLA3",13,18,75,26,7,103,10,82,42,15,33,34,21,27,23,17,26,35,5,22,5,18,16,13,8,10,55,4,15
"ZNF596",66,62,200,132,68,336,157,201,206,74,93,157,90,251,86,105,107,74,15,228,164,259,97,226,166,155,379,85,258
"GPRASP1",2758,1535,6666,3422,1225,11725,3846,3600,6124,732,1619,5836,1890,8701,2164,1786,3786,3984,275,8891,3667,5392,1279,4016,1970,5521,15088,1702,2000
"RNF165",717,376,1058,639,359,1340,1003,714,952,45,341,762,389,1969,471,398,645,845,22,1321,831,1105,384,666,454,905,1967,471,372
"EXOC3L1",32,22,71,45,35,163,63,72,85,5,37,119,45,95,50,46,66,79,5,76,43,53,19,57,41,69,149,24,44
"RELL2",513,264,883,460,362,1790,637,432,705,69,300,885,349,1345,429,381,450,334,16,1087,628,558,265,422,389,428,1702,301,177
"NCR3LG1",43,87,196,155,33,469,66,192,215,8,67,162,66,472,117,101,157,90,2,182,79,115,15,76,33,80,330,64,112
"CCDC113",276,132,629,390,181,1056,364,464,555,101,283,506,201,820,345,288,373,467,26,778,527,648,194,441,268,507,1573,292,406
"CHRNB2",1183,586,1994,999,634,3696,1474,729,1643,20,490,1520,562,3304,724,653,1110,989,16,2090,1064,1328,453,781,579,1107,3227,467,391
"GABARAPL1",6208,4088,11674,7636,3220,20436,7659,6286,10428,2059,4324,14340,4482,19543,5261,4469,7882,10504,518,17018,9382,10395,4012,8314,4913,9659,26208,4798,4525
"TECTA",84,81,228,120,87,273,186,191,175,45,92,162,83,327,87,65,141,104,22,159,134,180,93,212,104,176,286,81,127
"CYP2E1",399,133,634,307,257,761,678,360,502,82,304,564,279,778,374,245,450,442,30,565,614,543,263,556,490,540,1002,228,235
"SLC45A1",534,399,763,538,372,1347,740,437,688,195,329,702,374,1237,426,430,603,566,55,999,761,591,376,597,573,623,1428,426,336
"FAM131A",2973,1642,4605,3035,1821,8137,3648,2858,3940,841,1864,4048,1962,7369,2215,1997,3075,3028,230,5891,3650,3838,1953,3054,2211,3986,8554,2116,1951
"TMEM241",243,147,365,271,117,673,306,202,332,53,113,316,146,599,134,153,234,270,17,418,267,287,107,245,130,313,580,117,152
"COPS7A",2724,1399,3696,2161,1394,6510,3117,2286,3283,1061,1690,3653,1549,5537,1874,1526,2663,2291,253,4504,2477,2910,1984,2452,2000,3169,6854,1581,1640
"PPME1",2628,1644,3576,2529,1615,5956,3517,2463,3305,1120,1594,3461,1725,5126,2004,1725,2636,2326,291,4103,3018,3004,1880,2578,2093,3543,6145,1915,1559
"GSS",728,267,1245,713,462,2017,874,806,1085,514,604,1277,482,1403,525,529,774,846,83,1228,864,1015,385,1073,842,789,1924,524,725
"NRIP3",1196,890,1918,828,558,2988,1273,911,1744,51,412,1668,526,1852,733,627,907,967,13,2172,1373,1573,449,1108,688,1443,4194,534,430
"NRXN3",1926,1271,2677,1425,978,4690,2220,2181,2115,493,851,1998,734,4265,938,1033,1576,1916,60,4266,3121,4212,982,2005,1895,3502,7509,1308,1156
"EFR3B",2460,2091,3008,3095,1725,6662,3101,2986,3017,1536,3396,3501,2182,6302,2335,1923,2376,2409,371,3285,3101,3316,1886,2156,1590,3512,6162,2687,2329
"SPCS1",1100,738,1723,1260,786,2873,1677,1463,1633,740,1107,2098,900,2423,953,878,1360,1423,222,2357,1993,2741,1439,2215,1662,2407,3841,1193,1596
"ACP2",726,237,1265,678,397,1882,948,779,1059,272,571,1154,493,1716,622,546,765,756,48,1285,724,715,324,927,731,601,1926,412,633
"TMEM169",117,88,241,182,99,385,208,168,224,45,64,130,116,292,129,116,153,94,13,355,347,298,102,229,212,216,517,120,152
"RASGRF1",1918,1307,3407,2471,1578,7960,2911,2152,3135,1353,1129,3735,1212,5886,1905,1641,2128,2175,399,4146,3111,3689,1259,1929,1757,2940,8288,1354,1199
"NAPA",2171,1824,4014,2526,1575,7786,3169,2294,3817,1186,1568,3870,1723,6253,2120,1815,2881,2735,327,4359,2606,2611,1324,2549,1565,2667,6468,1591,1685
"NIPSNAP1",1485,768,2253,1300,807,3651,1560,1247,2043,393,1008,1904,888,2938,957,859,1373,1469,81,2723,1522,2059,888,1751,1072,1623,4233,1099,1091
"CES2",553,497,1159,797,535,1994,999,1008,1207,584,738,1774,786,1832,720,721,844,1079,132,1308,843,1140,618,1101,957,1177,2338,572,824
"FBXO16",119,35,169,92,51,311,140,105,141,6,60,184,76,271,92,68,109,131,3,295,222,253,67,106,95,196,475,93,102
"MED29",1545,1020,2635,2165,1395,4454,2721,2724,2862,1028,1994,2845,1722,3811,2100,1692,2328,2647,361,3179,2647,3360,1791,3805,2091,3206,5558,2011,3280
"BDH1",1472,876,2020,1410,820,3749,1981,1551,2272,344,1070,1988,1073,3064,1289,1109,1543,1270,122,2370,1803,1746,953,1734,1494,1734,3153,1005,1132
"EML6",466,424,751,610,358,1489,901,752,866,132,499,739,398,1393,430,413,580,545,37,969,1139,929,363,684,436,959,1654,451,485
"RNFT2",835,572,1129,669,497,1739,1043,637,865,223,449,809,456,1378,514,426,725,710,57,949,945,784,434,622,548,1023,1284,588,362
"PSMB2",1435,1108,2359,1825,1159,3362,2157,1611,2199,1122,1297,2482,1203,2930,1316,1199,1731,1587,252,2925,2657,2481,1701,2364,2131,2617,4724,1571,1685
"DDB1",2909,2991,6214,5235,2714,9952,4399,4620,6132,2930,3936,7228,3343,9457,3610,3284,4947,5563,798,6727,5027,4871,3228,6096,3312,5011,11117,3778,4923
"COG1",1121,807,2624,1310,823,3665,1942,1618,2174,455,947,2292,935,3431,1151,911,1450,1746,131,2561,1499,1650,770,1890,1043,1742,3873,940,1242
"HGSNAT",954,584,2177,2008,1124,3623,1795,1803,2310,1033,1297,2926,1053,2893,1278,1199,1599,1803,209,1708,2051,2088,585,2296,1416,1368,3468,1195,1734
"NEU3",245,222,622,407,230,1124,454,318,588,210,250,489,251,855,297,265,374,348,81,651,491,617,226,532,306,526,1078,451,471
"CHP1",2016,1478,3053,2197,1103,4979,2089,2139,2593,1537,1682,3214,1353,4268,1477,1312,1947,2253,381,3203,2484,2603,1627,1980,1925,2885,5407,1687,1540
"LETMD1",1458,790,2017,1458,880,3098,1945,1324,2084,656,1207,2352,1143,2576,1258,1152,1641,1992,163,2392,2428,2205,866,2234,1510,2222,3859,1140,1380
"FBXO9",1151,1021,2225,1460,912,3991,1810,1718,1887,884,992,2346,1045,4326,1149,1019,1611,1102,161,3795,2691,3223,1328,1929,1832,2408,6936,1191,1609
"WDR46",629,424,916,575,422,1578,766,750,914,411,419,1156,483,1483,585,450,636,586,73,1084,698,613,684,593,628,794,1580,466,499
"CD99L2",5961,3796,9580,5479,3145,15132,5905,4693,8716,2577,3792,7032,3905,12990,5337,4509,6155,7311,1133,9560,7739,5788,3652,6847,4678,6293,16271,4130,4759
"ACLY",1152,1369,2484,2013,1103,4625,1965,2128,2605,1844,1877,3255,1407,4073,1653,1432,1990,2127,268,3007,2549,2632,1593,2733,1908,2946,5289,1793,1988
"EIF4H",3896,4248,6856,5369,2955,9973,5685,4900,7071,4202,4206,7775,3936,10136,4503,3886,5226,5849,1243,9119,6829,7326,5308,8181,5054,8628,14964,5508,6030
"ZCCHC17",1462,915,1865,1263,920,2652,1942,1149,1594,687,1014,1697,1042,2282,967,786,1389,1361,175,2051,1778,2151,1283,1911,1378,2415,3387,1279,1208
"PITPNA",2965,2540,4594,3369,1808,8106,3608,3072,4131,1413,3057,4671,2659,7223,2977,2542,3276,3658,381,5360,4493,3903,2469,3681,2306,4272,9171,3014,3434
"MRPL30",432,275,764,546,271,1164,563,507,708,335,382,718,330,929,346,305,544,548,94,1047,693,769,404,685,517,945,1794,527,539
"ST3GAL3",1041,581,1224,882,666,2023,1391,729,1108,249,624,1208,737,1874,822,724,884,1160,74,1274,1074,1215,634,975,783,1277,1882,654,666
"IMMT",1271,913,2295,1729,826,3702,1719,1407,1997,917,1291,2221,1002,3219,1335,1128,1580,1430,231,3020,2465,2240,1475,2338,1618,2271,4757,1410,1499
"PNPO",370,407,861,455,252,1192,581,443,821,248,498,764,421,1110,374,353,545,439,43,829,582,618,380,492,272,609,1293,298,467
"DHX57",389,247,697,500,293,1154,651,489,659,240,400,676,355,956,414,401,478,465,45,918,764,771,336,692,628,659,1398,462,673
"PCNX2",1903,1164,2190,1512,1193,3810,2270,1420,2077,290,1139,2057,1140,3649,1395,1353,1594,1974,124,2252,1992,1589,744,1462,1159,1750,3521,1143,1221
"MECR",612,292,857,412,318,1445,662,521,724,193,438,752,343,1204,470,386,585,633,61,1107,640,755,463,707,596,699,1600,349,416
"MRPS25",1270,1085,1855,1527,1135,3172,2292,1476,2053,813,1291,2208,1248,2989,1316,1101,1702,1548,249,2385,2615,2176,1822,1930,1971,2676,3672,1453,1736
"BBS5",497,319,633,539,440,1050,744,547,785,211,397,730,420,958,459,394,547,466,62,671,639,661,414,744,429,755,1095,441,513
"TRIM9",2491,3013,4857,4293,2381,8873,5347,5284,5386,1007,2989,4518,3205,8409,3218,2793,4449,3666,322,7027,6927,8321,3047,6089,3347,7319,11371,3566,4371
"NICN1",858,546,1261,955,640,2140,937,699,1317,446,561,1040,637,1896,689,549,934,843,84,1633,1264,1138,553,965,721,1087,2479,708,784
"MRPS5",1502,1796,1579,1909,1609,2541,2264,1131,1852,2050,1383,1789,1426,1979,1545,1332,1578,1493,592,1890,2491,1985,2931,1986,2147,3058,2593,2493,1615
"PPP4R3A",811,1535,1011,1378,1014,1510,1542,1056,1099,1421,1193,1636,1139,1496,1069,999,1035,897,302,1395,2698,2146,2261,1735,1716,2727,2214,2234,1525
"HDGF",3019,4436,2772,3894,2965,4697,4724,2678,3489,3825,3694,5046,3649,4413,3636,3027,3362,2931,1102,3524,5608,4419,6791,4626,4718,6386,5117,5118,3955
"PTPN21",269,489,402,619,397,575,617,515,455,527,749,888,565,646,482,441,505,492,97,557,849,703,581,833,477,840,833,945,1118
"EXOG",175,140,256,216,136,441,275,279,258,209,198,273,147,393,191,150,221,117,49,324,326,331,165,418,279,258,438,216,313
"TRIM4",310,643,398,548,395,601,631,403,523,385,472,919,561,647,413,365,485,462,139,515,866,750,640,602,394,1092,712,855,770
"ZMYND8",2842,4130,2272,2964,2278,3041,4713,1801,2984,1841,2079,2763,2967,4038,2517,2129,2647,1498,486,2904,5087,2665,3979,3356,2806,4800,3370,2918,2484
"UNC119B",715,1053,931,1373,814,1393,1181,826,1088,739,1246,1396,1302,1667,1087,845,1004,1075,154,1261,2151,1360,1433,1733,1127,1805,2133,1528,1940
"RBM17",1286,2540,1703,2312,1755,2670,2848,1955,1951,2727,2798,3063,2418,2673,2184,1846,1944,1727,892,2481,4148,4008,4878,3786,3810,5033,3983,4015,3273
"RELA",936,2957,1133,1784,1956,1517,2754,1438,1547,4034,1797,2460,1902,1350,1696,1254,1574,1509,899,916,1724,1427,4088,2264,2317,3129,1316,2774,1790
"HNRNPH3",2502,4429,2939,3919,3133,4311,5268,3311,3903,4753,3712,5301,4082,4137,3191,2804,3328,3055,1677,4486,6683,6758,6735,5494,5554,10729,6777,6623,4587
"ZNF32",1060,1014,889,1061,1147,1501,1435,710,981,1060,918,1137,932,1215,928,771,871,825,351,1225,2013,1292,2043,1217,1864,1820,1626,1878,874
"ZBTB34",303,456,368,566,482,580,718,435,476,484,332,431,391,537,376,348,414,290,141,484,947,738,656,502,505,883,593,643,709
"PSPH",351,530,372,507,434,627,526,335,428,425,424,362,425,507,372,329,330,341,160,459,790,673,678,556,451,903,679,725,493
"NFKB1",248,567,388,470,355,511,573,498,479,834,506,810,410,595,410,349,413,360,196,429,605,742,775,570,585,862,664,679,743
"COLGALT1",1064,1600,1296,1484,1598,1675,2392,1304,1405,2916,1704,2447,1760,1719,1388,1188,1637,1283,630,1038,1710,1236,2368,1115,2035,2510,1416,2211,1361
"PPP1CC",1579,2956,2027,2626,1692,2939,3008,1652,2080,2255,2429,2892,2481,2955,2068,1761,2040,1970,477,3067,5090,4303,4985,3753,3411,5699,4963,3897,3263
"SNHG3",386,415,329,461,387,380,748,273,409,413,377,552,384,437,357,328,348,424,112,418,910,676,743,603,613,988,745,800,518
"ZHX3",2136,2814,2968,4471,2895,4274,3800,2043,3470,2755,4459,3469,3156,4477,3115,2663,3096,2597,661,3160,5289,2929,3444,4598,3171,4034,4609,4337,4847
"ZNF143",170,362,210,393,309,379,377,298,292,406,396,524,299,382,296,248,283,315,100,333,592,457,456,524,437,580,538,513,417
"AUP1",2434,3996,2328,3068,4131,3498,4907,2239,2729,3771,3122,3489,2960,2902,2997,2288,2613,2492,1081,2490,3796,3008,6615,3321,4652,5498,2952,6002,2824
"ITPRIP",57,289,95,216,165,117,449,319,130,342,433,1054,435,276,234,209,202,267,131,127,196,313,414,552,264,553,149,486,406
"HBP1",307,804,492,821,427,727,833,369,690,843,656,1011,698,682,607,446,636,644,283,660,1022,1094,938,995,619,1527,1028,897,1074
"TRIM8",3131,5931,3113,4589,4008,4551,5712,2427,3678,3351,4887,4326,5680,4639,3638,3039,4137,3294,990,3471,5980,4407,7470,4482,4041,6896,4818,6097,4062
"TAF3",373,641,488,473,430,574,766,323,404,667,449,569,472,586,419,401,403,315,178,459,800,562,783,528,608,1037,733,724,438
"UBXN2A",234,506,321,498,351,458,485,310,390,462,431,524,375,430,391,335,323,340,84,419,794,512,592,717,568,833,774,715,768
"IRF2BP2",1325,3584,1750,2582,2315,2334,3346,2036,2156,2941,2033,3007,2243,1958,1917,1706,2061,1627,1349,2439,4276,4567,5768,4054,3499,7067,3602,4707,3156
"MOB3C",261,460,311,468,415,408,636,501,391,460,666,919,566,471,537,420,411,529,83,300,596,448,638,513,483,740,418,662,615
"PNPT1",818,1209,944,1429,1349,1342,1877,788,1267,2132,1076,1140,1089,1029,1067,911,1167,716,492,1229,2159,1680,2225,2028,2092,2521,1528,2005,1254
"SIRT1",282,736,402,648,407,561,744,471,444,873,498,829,497,624,396,381,454,409,273,539,1064,975,912,725,667,1183,879,831,586
"CTBP2",644,1057,1003,1261,908,1245,1520,852,958,854,1097,1761,1120,1239,864,802,992,944,251,1275,1867,1756,2129,1611,1352,2697,1841,2008,2026
"RAB29",461,1013,638,928,480,809,820,523,546,699,1117,1002,700,873,667,584,593,952,148,625,1319,856,1730,1133,1153,1297,1385,1237,1137
"FOXN3",728,1765,751,1332,668,1280,1340,679,826,1060,1386,1684,1343,1520,1051,957,888,883,267,1085,1626,1087,1577,1076,987,1863,1861,1501,1605
"STK38",576,904,644,938,885,961,1352,578,727,917,915,1709,907,1035,726,623,855,845,273,687,1620,1426,1383,1345,1138,2006,1077,1478,1082
"HP1BP3",2976,5438,4123,5802,4653,6271,6685,3412,5102,6460,4758,5652,4969,5978,4232,3671,4802,3569,1711,4769,6437,5916,6711,6819,4439,9254,7779,7675,6844
"FANCE",64,75,113,118,109,131,148,121,123,188,111,567,145,119,91,89,125,131,27,88,173,151,141,180,185,211,146,160,191
"PPM1D",209,456,242,417,331,370,451,318,338,772,312,420,326,406,258,247,325,191,170,371,490,472,607,446,511,607,400,548,358
"CCDC69",325,600,258,415,328,541,506,176,236,278,629,753,615,451,461,360,272,515,83,394,601,271,551,620,565,758,508,621,565
"SYS1",485,652,550,789,589,832,769,430,644,875,732,992,635,683,580,475,654,598,188,622,872,699,1079,850,850,1077,906,1022,811
"CAPN2",2394,5388,3157,5144,2483,4691,4945,3122,3368,3128,6720,5223,5429,3768,3072,2614,3609,3486,586,3031,7761,4359,6660,5096,4734,5721,5354,5044,5320
"FCHSD2",631,1301,981,1352,1105,1308,1956,1008,1242,1544,1388,2375,1482,1161,1284,1197,1321,984,588,1300,2115,2453,2085,2408,1948,2856,2171,2463,2398
"RHOQ",1392,2906,1470,2313,1983,2333,2948,1724,1599,1850,3398,3242,2863,1763,1984,1846,1705,1916,364,2115,4447,3599,5007,4051,3995,4774,3719,4572,2999
"ATF4",4807,10364,4327,5980,6425,8279,8205,5214,4568,6108,5679,9422,5689,8448,6210,5035,5874,4317,2409,5715,8549,7817,19464,7542,9934,14597,8752,11548,7284
"LRP4",2445,7265,3542,8254,4090,4450,7295,4216,4043,5631,10391,3573,6108,5275,5810,4767,5364,5322,2041,3012,7900,3970,6546,6855,4064,7347,4266,9464,6757
"PXDC1",293,961,323,624,655,281,983,839,360,692,930,1052,915,508,720,524,545,725,201,357,894,811,1824,1203,934,1716,521,1723,1292
"MXI1",2073,4063,2442,4117,3794,3348,5074,2583,3646,4229,3931,8073,3883,3842,3450,2993,3372,2845,1450,3317,7116,5650,6925,7732,5097,8224,5080,6459,5977
"PAPOLA",2396,5303,2517,3763,2694,3968,4903,2253,3050,3719,3732,3820,3713,3598,3038,2605,2853,2360,1357,3823,5504,5659,7487,4650,3534,11489,6496,7370,4779
"GKAP1",283,542,294,385,370,452,540,288,343,440,325,455,376,372,336,285,337,291,221,495,887,638,1254,617,717,1283,752,869,430
"PDE4DIP",4154,9178,4530,6628,4473,6931,6355,3378,5482,4673,7783,3659,6323,6628,4381,3779,5111,3725,1045,5933,9974,5716,10434,6001,6376,8018,8882,7947,5542
"SMAD4",1008,1568,1058,1634,1089,1448,1747,910,1389,1385,1257,1683,1199,1734,1034,946,1159,1513,271,1459,2650,2333,2025,2037,1639,3250,2145,2325,2094
"TSC22D3",3059,2625,2475,3712,1898,3687,2908,2397,3754,2949,2381,18097,3514,5655,3218,2843,3565,4700,661,4090,6084,2695,4685,5287,2890,6612,5038,5213,4961
"ID3",273,806,455,951,1033,893,878,742,597,1453,1825,3518,1423,536,1195,988,939,1443,684,518,1719,1099,2711,1590,1774,2122,752,3055,4094
"LATS2",59,328,101,207,151,140,288,346,163,311,301,745,232,154,206,180,189,290,107,95,273,282,338,262,184,559,183,290,461
"CARD8",229,557,338,593,435,549,808,332,505,854,866,867,785,559,569,458,509,472,158,432,830,822,683,880,694,1165,664,1079,1335
"BANP",434,580,338,436,499,517,640,515,452,552,296,625,476,589,354,310,424,366,171,499,591,532,829,488,417,848,601,577,406
"TIMELESS",153,197,198,373,257,279,365,144,226,647,318,395,263,237,259,199,221,195,88,181,319,162,389,205,417,341,207,303,304
"SH2D4A",10,77,21,33,27,44,44,42,39,43,54,117,61,29,39,37,40,67,31,26,59,53,113,88,50,80,30,100,116
"CALML4",18,49,35,71,30,47,90,35,50,91,49,68,58,70,47,32,62,53,12,36,80,55,54,96,43,73,45,61,117
"ITGB8",958,2431,1696,2932,1882,1541,3083,1650,2003,1819,3008,919,1929,1757,1992,1971,2290,1740,465,2292,6203,3871,4712,5233,2533,5066,2779,4461,5433
"CDK2AP1",1715,3840,1579,3002,2452,2933,3406,2186,2057,2973,4035,2888,3467,2546,2977,2442,2083,1724,771,1898,4546,3476,5062,3321,2880,3994,3792,4267,2786
"RBM48",688,886,932,1543,1321,1201,1438,588,1077,1696,858,694,726,1176,795,709,981,690,182,1326,2660,1511,2044,1390,2289,2132,1496,1670,1331
"ITGB5",728,1516,761,1421,1352,1135,1558,1073,788,1034,1947,1950,1544,1073,993,883,1045,1254,358,803,1413,1231,2093,1566,1256,1691,1409,2198,2364
"GMPR",192,130,347,513,305,414,621,270,535,379,718,721,409,297,622,587,844,1429,116,303,761,273,815,1096,436,559,361,1145,1564
"RNASEH2C",1485,1723,1167,1458,1905,1597,2274,838,1350,1611,1339,1677,1485,1440,1250,1067,1201,1367,339,1273,2107,1527,2437,1714,2303,2498,1478,2069,1167
"BCAR3",301,943,391,595,431,545,606,543,478,231,771,339,614,664,531,471,510,481,120,618,970,811,1107,757,490,1135,728,1454,1363
"CEP152",92,132,64,111,85,77,179,80,106,107,145,102,101,107,118,87,94,155,23,73,243,184,179,147,81,256,125,234,221
"ANAPC16",1231,2133,1190,1750,1720,1774,2420,939,1500,1970,1780,2669,1906,1617,1346,1248,1470,1357,464,1728,3512,2583,4178,2311,3003,4984,2499,3373,2146
"TP53I3",93,148,52,118,113,134,135,136,57,86,106,271,132,120,110,98,55,76,32,109,122,150,224,146,191,146,107,302,180
"SASH1",1794,7425,2281,4549,2861,3394,4306,2578,2716,3354,5789,2808,4318,3161,3130,2767,2954,2348,978,2411,6016,4437,6640,5837,3894,6453,4449,6502,6489
"ZNF69",69,70,52,78,105,88,108,29,57,68,89,80,78,58,54,61,65,32,14,59,159,71,124,80,135,112,74,111,153
"DNAJB6",2479,5299,3126,3426,2447,4592,4571,3879,3082,3310,2728,3977,3076,4645,2716,2383,3063,2437,1892,5363,5659,5819,8164,4491,3742,9724,7773,5406,3396
"KIAA1958",289,623,430,760,688,461,805,353,567,845,545,365,438,464,486,461,568,354,220,358,973,790,858,998,760,1173,568,935,871
"POGK",1634,3564,1903,3067,2550,3062,3390,1472,2432,3568,2430,2273,2725,2609,2392,2024,2133,1486,974,1991,3874,2879,3529,2815,2939,4008,3420,3455,2598
"ARL6IP6",153,407,251,368,294,339,401,230,296,386,377,397,362,289,245,240,270,271,90,293,603,488,491,489,392,856,492,519,588
"WEE1",31,87,40,61,30,41,39,89,26,52,87,609,76,76,44,47,42,136,9,41,107,99,127,87,69,220,70,90,124
"HSPB2",86,136,68,68,107,88,104,131,68,53,74,138,107,58,64,62,76,79,15,61,106,91,202,133,153,186,84,142,67
"IL17RB",1192,2322,875,2679,1452,1416,1933,804,919,1244,2877,859,2191,1048,1270,997,1181,1894,242,819,4016,1042,2986,1855,2360,2061,1402,3460,2065
"CDKN2C",244,389,176,302,294,327,439,264,253,1089,418,466,404,254,327,312,232,396,281,239,520,461,836,522,736,594,373,572,447
"SLC39A11",469,981,549,857,659,509,729,355,616,1105,864,646,652,664,434,413,724,375,173,493,995,649,1515,691,1053,824,672,855,495
"NYNRIN",353,794,468,603,491,777,795,359,426,160,609,859,856,546,398,339,469,730,53,436,580,404,462,479,325,850,601,759,679
"STARD10",1394,1605,992,1421,1800,1342,2006,953,1126,1450,1122,1106,1354,1119,1260,1065,1284,867,370,1013,2068,1099,3331,1640,2067,1985,1241,1619,831
"SNRNP48",308,777,366,590,497,475,718,281,474,600,414,560,455,489,389,363,433,426,140,507,1131,719,897,524,508,1522,764,918,565
"MEX3A",51,195,45,97,72,54,113,125,52,151,111,65,139,61,57,63,62,41,24,38,124,89,157,68,97,160,71,105,54
"FZD9",210,383,97,257,217,202,272,77,72,154,293,131,357,176,195,154,141,154,27,148,343,159,407,254,378,213,162,310,114
"ANO2",19,80,59,67,69,51,181,58,89,79,204,482,173,84,101,85,110,107,31,56,92,74,131,110,114,308,74,92,209
"ITGA11",79,83,126,155,115,120,119,89,58,52,98,323,152,161,120,105,98,92,17,74,123,83,118,210,108,222,115,151,183
"RND2",1075,1099,823,1143,1080,1687,1540,963,889,1896,1183,1317,1530,1511,1298,1038,918,1233,457,1273,1754,1116,2471,1314,1798,1505,2116,1293,957
"KANK2",516,1063,580,871,857,769,1325,682,612,987,1492,6767,1778,923,1055,817,865,1312,226,562,1409,941,1681,922,1190,2442,1184,1219,1690
"NFKBIA",1131,1610,1010,1895,1369,1044,2676,2021,1481,2722,2080,6749,2112,2111,1884,1639,1988,1326,339,1403,3607,2963,4874,3877,3245,4795,1775,3974,2215
"RFTN2",625,2007,985,1983,1912,984,2092,741,1331,3347,1825,855,1421,984,1283,1216,1356,956,980,893,2690,2421,3297,2735,2443,3296,1381,3447,2378
"PROC",28,28,39,30,30,44,51,35,35,24,14,19,29,36,15,17,39,25,13,38,29,14,41,51,36,39,46,37,18
"TLR5",16,61,54,94,74,74,170,54,98,164,197,189,172,88,99,96,167,169,30,53,57,46,72,153,106,180,92,258,233
"TRIP10",346,787,328,517,537,350,872,521,273,1228,847,1428,845,320,576,438,440,736,192,221,759,517,1446,749,1033,975,347,860,638
"CPQ",217,568,390,772,661,485,650,476,482,1691,821,1557,590,491,487,452,462,707,301,438,833,859,1289,1168,1325,1056,714,1251,1045
"JMJD6",957,2767,782,1273,1169,1159,2058,1290,1086,1542,938,1308,1418,1359,1170,947,1229,959,1179,862,1617,1515,3805,939,987,3396,1230,1763,926
"SAMHD1",754,1209,1066,1486,654,1468,1821,736,1351,1825,1747,1550,1674,1673,1759,1506,1683,1195,392,1361,1459,981,2580,2118,1543,2072,1613,1863,1892
"ATOH8",231,560,286,500,499,322,749,799,444,546,749,965,682,389,581,441,551,502,332,201,747,369,1224,1036,693,985,209,1348,1846
"SPDYA",33,63,47,53,64,57,102,55,62,26,52,54,39,64,42,38,43,57,3,62,145,127,83,112,57,180,100,88,81
"RGCC",1542,2500,1783,3592,3069,1803,2998,1629,2733,5585,2668,3447,2569,2076,2348,1882,3051,825,980,2117,4460,3951,6996,6773,6287,4903,1714,5214,2566
"GYS2",9,40,7,21,12,17,31,15,14,24,11,13,16,14,17,8,11,19,1,21,52,22,35,21,12,54,22,25,36
"DNA2",141,284,140,245,255,211,327,118,223,380,235,127,169,193,177,161,133,136,56,174,474,316,436,302,373,588,214,540,276
"PRRG4",10,54,19,42,29,13,52,49,12,85,56,53,48,26,39,29,22,52,12,21,59,30,43,23,40,50,11,55,96
"RAMP2-AS1",12,111,54,93,58,61,70,30,89,52,90,285,144,63,70,62,100,104,44,48,97,29,83,82,56,73,81,86,157
"AJUBA",26,90,32,62,39,78,70,42,35,77,90,334,127,47,52,41,42,78,10,32,96,64,113,49,118,151,75,95,190
"CCDC160",39,91,36,53,53,48,73,29,48,87,72,39,58,50,33,59,64,32,19,60,167,144,212,106,113,111,76,99,119
"SLC25A48",466,1039,475,715,589,435,550,499,857,715,552,339,672,447,368,343,885,210,58,337,939,643,2249,814,1396,584,478,478,218
"SPACA6P-AS",55,192,39,49,62,42,156,50,68,53,74,71,76,50,38,47,75,15,22,37,38,137,100,39,50,123,38,70,32
"RCC1",157,533,162,280,196,221,360,87,191,332,253,307,349,272,276,206,265,174,91,158,271,221,679,172,194,647,296,415,182
"CCDC102A",55,207,58,77,126,66,159,58,41,74,147,243,138,71,90,68,57,83,40,27,87,60,310,101,127,237,75,195,149
"C21orf62",21,67,13,33,42,13,23,55,36,65,50,71,17,21,39,22,22,50,20,11,65,19,158,49,21,62,31,77,291
"CCDC151",292,475,170,256,350,277,409,160,213,157,256,247,359,236,265,196,198,177,54,188,391,186,679,221,251,678,266,624,221
"DDIT4",2012,5366,851,2118,1276,905,2073,938,1822,2249,1772,11535,2340,1566,2298,1799,2497,1319,1326,877,2993,2573,7718,3907,2076,5920,1207,4230,2011
"ITGA10",111,406,205,261,237,260,491,374,211,187,489,3356,726,579,422,416,352,755,58,179,515,300,522,524,335,778,296,663,885
"ANKRD37",180,744,145,268,235,285,389,181,214,283,319,941,293,210,282,286,235,171,167,272,384,885,878,1033,272,1070,397,864,196
"COL8A2",13,103,63,65,68,68,159,34,37,197,89,688,147,85,68,78,114,140,67,42,43,25,51,54,104,192,88,120,148
"REP15",11,25,3,10,24,14,26,7,6,9,14,24,19,9,6,7,8,2,5,8,40,26,54,16,38,55,8,22,22
"NUPR1",1114,2879,647,991,1913,554,788,708,516,1160,963,4391,1093,342,1227,844,733,1579,742,408,886,732,4982,2192,1813,2324,352,2643,2440
"FZD7",78,229,192,238,185,144,169,215,181,200,317,667,213,323,171,158,211,226,11,207,561,214,366,345,188,508,205,580,599
"TLDC2",16,32,37,29,17,25,50,38,47,82,43,62,55,61,50,35,60,54,24,30,53,37,56,36,30,65,38,33,58
"FKBP5",882,966,1492,2675,1074,910,2209,2064,2131,2704,1969,6345,1563,3290,2342,2128,2789,2300,491,1736,3204,1576,2425,4316,2038,4196,787,2974,3947
"SLC38A2",3254,9999,2825,5445,3897,3422,5807,2431,2602,11391,3715,8890,5098,4485,3131,3144,3649,2566,1009,4273,10203,5331,11639,4794,9340,9253,5615,6205,4334
"CLDN7",2,6,5,29,13,17,19,6,7,70,26,55,48,11,9,11,20,38,2,13,9,5,11,16,29,13,9,13,20
"PRKX",302,504,446,961,786,344,704,358,674,1932,900,721,738,517,879,739,858,743,638,413,902,590,1255,1116,833,1282,357,1128,1164
"SLC5A3",1215,3854,578,1337,1029,1027,1717,1266,547,883,1231,979,1276,879,727,786,700,504,497,1239,3160,1370,3301,939,1399,3121,1496,2756,1317
"CCNA2",102,290,100,162,166,114,314,119,129,208,117,105,157,137,164,112,151,139,57,165,387,291,515,154,240,708,121,461,202
"C6orf118",7,15,6,20,9,11,13,7,11,21,31,6,14,5,10,19,10,23,3,17,56,16,3,69,15,57,21,44,99
"SPINT1",12,8,17,28,23,50,35,14,28,52,35,85,44,40,24,27,19,70,13,32,48,6,19,25,19,19,58,67,22
"SMTN",1347,4583,662,1876,2390,1045,2309,1088,851,1153,2664,2201,3821,963,1400,1139,1271,1430,355,488,2540,1016,4280,1551,1988,3477,893,3633,1945
"SAMD11",56,103,74,147,222,72,76,90,122,305,170,900,103,18,92,73,80,216,86,24,170,64,326,147,148,153,69,246,127
"KLF15",687,1582,807,1678,1598,806,1635,739,1379,1912,1547,1626,1433,954,1518,1323,1329,886,566,740,2224,1209,3030,2246,1523,2590,691,2969,2008
"HIF3A",1744,2667,2099,4327,2845,2383,4567,911,2894,969,4089,4941,4039,2911,3304,2784,3773,2729,517,1378,5570,2871,3913,3055,2241,3718,1134,3087,2644
"ALOX15B",31,23,23,113,7,91,86,52,169,63,51,405,95,160,84,74,108,70,49,171,86,78,20,130,52,134,166,75,46
"LOC101927354",3,21,4,9,16,8,23,4,8,14,3,10,9,7,13,13,12,5,12,6,43,16,6,12,10,6,12,44,8
"CYP39A1",23,103,23,38,26,28,74,30,29,47,30,98,55,21,34,24,21,29,20,27,78,78,123,75,55,218,65,65,96
"LINC01108",18,70,1,2,9,0,5,0,2,13,3,0,38,1,1,0,1,0,0,1,31,0,17,0,20,0,2,3,1
"SCGN",53,25,27,43,19,22,36,23,48,6,15,52,25,37,20,21,73,41,1,74,203,44,30,126,69,61,61,32,116
"LMNTD2",33,62,29,60,53,42,53,27,33,49,38,321,69,31,35,25,39,67,12,9,57,14,62,52,41,29,37,60,40
"LBX2",9,33,9,8,17,3,15,4,10,44,14,5,21,4,16,12,11,5,4,7,5,8,35,1,3,23,0,24,4
"GNRH1",81,116,64,83,103,90,173,59,77,118,86,142,106,111,109,82,121,97,32,79,251,283,264,146,148,244,91,224,123
"S100A4",29,96,29,89,78,23,138,25,58,300,92,789,127,40,128,92,22,110,43,34,182,38,387,145,244,366,58,168,147
"ADAMTS2",395,355,290,349,232,395,306,65,299,84,126,420,181,343,224,176,186,325,18,209,446,140,176,250,100,227,261,238,152
"AKR1C2",180,120,164,273,175,500,142,64,287,194,134,1891,146,334,109,106,160,254,9,173,565,155,362,234,319,314,391,224,335
"LCN6",4,18,18,9,5,4,7,57,6,1,17,59,45,38,28,30,13,2,6,21,27,4,25,54,33,22,7,32,27
"AZGP1",204,230,341,838,728,123,611,82,909,2635,369,262,354,225,656,535,1716,296,99,448,1005,237,1662,1819,2140,336,103,673,416
"SLC23A3",10,81,8,23,18,16,47,17,17,30,42,44,57,20,33,28,28,11,13,6,19,20,66,20,28,78,12,62,56
"OLAH",14,19,11,34,10,10,28,10,6,15,40,243,44,31,31,16,17,18,0,15,41,19,23,36,39,45,23,36,46
"CXCR2",3,2,1,0,2,1,16,5,5,4,5,10,12,5,1,2,1,3,4,4,7,7,7,56,6,34,4,3,13
"SH2D3A",5,7,5,12,5,9,16,2,8,8,33,33,25,2,12,7,11,15,6,3,22,0,15,13,10,17,13,22,12
"CXCR1",0,1,0,1,2,0,11,2,4,0,2,21,9,9,5,4,1,0,3,9,5,17,22,48,6,37,0,4,27
"SERPINA5",3,43,11,100,33,2,11,65,20,99,19,17,22,25,30,14,91,60,6,7,55,28,214,125,108,20,4,68,105
"LINC01134",19,31,9,8,19,16,21,8,8,22,15,13,14,10,18,3,8,7,10,11,2,12,43,15,25,31,7,29,10
"LINC00463",13,68,28,32,24,26,155,68,31,387,81,52,87,33,48,19,61,25,49,28,45,44,153,130,282,84,39,150,59
"LINC01068",3,10,2,3,2,2,4,2,5,13,7,3,1,1,2,2,6,1,5,0,0,27,17,0,3,25,3,6,6
"CYP4B1",7,4,6,17,9,14,9,7,19,18,17,241,41,29,23,20,19,72,0,26,35,10,7,52,41,53,11,54,68
"MIA",6,28,1,6,11,0,14,1,5,15,3,0,11,3,5,10,4,1,6,3,21,4,12,2,10,22,0,29,8
"NPC1L1",16,199,5,16,41,9,41,41,17,27,28,23,77,5,26,32,10,41,46,1,38,12,132,14,5,128,3,169,24
