"","C_0002","C_0003","C_0004","C_0005","C_0006","C_0008","C_0009","C_0010","C_0011","C_0012","C_0013","C_0014","C_0015","C_0016","C_0017","C_0018","C_0019","C_0020","C_0021","C_0022","C_0023","C_0024","C_0025","C_0026","C_0029","C_0031","C_0032","C_0035","C_0038","C_0039","C_0050","C_0053","C_0060","C_0061","C_0062","C_0065","C_0069","C_0070","C_0075","C_0076","C_0081","C_0082","C_0083","C_0087","P_0003","P_0006","P_0013","P_0014","P_0015","P_0016","P_0018","P_0019","P_0020","P_0021","P_0022","P_0023","P_0026","P_0027","P_0028","P_0029","P_0030","P_0031","P_0033","P_0012","P_0034","P_0063","P_0126","P_0130","P_0132","P_0133","P_0134","P_0135","P_0136"
"CLEC4F",3,1,2,81,1,17,19,10,3,6,40,3,10,7,11,24,10,19,9,8,5,4,5,6,3,17,3,2,3,17,0,2,14,19,11,0,4,14,2,7,8,3,5,1,2,1,5,0,0,2,0,7,8,0,4,21,1,13,1,1,4,11,0,2,0,4,1,7,2,3,22,1,0
"LINC00898",41,5,43,58,23,22,1,35,48,39,25,17,155,31,47,0,42,110,41,55,23,62,48,33,7,24,60,29,24,11,36,13,31,11,75,0,63,29,39,83,37,58,60,41,10,1,18,7,0,73,19,6,34,0,4,16,3,88,10,11,15,35,0,40,7,8,3,11,6,10,78,3,0
"LOC101929719",12,2,16,21,10,9,20,18,20,38,6,13,41,6,32,33,11,30,38,10,14,57,31,22,5,3,30,6,10,5,14,10,56,36,48,22,20,34,14,7,7,18,10,19,3,4,21,6,1,54,5,12,9,4,5,24,2,28,7,8,7,13,0,8,4,11,1,25,10,4,37,4,11
"MAS1",158,14,288,762,388,184,4,167,304,617,258,157,1024,346,353,11,151,507,255,285,163,304,334,191,57,281,349,269,263,157,483,316,109,271,471,0,427,177,225,604,408,635,403,405,183,33,266,137,53,641,175,141,222,0,58,192,53,434,109,70,160,127,1,367,129,142,38,91,62,180,498,49,54
"SLC6A5",21,2,14,22,25,5,0,14,19,24,15,12,46,22,13,135,13,20,18,16,31,17,14,19,10,32,21,14,23,20,23,33,15,37,34,6,74,21,21,42,33,62,33,37,7,3,10,6,6,12,10,10,14,0,6,6,6,26,9,8,12,9,0,36,14,27,9,27,5,20,64,1,10
"PPEF1",129,29,179,328,89,63,16,83,118,324,109,62,395,189,176,30,70,397,187,267,177,132,198,118,79,270,231,303,410,154,387,361,99,151,272,66,544,52,235,569,448,602,286,438,37,22,169,86,43,276,93,82,90,5,25,182,35,244,35,41,113,58,8,179,76,113,21,49,35,56,443,39,25
"LOC100506274",48,5,37,59,14,18,20,63,18,51,26,20,71,19,29,54,41,61,32,48,67,44,24,54,33,97,91,44,47,49,24,32,41,99,82,77,91,53,32,31,54,43,54,56,36,1,37,4,8,31,19,45,36,8,14,35,23,68,20,22,37,9,1,71,87,59,17,41,43,22,84,26,24
"ALB",29,11,23,44,13,22,68,31,23,77,49,19,61,21,46,8,58,45,47,23,43,54,48,42,21,56,49,21,16,47,25,28,138,101,58,205,73,31,80,24,24,56,42,43,12,5,29,12,10,55,20,56,58,11,14,35,14,48,12,6,8,16,2,27,18,61,5,54,46,7,65,5,28
"TAC1",478,38,506,1310,342,147,10,212,156,484,342,214,809,353,281,54,274,495,270,552,211,275,342,206,179,1021,563,1103,890,500,973,1357,252,633,1149,9066,2496,259,337,1304,816,2261,700,1083,196,123,402,173,88,696,126,395,207,3,90,492,82,480,85,79,191,93,2,709,181,437,71,185,204,322,1555,123,42
"RPH3A",12479,1448,9480,21699,6975,5787,471,7044,15994,15950,11608,6587,19129,11043,10226,12320,9872,15768,8751,12432,7728,7950,9827,8511,4715,11016,11086,11053,8719,8285,10443,11113,5599,6097,9933,1749,15818,13801,12628,18278,12912,19300,12652,10738,4307,3129,7239,4007,1763,13747,8316,4626,8566,743,3146,7060,3378,14656,5070,4261,4729,5675,184,10021,5385,7859,1991,2769,3452,6924,20244,2172,2358
"ALOX12B",52,7,67,154,41,63,1,51,46,47,78,36,85,37,30,40,115,78,47,38,41,32,52,67,28,65,54,37,36,55,29,47,62,25,106,43,96,145,53,64,25,63,72,42,25,0,51,16,12,114,26,28,30,3,17,69,13,69,19,20,34,48,0,63,31,56,7,53,23,9,114,10,16
"SOWAHB",267,30,314,988,299,277,6,142,343,507,465,200,933,304,311,48,365,952,209,359,75,390,372,243,66,508,664,552,510,130,723,317,76,200,678,35,604,143,179,827,574,644,516,485,96,24,326,99,28,724,99,141,299,3,48,242,44,656,101,76,118,231,1,530,141,227,8,109,30,154,943,26,41
"TPH1",27,5,16,15,22,21,55,28,26,90,21,21,42,18,24,67,20,29,45,18,30,9,25,27,23,9,35,5,14,16,31,13,53,35,28,69,45,46,19,18,23,13,23,23,9,5,25,8,6,33,10,32,14,6,4,13,9,21,10,15,9,7,1,25,36,29,5,27,29,5,45,9,21
"MYLK2",90,9,45,25,23,12,28,27,67,45,28,20,72,74,38,19,83,83,46,73,118,49,63,33,22,24,22,57,13,62,18,73,31,64,39,44,66,71,48,87,82,111,54,70,9,10,28,9,12,49,17,34,17,24,38,22,24,28,24,13,5,11,0,50,11,39,8,30,30,17,101,30,56
"ADRA1D",196,26,138,350,103,65,1,80,117,137,104,71,204,173,74,6,233,187,46,81,125,158,115,41,47,116,86,231,107,75,97,137,30,71,121,38,565,55,180,286,120,260,84,187,57,69,126,39,29,201,85,64,102,11,36,104,37,190,28,22,45,35,0,144,46,167,40,29,39,64,398,46,34
"FBLN7",434,30,458,769,300,180,10,270,542,218,315,262,2067,398,198,454,471,695,177,663,237,542,375,93,108,385,568,544,375,165,478,476,111,495,494,115,899,402,377,723,389,763,432,453,183,94,140,103,35,676,214,174,367,8,98,276,123,830,140,150,133,245,0,501,269,325,50,46,50,299,875,53,68
"LINC00943",129,6,49,51,27,13,1,36,100,43,17,23,182,35,19,0,121,113,20,56,135,48,52,20,37,56,174,96,65,38,197,202,78,87,57,1,205,143,207,111,143,72,66,85,20,10,28,23,12,25,43,26,26,0,21,29,19,65,9,5,10,22,1,69,30,84,16,17,22,70,115,11,66
"ARL4D",506,82,403,1840,276,258,44,489,284,720,455,334,723,626,322,231,409,589,453,522,558,387,435,342,164,655,354,456,385,450,599,978,442,288,510,302,1301,421,724,776,534,1500,653,519,340,169,419,220,176,792,395,652,303,37,121,652,192,617,165,154,330,289,11,708,404,456,265,257,291,353,884,182,157
"PRMT8",1045,114,994,1930,655,661,14,872,749,932,1048,700,2585,864,776,768,862,1705,670,1174,926,1108,970,731,379,1309,1346,1246,960,846,1447,1549,753,1016,1484,1761,2318,1043,890,1695,1170,1684,1193,1174,611,197,881,517,288,1816,726,656,744,3,318,1211,337,1625,460,454,745,733,7,1475,762,998,263,548,423,587,1865,266,231
"HHLA2",8,1,9,7,4,4,14,1,10,13,7,5,18,3,5,1,5,9,11,2,6,9,7,9,8,2,18,6,12,7,14,11,11,3,10,44,17,23,16,8,15,9,8,10,2,1,5,2,0,10,10,1,3,2,5,8,3,4,8,2,0,5,1,6,6,18,0,14,0,4,6,5,11
"SPRED3",50,17,58,161,44,35,36,36,104,133,82,20,191,103,93,73,139,143,50,78,39,95,52,48,37,17,51,54,38,24,46,32,9,30,46,23,39,25,51,100,77,71,67,76,10,29,32,30,9,90,23,105,37,7,43,57,21,71,28,27,38,37,6,44,15,18,21,38,14,32,88,23,28
"CLDN16",32,1,34,76,9,27,2,21,39,38,32,17,60,21,24,3,35,75,25,34,27,36,27,37,22,27,53,46,39,46,38,49,36,56,62,32,110,34,45,50,53,65,34,50,16,6,29,11,5,38,18,18,18,3,11,29,15,54,11,8,11,16,0,30,22,53,11,27,16,16,128,8,13
"LYRM9",1345,166,771,1237,522,616,350,1078,889,1411,626,596,1737,833,822,469,1172,1453,885,1097,1136,855,844,1052,598,1929,1290,1270,972,737,1275,1079,1259,1039,1037,1269,2368,1152,953,1379,1294,2167,1059,1197,483,200,1033,393,285,1675,1020,656,741,110,312,980,395,1559,448,392,777,728,40,1294,724,1211,326,628,578,918,2386,260,491
"SPDEF",84,7,47,108,25,32,6,62,68,65,46,36,100,43,56,34,64,108,63,87,63,59,35,59,70,79,36,64,25,24,28,80,61,69,73,33,148,81,72,57,43,72,43,41,44,10,59,26,20,91,35,56,44,8,16,73,22,110,25,36,37,52,0,49,32,39,3,60,34,46,108,11,12
"RBM3",1537,341,1011,2616,880,921,1866,1435,1524,3453,815,925,3241,1409,1910,2769,3501,2870,2137,1537,1458,1843,1628,1121,921,3035,2527,1655,1659,1114,1875,1472,3036,1912,3641,3288,3612,3609,1158,2400,2679,3259,2080,2284,261,372,1497,634,403,2414,685,2113,1340,559,576,2505,478,2661,626,595,902,841,173,1596,1015,2046,342,1888,790,831,4293,576,2009
"CRYM",5172,354,4028,5611,2509,2283,95,3113,2173,3989,3977,3045,8854,3741,2816,5001,4939,6475,2270,5504,2809,4000,3217,2711,1459,5527,4542,6240,3657,2656,5517,9341,3100,2980,4221,9590,13033,3484,4117,6581,4977,8640,4918,4585,2408,852,3670,2235,831,5892,2833,2026,2856,69,1317,3114,1111,7859,1391,1122,2625,2504,31,5776,3229,3866,597,1375,1454,2657,8891,1032,865
"SYP",30072,3278,25332,55831,18900,16441,1699,14436,18644,32664,28244,18431,46544,25130,20634,19161,23759,45534,16020,30472,16644,21721,22242,18149,8917,33879,21875,29166,21597,14304,30523,47321,9853,16382,28539,7698,56694,19864,18928,38198,26428,54853,26547,26649,16780,8824,29343,16463,8035,47220,18846,13151,20472,1278,7589,19260,8552,43504,11475,10083,20055,15504,384,32500,16268,16275,6972,10714,8608,17263,44423,6789,4966
"LPA",19,2,17,17,15,7,4,7,12,25,12,8,18,21,22,0,8,31,10,30,9,20,12,11,14,12,12,15,10,9,23,34,21,8,18,8,28,26,14,17,19,38,27,22,7,6,9,7,6,21,5,11,6,3,9,20,2,12,2,1,7,16,0,15,21,9,0,10,7,13,26,3,5
"HMGCS1",2483,562,2671,9705,2324,2688,1540,1554,3556,5429,4065,1477,6423,2969,4491,1934,6177,5743,2643,3003,1233,3260,3074,2046,1148,5006,7465,5178,4324,2267,6987,6960,2611,3315,5548,5985,8722,2429,2893,8332,7848,8523,6516,7326,1208,928,2711,1323,844,4690,1527,3151,2955,2172,1105,1946,839,3243,860,805,1625,2117,298,4302,2499,4887,1281,3477,1246,3335,8609,1393,1851
"LRRC73",561,62,455,829,397,285,13,331,500,515,440,267,1103,418,342,110,414,915,338,533,444,415,420,338,151,856,385,603,452,270,477,875,174,350,454,479,1126,330,491,670,375,1005,306,344,420,162,452,240,186,923,442,253,345,19,149,374,183,670,203,163,240,342,12,582,459,347,166,206,221,360,986,113,82
"PCYOX1L",1180,230,1093,1548,693,714,655,748,805,1447,985,645,1847,802,906,1581,1082,1217,718,909,807,871,877,854,386,1134,1058,863,699,969,1248,1663,1311,1234,1283,1024,1703,1489,1034,1125,919,1596,1152,1046,518,121,1124,471,229,1842,666,589,1061,211,388,785,299,1270,355,313,633,731,20,1181,537,943,176,803,521,570,1755,225,418
"CCKBR",1236,110,803,972,682,436,7,573,710,1196,782,636,1501,752,736,605,632,1415,624,1223,643,764,697,702,365,839,680,820,650,523,951,1532,514,400,547,207,1849,1008,838,1124,768,1467,712,885,621,351,722,511,292,1474,695,434,550,8,264,630,357,1164,314,291,509,520,9,1047,534,553,185,313,308,772,1610,210,247
"RIIAD1",127,20,89,233,82,59,12,75,95,98,104,74,214,90,80,127,98,129,71,145,107,99,79,56,46,93,142,124,45,95,116,161,59,67,100,305,210,161,78,115,86,212,116,79,62,15,107,41,27,209,88,73,88,8,40,62,57,119,32,30,69,50,0,97,74,61,55,51,76,61,163,21,28
"WNT1",87,6,69,105,42,71,1,51,50,97,62,74,161,45,56,0,124,143,75,90,19,92,61,45,14,8,79,105,75,30,100,29,10,20,60,123,38,35,37,109,67,42,50,81,8,10,54,21,11,98,19,37,49,0,17,53,16,142,17,26,46,61,0,54,27,30,3,28,3,17,93,8,0
"CHRM4",161,11,197,672,160,135,2,95,135,191,238,104,537,145,125,19,175,430,136,183,59,236,157,65,34,141,255,255,142,36,354,148,5,38,181,348,206,71,120,302,185,232,219,178,43,44,117,80,28,336,65,45,144,4,32,127,49,384,50,58,106,96,0,236,75,72,2,49,12,47,347,23,22
"SVOP",3799,460,3984,9096,3250,2278,93,2116,4564,6211,3727,2327,8312,3886,3472,4007,2289,8486,3018,3661,1977,3347,3659,2696,1082,5725,4851,6098,4639,2308,6463,6981,1760,2493,5484,2516,8763,1991,3775,8480,5778,9401,5237,5220,1981,860,4775,2015,978,6814,2343,1737,3149,50,666,2716,976,5741,1141,949,2752,1759,21,5434,2137,3034,844,1435,1126,2571,8840,591,524
"LOC102724532",182,48,123,147,69,92,113,90,175,294,85,79,214,123,181,121,179,158,122,159,146,102,121,120,97,206,77,93,103,111,118,157,121,100,116,144,220,311,120,150,121,165,112,127,95,40,140,103,52,221,137,90,106,42,61,91,69,171,72,80,105,117,16,141,85,110,100,129,115,126,221,59,126
"LRTM2",1541,148,1169,2517,976,690,20,988,736,1380,1201,810,3079,1047,897,101,947,1914,892,1138,1168,1267,959,905,283,1128,1404,1157,808,592,1692,1375,543,578,1141,1147,1512,1061,1276,1611,1195,1533,1245,1018,837,344,1052,506,386,2010,887,739,1017,12,227,779,428,2049,453,365,659,738,16,1380,899,855,166,505,294,625,2067,282,283
"F7",47,13,103,145,80,39,2,68,96,66,53,36,195,70,47,68,65,111,31,55,46,53,53,48,48,47,51,75,71,26,49,39,17,47,127,21,102,90,55,66,32,125,68,57,40,26,40,26,22,186,43,51,44,3,13,71,23,88,27,25,34,34,5,76,36,57,6,32,26,59,116,20,7
"ZNF449",296,82,351,509,190,232,201,160,273,651,291,210,740,288,383,560,418,490,263,291,257,369,294,256,139,329,710,502,386,337,605,433,382,574,591,810,610,483,363,645,712,606,573,720,89,93,347,159,97,530,150,217,244,107,141,342,102,403,150,128,158,198,21,421,257,335,150,404,214,242,864,204,250
"C2orf16",41,7,42,158,23,41,11,39,32,82,78,27,110,50,49,47,163,75,30,33,36,35,29,40,16,43,59,43,58,19,59,53,37,43,62,45,74,79,29,82,75,63,54,60,19,16,29,8,8,67,30,37,26,11,11,37,17,57,20,10,22,23,3,27,34,20,4,32,19,27,88,14,25
"ZNF860",31,1,39,41,34,11,1,27,27,45,14,19,70,45,31,14,29,57,15,39,21,30,46,34,9,37,81,49,42,15,66,43,9,18,56,26,70,32,50,61,66,68,71,60,8,3,26,18,10,55,18,35,34,0,5,23,6,47,6,2,15,10,2,41,9,24,12,4,6,12,66,5,8
"KCNF1",2422,303,1493,4149,1066,1146,88,1420,1477,3336,2461,1138,3214,2397,1939,67,1397,3178,1652,2686,2022,1562,2186,1625,916,3238,1621,1974,1705,1423,1827,3542,1193,1387,1481,1240,4220,1781,2455,2710,1737,4604,1710,1762,1096,859,2034,1173,992,2835,1907,1545,1378,125,649,1177,1049,2932,846,730,1422,1177,90,2175,1058,1614,894,927,1052,1509,3051,616,481
"SMIM10L2B",3084,300,1926,3847,1724,1322,149,1849,2512,2460,1517,1216,4182,1901,1700,1067,1899,3278,1503,2438,1723,1634,1586,1815,975,2048,1820,2038,1750,1453,2002,2832,1041,1602,2215,766,3792,2162,2445,2871,2028,3268,2055,2018,1786,635,1975,924,652,3644,2065,940,1758,78,622,1752,905,3178,866,702,1235,1327,33,2182,1182,1576,526,1264,697,1684,3822,560,507
"SCN11A",49,28,48,52,17,44,44,37,110,103,34,31,65,22,47,45,73,47,36,24,47,59,47,63,26,35,68,18,43,66,36,55,89,80,62,136,26,77,49,32,47,34,55,58,15,7,45,31,27,51,59,46,45,9,30,15,20,37,28,18,44,24,3,52,26,66,8,76,23,43,62,23,37
"TARBP1",2851,610,2293,3217,1704,1836,1007,2345,2013,4824,2515,1758,7100,2519,3183,7830,2792,4098,2862,3470,2633,3471,2978,2608,971,3337,5819,4083,2867,3300,4477,3092,4657,4792,4345,4410,4279,3777,3654,3436,4567,3769,3528,4608,973,570,2471,1388,967,4960,1518,2483,2407,392,810,2430,742,3367,1152,975,1167,1447,121,3196,2454,2266,744,2428,1197,1610,6485,1113,1572
"DIRAS1",6753,824,6165,15586,5057,3305,232,4619,7095,6401,6678,3530,12693,5910,4271,4277,6405,10509,3916,6359,4318,4853,5160,3764,2088,7672,5222,6939,5284,3007,6489,8936,2243,5406,8007,1852,12911,3963,5259,11240,5700,12644,6268,6101,4914,2442,5422,2913,2007,10727,4459,2973,4797,222,1895,4659,2707,9590,3151,2568,3462,3542,91,7143,4613,4620,2139,2722,2308,4598,11979,1901,1285
"SYT12",2148,331,1766,4144,1275,971,60,1565,1574,2623,2132,1082,3434,2355,1902,6571,2216,3065,1605,2788,2027,1842,1790,1803,993,2135,1322,1742,1242,1266,1723,2641,938,1422,1985,856,4565,1832,2280,2972,1952,4451,1952,1979,1219,998,1491,1139,752,3345,1611,1218,1185,132,973,1591,1033,3671,1044,941,1200,1063,24,2254,1431,1196,781,1000,1161,1397,3312,811,492
"SLC6A17",8756,1019,8858,26326,6263,6124,104,4878,7108,11419,13347,5106,17482,8020,7191,7339,7788,17572,5644,9363,4777,7903,7539,6641,2851,5816,8201,8388,6207,4126,10308,8559,2570,5747,8319,1979,10411,5530,6624,12916,8541,11227,7895,9020,4265,2551,8456,4739,2251,14096,5182,3702,6393,103,2336,7052,2503,12883,3789,3363,5087,6268,103,7932,4668,4488,1605,3754,2008,5392,13354,2407,2584
"C17orf107",138,28,209,484,153,137,21,119,475,243,151,133,325,173,143,507,188,341,131,316,114,165,166,190,98,180,201,214,161,124,278,266,47,99,195,150,243,108,158,406,189,361,210,207,105,61,138,67,44,235,128,143,151,28,78,183,72,337,96,77,116,139,10,176,69,85,82,104,59,187,396,51,53
"KREMEN2",192,58,143,187,125,93,118,203,212,338,147,86,151,169,179,13,164,195,213,143,212,117,126,175,90,196,136,111,93,152,135,157,128,122,162,113,268,203,220,143,110,234,129,117,81,30,191,51,81,357,116,203,203,21,45,101,45,228,63,52,99,100,7,142,73,136,41,220,129,78,267,49,75
"RSAD2",229,27,144,366,162,171,99,118,179,270,369,139,333,209,207,76,214,232,141,276,244,167,176,175,106,315,242,187,235,403,372,509,216,307,385,772,386,190,189,286,272,359,333,296,67,47,184,101,80,294,141,122,160,35,97,252,110,185,256,229,98,130,1,230,289,221,117,194,194,145,474,92,250
"SMIM10L2A",4500,539,2893,4964,1986,2012,513,2194,4554,3959,2587,1851,6550,3029,2711,1118,2727,4746,2493,3699,2786,3057,2157,3085,1941,2583,2760,3909,2513,1997,3481,5067,2354,2499,3211,2013,5188,3110,3673,4256,3479,4496,2788,3305,2018,974,3313,1813,1046,5237,3181,1547,2486,258,1123,2726,1406,4258,1297,1174,1912,2071,122,3108,1464,2945,1243,1788,1466,3062,5434,997,882
"PCP4L1",1056,155,901,2560,635,425,21,596,954,874,1164,633,1492,897,706,656,708,1511,556,1036,677,503,924,625,328,1814,910,1461,1104,701,1445,1731,508,543,1168,7460,2298,1016,995,2043,1292,2017,1396,1165,534,388,872,515,254,1426,559,623,645,18,310,853,268,1242,320,275,532,548,7,1091,462,607,180,428,402,572,2217,210,200
"SPEF1",499,76,254,481,209,155,32,257,269,245,300,191,311,235,204,22,260,332,213,395,505,243,203,188,137,627,201,454,304,323,283,488,176,343,339,1509,803,476,542,337,355,680,254,327,211,156,217,134,197,519,249,193,239,67,151,256,155,511,144,111,170,212,13,277,197,341,231,239,184,307,597,175,99
"CLSTN3",11082,1314,10843,27672,7720,6983,227,6155,7889,13822,12582,7372,20897,9115,8030,18411,9606,18480,6526,10320,6144,9461,9059,7346,2817,10065,9507,10610,7387,4746,12637,11674,3723,6730,10274,3464,14475,7428,7666,15645,8235,15583,9380,10354,6741,4234,11408,5908,3004,20004,7412,5986,8731,289,2691,8537,3494,16895,4759,4082,6434,7243,154,12079,6413,5849,2731,4431,2908,5757,17586,3391,2414
"GPCPD1",1691,447,1213,2146,1253,749,883,1348,2489,2097,986,1025,3350,1987,1230,4587,1874,2069,1170,2024,1569,1686,1677,953,550,2393,2494,2118,1889,1280,2393,2376,2581,1655,2088,2791,4063,2506,2853,3099,2955,4074,3222,3000,553,347,1005,485,354,2466,873,1440,1334,282,565,975,762,1674,558,522,654,710,101,2050,903,2252,528,1369,687,1820,4624,699,1449
"ANXA6",9454,1330,11108,25750,7288,6943,584,5078,7716,10519,11250,6334,16014,8549,7382,5241,12392,15122,5766,8578,4558,7016,7286,6056,3046,12538,8202,9826,7928,4772,8969,14603,3853,6737,12585,6219,17585,9314,6135,14591,8500,18191,10652,8758,7021,3417,9455,4666,2636,18864,6973,4174,8251,880,3438,9405,3891,15156,4543,3971,5699,6156,331,11682,6250,5557,3138,5242,3229,6149,17451,3035,3096
"NRSN2",7827,995,5704,10560,4021,4000,625,4349,5184,6585,5649,3944,10811,4882,4312,3540,6373,8069,4512,5928,5529,4787,4641,4870,3466,6583,4680,5864,4517,4248,5533,8819,4310,4714,6600,4032,10834,8786,6497,7119,4606,10138,5268,4928,3650,1975,5320,3713,2793,10171,5687,3230,4921,762,2583,4939,2763,7945,3343,2879,3976,4597,171,5929,5441,4861,2814,4559,3441,4367,10030,2841,3179
"CALM3",67051,7841,62539,117452,47828,39013,5790,35537,54604,65800,64137,40653,108946,47625,42189,26346,54013,89483,38663,61844,32602,48896,43988,38732,22584,61216,50958,69133,47059,31938,65183,84660,31098,43283,59070,43740,98865,61258,43370,80902,54585,95442,55733,54132,46037,20381,58221,34056,17052,94836,40600,25628,52268,4603,19366,46280,19666,86925,24530,21731,35589,42571,2067,65923,32769,34425,14167,27947,15933,39720,101788,18092,14636
"PNPLA3",56,11,68,304,47,64,35,13,90,86,56,17,81,44,92,18,60,98,39,28,19,49,48,23,15,11,101,70,20,4,73,21,6,6,75,29,47,13,16,42,77,30,35,62,13,18,75,26,7,103,10,82,42,15,33,34,21,27,23,17,26,35,5,22,5,18,16,13,8,10,55,4,15
"ZNF596",266,91,186,156,162,142,319,188,207,447,102,171,459,154,224,698,232,173,231,138,217,207,204,197,100,232,268,125,164,275,238,423,544,243,323,471,413,427,305,224,262,331,277,236,66,62,200,132,68,336,157,201,206,74,93,157,90,251,86,105,107,74,15,228,164,259,97,226,166,155,379,85,258
"GPRASP1",6914,1276,7408,15206,5670,5200,1559,3622,6143,10221,8487,4781,15334,5881,6099,11779,6399,11699,4679,7317,3268,6639,5690,4498,1951,5722,8770,8137,6551,3715,11859,10176,4656,7135,8838,9156,12183,4610,4588,12577,9317,12090,8547,9537,2758,1535,6666,3422,1225,11725,3846,3600,6124,732,1619,5836,1890,8701,2164,1786,3786,3984,275,8891,3667,5392,1279,4016,1970,5521,15088,1702,2000
"RNF165",1639,155,1002,2167,802,855,28,864,1160,1473,1205,647,2554,1019,1022,1720,753,2260,859,1100,965,1366,919,846,478,1054,1396,1178,952,998,1461,1716,837,897,1163,904,1931,1667,1375,1900,1504,1899,1264,1442,717,376,1058,639,359,1340,1003,714,952,45,341,762,389,1969,471,398,645,845,22,1321,831,1105,384,666,454,905,1967,471,372
"EXOC3L1",104,24,116,144,67,53,20,64,134,99,76,51,123,83,87,168,99,109,68,80,58,84,73,77,49,91,64,84,80,57,79,76,82,41,91,120,85,128,63,89,96,107,62,63,32,22,71,45,35,163,63,72,85,5,37,119,45,95,50,46,66,79,5,76,43,53,19,57,41,69,149,24,44
"RELL2",1007,207,1188,2531,638,596,47,609,749,766,752,442,1586,819,557,701,1098,1230,467,963,629,650,694,618,344,1049,794,983,711,536,735,958,172,775,1117,358,1505,500,727,1260,794,1485,927,774,513,264,883,460,362,1790,637,432,705,69,300,885,349,1345,429,381,450,334,16,1087,628,558,265,422,389,428,1702,301,177
"NCR3LG1",183,55,390,1199,365,315,16,95,407,585,354,164,1194,442,343,1857,378,591,224,271,101,553,352,185,39,61,627,280,258,60,665,123,16,92,383,278,120,66,163,563,563,191,469,449,43,87,196,155,33,469,66,192,215,8,67,162,66,472,117,101,157,90,2,182,79,115,15,76,33,80,330,64,112
"CCDC113",674,121,730,1258,520,508,203,389,969,1119,686,458,1358,531,708,346,806,1198,596,722,440,640,573,620,247,685,932,783,595,581,1006,1117,662,575,894,2230,1300,972,654,1219,838,1104,949,1003,276,132,629,390,181,1056,364,464,555,101,283,506,201,820,345,288,373,467,26,778,527,648,194,441,268,507,1573,292,406
"CHRNB2",2392,256,2651,3754,1866,1003,43,1254,2184,2289,1497,1266,4622,1849,1336,1946,1561,3673,1279,1869,1275,1636,1587,1470,655,1677,2025,2146,1575,1104,2372,2335,801,1204,2416,1186,2532,2139,1602,3061,1679,2701,2107,1993,1183,586,1994,999,634,3696,1474,729,1643,20,490,1520,562,3304,724,653,1110,989,16,2090,1064,1328,453,781,579,1107,3227,467,391
"GABARAPL1",11697,1815,11751,31722,8910,9226,2987,5984,10490,17366,15921,8623,23514,10877,11118,8831,14398,18627,8298,14825,5941,10558,10175,8361,4329,15713,12467,14135,12308,7315,17030,23146,7650,11463,16356,15989,30665,11173,9562,23436,18967,29423,16860,16986,6208,4088,11674,7636,3220,20436,7659,6286,10428,2059,4324,14340,4482,19543,5261,4469,7882,10504,518,17018,9382,10395,4012,8314,4913,9659,26208,4798,4525
"TECTA",293,76,199,397,170,152,113,157,207,392,167,165,365,176,231,309,205,289,215,188,173,170,146,178,79,222,235,235,163,213,250,340,187,197,291,161,247,305,248,204,203,228,222,210,84,81,228,120,87,273,186,191,175,45,92,162,83,327,87,65,141,104,22,159,134,180,93,212,104,176,286,81,127
"CYP2E1",869,115,665,1103,392,513,344,488,345,598,668,404,880,370,498,1119,713,824,486,718,507,682,508,380,242,576,594,383,353,803,505,795,454,742,651,580,422,636,462,658,627,986,416,675,399,133,634,307,257,761,678,360,502,82,304,564,279,778,374,245,450,442,30,565,614,543,263,556,490,540,1002,228,235
"SLC45A1",897,216,725,1573,607,512,239,580,645,1048,986,593,1417,739,677,907,905,1213,586,711,680,690,665,560,382,905,638,722,520,572,711,1315,531,763,846,628,1533,1047,818,965,659,1343,719,679,534,399,763,538,372,1347,740,437,688,195,329,702,374,1237,426,430,603,566,55,999,761,591,376,597,573,623,1428,426,336
"FAM131A",5470,894,4111,9527,3348,2868,892,3349,3639,6725,4996,2968,10063,4744,4684,4107,3917,7527,3563,5010,3888,4787,4051,3358,1860,5182,4642,5210,4047,2977,6022,7472,2608,3830,5280,3080,8702,4256,5274,7174,4807,9643,5051,5448,2973,1642,4605,3035,1821,8137,3648,2858,3940,841,1864,4048,1962,7369,2215,1997,3075,3028,230,5891,3650,3838,1953,3054,2211,3986,8554,2116,1951
"TMEM241",439,85,381,785,302,356,91,246,342,480,399,247,811,276,252,89,369,533,263,363,231,350,304,252,164,307,407,382,319,165,454,492,200,336,423,317,481,381,319,556,407,438,449,438,243,147,365,271,117,673,306,202,332,53,113,316,146,599,134,153,234,270,17,418,267,287,107,245,130,313,580,117,152
"COPS7A",4029,903,3895,7014,2893,2443,1878,2578,3364,4836,3532,2703,6493,3108,2977,2934,4259,4462,2815,3705,2659,3003,2936,2681,1950,4768,3591,3784,3230,2436,4128,7004,2604,3158,4205,2698,6925,3572,3189,4857,3325,6766,3781,3599,2724,1399,3696,2161,1394,6510,3117,2286,3283,1061,1690,3653,1549,5537,1874,1526,2663,2291,253,4504,2477,2910,1984,2452,2000,3169,6854,1581,1640
"PPME1",4159,891,3568,8026,2583,2586,1675,2463,2615,5268,4068,2541,6522,3043,3089,3161,3662,4909,2624,3408,2678,2969,2698,2536,1676,3762,3178,3386,2980,2598,4272,6139,2786,3486,4040,3071,6144,4684,3392,5087,3444,6423,3664,3482,2628,1644,3576,2529,1615,5956,3517,2463,3305,1120,1594,3461,1725,5126,2004,1725,2636,2326,291,4103,3018,3004,1880,2578,2093,3543,6145,1915,1559
"GSS",1312,308,1004,1693,778,760,1111,771,940,1830,1230,673,1840,919,998,826,1441,1336,1028,909,891,878,807,830,696,1447,1063,1081,909,1053,1134,1922,953,1304,1214,1545,1813,1317,1074,1294,971,1929,1076,1066,728,267,1245,713,462,2017,874,806,1085,514,604,1277,482,1403,525,529,774,846,83,1228,864,1015,385,1073,842,789,1924,524,725
"NRIP3",1805,249,2345,4835,1852,1154,47,1310,2663,2568,1975,1067,3455,1819,1295,4545,1302,2830,1311,1674,1084,1061,1427,1154,737,2196,1960,2330,2004,1156,2994,2670,1002,1606,3021,2269,3571,1280,2005,3462,2021,4031,2416,2602,1196,890,1918,828,558,2988,1273,911,1744,51,412,1668,526,1852,733,627,907,967,13,2172,1373,1573,449,1108,688,1443,4194,534,430
"NRXN3",3039,506,3289,7615,2684,2092,1146,2193,2826,5078,3604,2068,8430,2889,2585,17445,2497,6219,2188,3072,1746,3035,3222,1928,1027,4189,5619,4732,3874,2680,6720,6034,3333,4406,5669,3956,7902,2682,4014,8337,5437,7237,5242,5750,1926,1271,2677,1425,978,4690,2220,2181,2115,493,851,1998,734,4265,938,1033,1576,1916,60,4266,3121,4212,982,2005,1895,3502,7509,1308,1156
"EFR3B",5175,1254,4448,7672,3055,2726,1078,3217,4571,5117,3821,2445,9600,3309,3479,6726,4438,6184,3035,3710,3780,4871,3001,2901,2269,1929,3528,3203,2519,2594,4768,4804,3179,3318,3780,4376,6016,3508,3776,4875,3669,3742,3533,3814,2460,2091,3008,3095,1725,6662,3101,2986,3017,1536,3396,3501,2182,6302,2335,1923,2376,2409,371,3285,3101,3316,1886,2156,1590,3512,6162,2687,2329
"SPCS1",2247,640,1792,2920,1159,1282,1790,1463,1722,2813,2195,1459,3070,1474,1750,1195,2859,1903,1451,1856,1539,1602,1405,1527,1279,2950,1917,1959,1829,1928,2187,5097,2933,2697,2519,3613,4678,3078,2497,2613,2396,4635,2321,2095,1100,738,1723,1260,786,2873,1677,1463,1633,740,1107,2098,900,2423,953,878,1360,1423,222,2357,1993,2741,1439,2215,1662,2407,3841,1193,1596
"ACP2",1353,288,1041,1640,769,729,468,785,1013,1642,1022,786,1890,979,1005,1235,1274,1675,848,1118,968,848,898,908,527,1205,854,1016,783,740,1127,1723,990,806,1246,1042,1901,1663,1036,1203,878,1979,1044,951,726,237,1265,678,397,1882,948,779,1059,272,571,1154,493,1716,622,546,765,756,48,1285,724,715,324,927,731,601,1926,412,633
"TMEM169",276,65,258,323,205,162,103,138,230,477,257,156,429,228,197,350,222,355,165,196,210,143,241,189,90,376,313,280,323,220,427,608,187,240,395,180,632,266,357,469,382,610,347,324,117,88,241,182,99,385,208,168,224,45,64,130,116,292,129,116,153,94,13,355,347,298,102,229,212,216,517,120,152
"RASGRF1",3903,1665,5657,12982,3920,2659,2487,2706,3672,5677,5639,2474,10574,4575,3483,8645,4387,8002,2863,5216,2668,3832,4174,2592,1165,4265,5286,6325,3684,3164,5620,6506,2467,4166,5734,846,8738,3173,4814,8996,5918,8343,5717,5540,1918,1307,3407,2471,1578,7960,2911,2152,3135,1353,1129,3735,1212,5886,1905,1641,2128,2175,399,4146,3111,3689,1259,1929,1757,2940,8288,1354,1199
"NAPA",4857,1065,4228,8445,3092,2726,1558,2533,2870,5103,4102,3226,7119,3465,3220,5836,4336,5676,2846,3752,2485,3232,3073,2919,1706,4531,3429,4033,2920,2451,3884,5375,1870,2226,3831,2164,5737,4509,3289,4350,2808,5802,3534,3292,2171,1824,4014,2526,1575,7786,3169,2294,3817,1186,1568,3870,1723,6253,2120,1815,2881,2735,327,4359,2606,2611,1324,2549,1565,2667,6468,1591,1685
"NIPSNAP1",2682,470,2228,4335,1704,1559,619,1359,2269,2853,2281,1639,3973,1944,1881,2074,2378,3357,1499,2122,1507,1879,1647,1854,1036,2693,2154,2602,1748,1323,2899,3714,1423,1935,2929,3015,4623,2438,1993,3605,2385,3899,2574,2442,1485,768,2253,1300,807,3651,1560,1247,2043,393,1008,1904,888,2938,957,859,1373,1469,81,2723,1522,2059,888,1751,1072,1623,4233,1099,1091
"CES2",1698,387,1389,2587,990,1021,974,943,2143,2298,1080,840,2526,1285,1354,2469,1818,1943,1333,1381,1151,1212,1084,1297,919,1325,1652,1370,1074,1004,1450,1852,987,1049,1395,1307,1859,1843,1268,1782,1433,2065,1389,1496,553,497,1159,797,535,1994,999,1008,1207,584,738,1774,786,1832,720,721,844,1079,132,1308,843,1140,618,1101,957,1177,2338,572,824
"FBXO16",242,33,203,304,122,121,9,158,148,250,183,159,472,196,129,248,221,216,136,248,178,191,160,131,92,257,225,258,210,281,318,577,167,160,281,356,583,300,374,405,275,399,314,364,119,35,169,92,51,311,140,105,141,6,60,184,76,271,92,68,109,131,3,295,222,253,67,106,95,196,475,93,102
"MED29",4051,1225,2803,4844,2353,2381,2417,2144,4099,4870,3080,2298,5039,2539,3378,2716,4612,3498,3057,2483,2808,2653,2241,2953,2156,3044,3059,2481,2488,2668,3116,5208,3946,3032,3464,4202,4798,6034,3414,3545,3335,4896,3139,3036,1545,1020,2635,2165,1395,4454,2721,2724,2862,1028,1994,2845,1722,3811,2100,1692,2328,2647,361,3179,2647,3360,1791,3805,2091,3206,5558,2011,3280
"BDH1",3175,691,2348,3057,1821,1514,600,1937,2151,2334,1746,1765,4274,1492,1523,5446,2420,2502,1583,1874,2123,2104,1642,1788,1049,2169,1947,1601,1230,1773,2094,3305,2014,2104,1922,2060,2979,3249,2353,1930,1667,2318,1719,1641,1472,876,2020,1410,820,3749,1981,1551,2272,344,1070,1988,1073,3064,1289,1109,1543,1270,122,2370,1803,1746,953,1734,1494,1734,3153,1005,1132
"EML6",1210,211,947,1636,638,779,151,958,812,1345,1105,667,2110,903,923,1550,1018,1117,728,1106,813,940,661,765,338,600,964,869,715,776,1124,1460,842,1402,877,837,1443,940,1464,1335,1105,1359,1150,1125,466,424,751,610,358,1489,901,752,866,132,499,739,398,1393,430,413,580,545,37,969,1139,929,363,684,436,959,1654,451,485
"RNFT2",1412,302,1286,1973,835,700,284,753,950,1232,1201,823,1967,798,744,951,1079,1224,806,977,818,796,801,835,459,1007,567,690,593,921,880,1861,862,940,910,675,1747,1193,1102,886,703,1459,954,719,835,572,1129,669,497,1739,1043,637,865,223,449,809,456,1378,514,426,725,710,57,949,945,784,434,622,548,1023,1284,588,362
"PSMB2",2737,819,2258,4368,1573,1739,2047,1757,1954,3792,2509,1639,3690,1847,2193,1628,3077,2795,1922,2093,1832,1864,1958,1736,1644,2914,2428,2463,2025,2082,2954,5398,3078,2923,3061,3537,4621,3718,2768,3185,2741,5095,2749,2620,1435,1108,2359,1825,1159,3362,2157,1611,2199,1122,1297,2482,1203,2930,1316,1199,1731,1587,252,2925,2657,2481,1701,2364,2131,2617,4724,1571,1685
"DDB1",7162,2036,6607,15653,4794,6094,3781,3474,7164,11003,8878,4631,10942,5531,7014,7238,9254,9421,5553,5027,3842,5707,4906,4864,3246,5860,6164,5395,4708,3927,7584,9563,4729,5003,6932,8609,8986,6784,5048,7739,6112,8872,7071,6210,2909,2991,6214,5235,2714,9952,4399,4620,6132,2930,3936,7228,3343,9457,3610,3284,4947,5563,798,6727,5027,4871,3228,6096,3312,5011,11117,3778,4923
"COG1",3056,576,2363,4089,1667,2013,1083,1498,1989,4028,2887,1802,4588,1756,2251,3334,2432,3211,1886,2175,1399,1997,2023,1929,891,1915,2540,2264,1645,1740,2552,3129,1332,1734,2420,2311,2714,2922,2172,2582,2184,2925,2288,2446,1121,807,2624,1310,823,3665,1942,1618,2174,455,947,2292,935,3431,1151,911,1450,1746,131,2561,1499,1650,770,1890,1043,1742,3873,940,1242
"HGSNAT",2826,726,2179,4005,1474,1753,1738,1592,1745,4045,2072,1522,4282,1843,2256,3374,2613,2998,1832,1955,2249,2368,1977,1828,1039,1615,2222,1671,1485,1796,2601,2498,2587,2579,2149,2537,2450,3115,2056,2349,1995,2479,2088,2266,954,584,2177,2008,1124,3623,1795,1803,2310,1033,1297,2926,1053,2893,1278,1199,1599,1803,209,1708,2051,2088,585,2296,1416,1368,3468,1195,1734
"NEU3",715,252,630,1214,564,515,560,352,682,1088,697,400,1049,570,603,970,720,913,517,461,485,433,554,548,216,583,718,524,509,542,1048,958,374,420,715,666,801,868,736,788,621,819,702,689,245,222,622,407,230,1124,454,318,588,210,250,489,251,855,297,265,374,348,81,651,491,617,226,532,306,526,1078,451,471
"CHP1",3511,773,3117,7535,2490,2357,1709,2022,3351,4897,3290,1866,6195,2789,2677,2178,4050,4414,2220,3132,1884,2684,2544,1744,1643,3586,2926,3489,2623,2076,3682,6028,2741,3497,3744,2811,6392,2572,2430,4791,3866,6529,3338,3511,2016,1478,3053,2197,1103,4979,2089,2139,2593,1537,1682,3214,1353,4268,1477,1312,1947,2253,381,3203,2484,2603,1627,1980,1925,2885,5407,1687,1540
"LETMD1",2679,597,2192,3655,1649,1775,1333,1623,2102,3095,2855,1523,3380,1538,1764,2143,2511,2185,1710,1979,1573,1678,1464,1592,1269,2094,2023,1701,1911,1977,2580,4151,2580,2632,2341,3210,3665,2506,2240,2456,1969,3606,2138,2084,1458,790,2017,1458,880,3098,1945,1324,2084,656,1207,2352,1143,2576,1258,1152,1641,1992,163,2392,2428,2205,866,2234,1510,2222,3859,1140,1380
"FBXO9",2634,659,2487,5027,2191,1774,1420,1773,2694,4619,1953,1712,5855,2516,2549,4508,2690,4554,1888,2840,1595,2532,2369,1733,1124,4188,3966,4240,3707,1854,4141,5304,2135,2168,4739,3490,7366,2331,2577,6729,4687,7594,4579,4161,1151,1021,2225,1460,912,3991,1810,1718,1887,884,992,2346,1045,4326,1149,1019,1611,1102,161,3795,2691,3223,1328,1929,1832,2408,6936,1191,1609
"WDR46",1216,246,952,1408,688,619,538,729,849,1287,890,698,1519,740,786,737,1491,1169,721,876,855,792,745,771,508,1082,826,718,701,764,886,1746,815,656,1010,943,1651,1450,734,929,640,1462,775,762,629,424,916,575,422,1578,766,750,914,411,419,1156,483,1483,585,450,636,586,73,1084,698,613,684,593,628,794,1580,466,499
"CD99L2",10271,2481,9616,21559,7483,6518,2516,6253,9359,12248,11223,5620,14939,7654,7159,6618,10437,13464,5961,6567,5020,6280,6864,5686,3259,9953,7808,7277,7311,5265,9327,13903,4233,8501,10997,6540,14543,9596,6573,12462,7464,15686,9143,7787,5961,3796,9580,5479,3145,15132,5905,4693,8716,2577,3792,7032,3905,12990,5337,4509,6155,7311,1133,9560,7739,5788,3652,6847,4678,6293,16271,4130,4759
"ACLY",2642,716,3058,8519,2175,2553,2133,1479,2921,4888,4107,1726,5210,2703,3163,3475,5469,4269,2136,2754,1475,2609,2351,2143,1398,2616,3050,2931,2461,2008,3670,5119,2141,2600,3587,3968,4557,2528,2579,4461,3368,4814,3729,3664,1152,1369,2484,2013,1103,4625,1965,2128,2605,1844,1877,3255,1407,4073,1653,1432,1990,2127,268,3007,2549,2632,1593,2733,1908,2946,5289,1793,1988
"EIF4H",8269,2558,6740,16434,5925,5776,7317,4341,8240,13955,8459,5158,11546,6222,7445,9114,9956,9966,6202,6062,5084,5952,6165,5390,3994,7498,7897,6981,6848,5652,9700,15792,6729,7350,9310,11945,13332,8493,7990,11030,8433,14645,9174,8749,3896,4248,6856,5369,2955,9973,5685,4900,7071,4202,4206,7775,3936,10136,4503,3886,5226,5849,1243,9119,6829,7326,5308,8181,5054,8628,14964,5508,6030
"ZCCHC17",2402,450,1636,2950,1209,1315,1128,1293,1683,2539,1680,1339,3217,1376,1518,1250,1944,2477,1537,1944,1576,1562,1406,1338,1245,2682,1768,2035,1922,1830,2480,4820,2101,1838,1995,2058,4339,2371,2169,2816,2407,3767,2151,2191,1462,915,1865,1263,920,2652,1942,1149,1594,687,1014,1697,1042,2282,967,786,1389,1361,175,2051,1778,2151,1283,1911,1378,2415,3387,1279,1208
"PITPNA",5621,1104,5047,12404,3701,4040,1347,2997,4935,6603,6279,3391,8875,4177,4326,5180,7479,7443,3551,4609,3312,4116,3895,3204,2661,4565,4625,4827,4121,2900,5940,8252,3610,4542,5941,4937,9238,5586,3954,7728,5824,8478,5651,5305,2965,2540,4594,3369,1808,8106,3608,3072,4131,1413,3057,4671,2659,7223,2977,2542,3276,3658,381,5360,4493,3903,2469,3681,2306,4272,9171,3014,3434
"MRPL30",805,243,667,1318,568,584,682,432,807,1204,807,519,1318,558,750,763,975,1086,634,721,568,619,573,507,435,1093,1060,918,841,586,1213,1958,720,919,1016,1143,1765,935,854,1324,1024,1959,1054,1111,432,275,764,546,271,1164,563,507,708,335,382,718,330,929,346,305,544,548,94,1047,693,769,404,685,517,945,1794,527,539
"ST3GAL3",1717,416,1298,2361,968,931,329,1040,1457,1347,1375,880,2437,1108,974,1049,1470,1533,953,1114,1392,997,898,1069,810,1461,1013,1116,913,978,1197,2313,935,1264,1329,872,2291,1930,1567,1495,978,2038,1064,1049,1041,581,1224,882,666,2023,1391,729,1108,249,624,1208,737,1874,822,724,884,1160,74,1274,1074,1215,634,975,783,1277,1882,654,666
"IMMT",2442,689,2410,4953,1660,2000,1488,1288,2270,3384,2618,1763,3853,2136,2201,2202,3154,2985,1707,2160,1447,1903,1808,1493,1277,2862,2208,2516,2023,1761,3031,5265,2231,2451,3058,3588,4859,3336,2535,3463,2257,4652,3042,2778,1271,913,2295,1729,826,3702,1719,1407,1997,917,1291,2221,1002,3219,1335,1128,1580,1430,231,3020,2465,2240,1475,2338,1618,2271,4757,1410,1499
"PNPO",1018,203,987,1999,690,756,256,506,1044,1206,940,617,1214,653,780,750,1032,1048,613,624,347,615,585,623,419,546,763,608,522,388,988,1048,463,504,873,1299,838,945,630,1095,760,986,991,910,370,407,861,455,252,1192,581,443,821,248,498,764,421,1110,374,353,545,439,43,829,582,618,380,492,272,609,1293,298,467
"DHX57",929,221,775,1336,574,645,383,494,690,1081,924,565,1375,662,676,858,952,931,637,542,639,736,518,603,398,886,791,605,661,687,925,1551,955,710,924,1252,1292,1113,895,982,842,1156,1028,886,389,247,697,500,293,1154,651,489,659,240,400,676,355,956,414,401,478,465,45,918,764,771,336,692,628,659,1398,462,673
"PCNX2",3444,634,2981,5742,1915,1837,459,1716,2789,2923,3093,1700,5689,2165,1957,4964,2866,4148,1694,2500,1947,2154,1925,2071,1113,1591,2471,2373,1815,1499,2580,2495,1573,1830,2208,1181,2656,2514,2252,3760,2427,2579,2360,2556,1903,1164,2190,1512,1193,3810,2270,1420,2077,290,1139,2057,1140,3649,1395,1353,1594,1974,124,2252,1992,1589,744,1462,1159,1750,3521,1143,1221
"MECR",875,180,921,1406,627,575,459,578,807,1206,780,444,1463,789,740,582,981,1051,787,712,716,709,639,726,501,1196,797,891,682,701,892,1657,632,735,1063,1006,1602,1407,905,1057,866,1502,948,827,612,292,857,412,318,1445,662,521,724,193,438,752,343,1204,470,386,585,633,61,1107,640,755,463,707,596,699,1600,349,416
"MRPS25",2868,625,2041,3478,1482,1665,1280,1779,2084,2978,2149,1556,3832,1650,1979,3394,2762,2517,1631,2099,1969,1869,1597,1693,1201,2179,2313,2086,1570,1949,2494,4398,2614,2533,2318,3140,3716,3718,2588,2592,2336,3382,2370,2382,1270,1085,1855,1527,1135,3172,2292,1476,2053,813,1291,2208,1248,2989,1316,1101,1702,1548,249,2385,2615,2176,1822,1930,1971,2676,3672,1453,1736
"BBS5",1147,289,621,1163,486,577,467,647,709,955,665,521,1154,519,616,547,851,738,635,618,741,600,542,734,555,513,638,599,457,741,611,1035,707,761,617,1175,921,994,847,622,615,901,629,552,497,319,633,539,440,1050,744,547,785,211,397,730,420,958,459,394,547,466,62,671,639,661,414,744,429,755,1095,441,513
"TRIM9",8261,1700,6179,13635,4304,5323,1842,4892,5382,9777,6025,4565,13766,5322,6223,17578,7487,8360,5018,6380,4995,6657,5245,4866,3510,5895,8668,6139,5307,6136,9685,11100,7147,7595,7137,6559,9918,7086,8599,7784,8076,8923,7810,8023,2491,3013,4857,4293,2381,8873,5347,5284,5386,1007,2989,4518,3205,8409,3218,2793,4449,3666,322,7027,6927,8321,3047,6089,3347,7319,11371,3566,4371
"NICN1",1533,389,1281,2668,1207,1028,574,860,1326,2071,1037,922,2451,1133,1104,1587,1252,2003,1074,1136,711,1189,1051,755,476,1334,1496,1585,1336,870,1818,2063,869,938,1440,1303,2198,1150,1139,2245,1315,2512,1439,1535,858,546,1261,955,640,2140,937,699,1317,446,561,1040,637,1896,689,549,934,843,84,1633,1264,1138,553,965,721,1087,2479,708,784
"MRPS5",2077,1253,1605,3532,1337,1646,2272,1183,1448,3103,2345,1215,2308,1224,1732,2429,2146,1406,1316,1298,1472,1248,1164,1197,1009,1965,1474,1285,1182,1892,1775,5067,1990,2186,1426,2563,2781,2689,1822,1589,1390,3164,1756,1535,1502,1796,1579,1909,1609,2541,2264,1131,1852,2050,1383,1789,1426,1979,1545,1332,1578,1493,592,1890,2491,1985,2931,1986,2147,3058,2593,2493,1615
"PPP4R3A",1646,552,1117,2719,852,1183,1350,816,1008,2021,1441,896,1841,961,1167,2539,1580,1006,897,769,924,831,876,849,931,1274,1398,823,1046,1481,1720,3488,1930,2060,1597,3459,2257,2060,1907,1517,1701,2269,1758,1459,811,1535,1011,1378,1014,1510,1542,1056,1099,1421,1193,1636,1139,1496,1069,999,1035,897,302,1395,2698,2146,2261,1735,1716,2727,2214,2234,1525
"HDGF",4996,1679,3025,6696,2440,3018,3706,2492,3143,5465,4139,2263,4719,2670,3256,4463,5046,3023,2879,2601,3500,2578,2217,2735,3073,3127,2322,2407,2608,2601,3308,9674,3409,4116,3373,7846,5791,6938,4108,3333,3206,6273,3528,2807,3019,4436,2772,3894,2965,4697,4724,2678,3489,3825,3694,5046,3649,4413,3636,3027,3362,2931,1102,3524,5608,4419,6791,4626,4718,6386,5117,5118,3955
"PTPN21",846,224,462,848,424,535,515,397,607,817,600,407,810,487,529,899,1033,436,432,347,436,473,314,401,455,291,508,319,336,410,609,1005,819,810,538,1290,439,1172,614,443,719,500,588,521,269,489,402,619,397,575,617,515,455,527,749,888,565,646,482,441,505,492,97,557,849,703,581,833,477,840,833,945,1118
"EXOG",326,190,229,551,229,244,425,232,318,617,283,232,520,257,291,760,360,256,278,235,281,210,241,170,170,300,326,188,263,263,471,566,407,323,400,435,442,536,344,341,319,434,310,325,175,140,256,216,136,441,275,279,258,209,198,273,147,393,191,150,221,117,49,324,326,331,165,418,279,258,438,216,313
"TRIM4",640,318,470,922,367,520,354,395,520,747,577,418,640,346,479,776,855,318,443,294,311,419,276,318,290,319,408,260,259,394,563,1357,702,546,551,1125,674,1004,625,434,499,656,551,419,310,643,398,548,395,601,631,403,523,385,472,919,561,647,413,365,485,462,139,515,866,750,640,602,394,1092,712,855,770
"ZMYND8",3980,1443,2708,5509,2400,2745,2130,2098,2530,3858,3205,2211,3717,1870,2231,2720,2594,2412,2085,2022,2223,1934,1497,1944,1695,1478,2140,1614,1274,2414,2572,5476,3782,3251,2597,2911,3284,4587,3494,2794,2157,3279,2629,2201,2842,4130,2272,2964,2278,3041,4713,1801,2984,1841,2079,2763,2967,4038,2517,2129,2647,1498,486,2904,5087,2665,3979,3356,2806,4800,3370,2918,2484
"UNC119B",1694,524,1073,2080,831,1219,472,812,1211,1515,1418,785,1794,873,1061,1523,1637,1167,851,796,871,921,663,890,801,1032,1212,807,794,850,1532,2979,1776,1315,1326,3799,1946,1959,1325,1374,1250,1681,1174,1070,715,1053,931,1373,814,1393,1181,826,1088,739,1246,1396,1302,1667,1087,845,1004,1075,154,1261,2151,1360,1433,1733,1127,1805,2133,1528,1940
"RBM17",2922,1124,1875,4079,1477,1941,2513,1580,2270,3765,2382,1584,3132,1627,2230,2787,3457,1827,1780,1609,2067,1617,1400,1603,1941,2610,2452,1949,2076,2680,2936,7066,3385,3200,2717,5126,3944,4775,3138,2368,2811,4321,2767,2359,1286,2540,1703,2312,1755,2670,2848,1955,1951,2727,2798,3063,2418,2673,2184,1846,1944,1727,892,2481,4148,4008,4878,3786,3810,5033,3983,4015,3273
"RELA",1744,1271,1101,3017,840,1340,1797,946,1080,2148,1868,887,1361,877,1243,1431,2217,763,1040,764,1152,845,789,1042,1031,739,730,433,551,1077,976,3775,1257,1474,881,1567,1124,2215,1434,591,828,1394,860,698,936,2957,1133,1784,1956,1517,2754,1438,1547,4034,1797,2460,1902,1350,1696,1254,1574,1509,899,916,1724,1427,4088,2264,2317,3129,1316,2774,1790
"HNRNPH3",4773,2192,3336,6839,3157,3688,5417,2861,3578,6438,4128,2813,5586,2880,3514,6757,4760,3122,3014,3083,3201,2819,2450,2808,2990,3419,3725,2783,3132,4489,5275,13255,6203,5471,3484,9751,6700,6185,5612,4192,4539,8130,4609,4432,2502,4429,2939,3919,3133,4311,5268,3311,3903,4753,3712,5301,4082,4137,3191,2804,3328,3055,1677,4486,6683,6758,6735,5494,5554,10729,6777,6623,4587
"ZNF32",1355,658,892,1649,768,798,1364,756,760,1478,1084,723,1234,801,808,851,1184,814,787,859,1127,657,704,733,788,1935,918,898,1080,1539,1143,3952,1438,1420,1073,1776,2728,2019,1297,1263,992,2668,1238,934,1060,1014,889,1061,1147,1501,1435,710,981,1060,918,1137,932,1215,928,771,871,825,351,1225,2013,1292,2043,1217,1864,1820,1626,1878,874
"ZBTB34",707,338,384,781,356,508,507,366,411,845,572,334,680,316,368,980,441,386,347,234,395,308,317,260,301,333,445,252,295,469,629,1131,683,576,490,922,617,487,671,485,505,759,567,505,303,456,368,566,482,580,718,435,476,484,332,431,391,537,376,348,414,290,141,484,947,738,656,502,505,883,593,643,709
"PSPH",531,359,376,708,514,333,436,326,468,651,485,295,640,278,367,315,455,410,316,315,412,282,266,261,319,362,349,313,365,341,431,1198,511,437,401,1156,743,601,508,436,379,664,423,397,351,530,372,507,434,627,526,335,428,425,424,362,425,507,372,329,330,341,160,459,790,673,678,556,451,903,679,725,493
"NFKB1",543,383,385,1022,367,395,584,279,464,942,566,308,593,371,417,832,852,380,414,372,386,316,344,298,313,418,405,303,344,353,541,1162,519,597,482,749,579,831,493,415,468,783,494,419,248,567,388,470,355,511,573,498,479,834,506,810,410,595,410,349,413,360,196,429,605,742,775,570,585,862,664,679,743
"COLGALT1",1766,1177,1169,2993,879,1412,1680,943,936,1937,1835,959,1408,934,1003,2095,2349,942,785,853,1115,755,782,911,1063,760,711,582,587,906,1006,3228,1015,1175,858,1693,1346,1932,1126,858,803,1450,857,793,1064,1600,1296,1484,1598,1675,2392,1304,1405,2916,1704,2447,1760,1719,1388,1188,1637,1283,630,1038,1710,1236,2368,1115,2035,2510,1416,2211,1361
"PPP1CC",3260,1036,2295,4621,1738,2200,2190,1543,1931,3540,3179,1731,3468,1716,2261,3398,3033,2019,1625,1577,1793,1675,1531,1623,1806,2726,2575,2083,2290,2448,3399,8194,2800,3507,3268,6498,5225,3661,3349,3304,3251,5127,3367,2966,1579,2956,2027,2626,1692,2939,3008,1652,2080,2255,2429,2892,2481,2955,2068,1761,2040,1970,477,3067,5090,4303,4985,3753,3411,5699,4963,3897,3263
"SNHG3",589,273,328,831,243,379,358,382,270,449,534,253,475,271,275,343,717,226,239,245,463,235,217,283,401,468,328,343,265,398,459,1384,523,868,419,769,594,804,608,330,284,549,307,313,386,415,329,461,387,380,748,273,409,413,377,552,384,437,357,328,348,424,112,418,910,676,743,603,613,988,745,800,518
"ZHX3",5409,1827,3248,5553,2705,3458,1956,2283,4117,5398,3842,2599,4977,2366,3647,5395,3156,3094,2914,1785,2773,2826,2056,2984,2168,1943,3051,1543,1819,2431,3374,5784,3804,3511,3141,5225,3603,5407,3318,2829,3500,3028,3205,2816,2136,2814,2968,4471,2895,4274,3800,2043,3470,2755,4459,3469,3156,4477,3115,2663,3096,2597,661,3160,5289,2929,3444,4598,3171,4034,4609,4337,4847
"ZNF143",442,199,348,773,272,272,335,221,310,523,459,253,543,281,328,593,500,306,241,302,295,259,209,278,228,310,308,298,316,348,354,926,380,541,369,649,433,543,379,446,439,553,445,357,170,362,210,393,309,379,377,298,292,406,396,524,299,382,296,248,283,315,100,333,592,457,456,524,437,580,538,513,417
"AUP1",3781,2371,2076,4009,1850,2202,3819,2202,2071,3587,2958,2049,2870,1646,2018,2648,3769,1729,2052,1972,3232,1572,1594,1981,1770,2461,1613,1846,1448,3200,2150,7183,3254,3181,1930,2457,3294,5868,3069,1660,1533,3723,1860,1548,2434,3996,2328,3068,4131,3498,4907,2239,2729,3771,3122,3489,2960,2902,2997,2288,2613,2492,1081,2490,3796,3008,6615,3321,4652,5498,2952,6002,2824
"ITPRIP",271,192,158,462,111,185,291,98,192,290,414,142,126,230,227,49,472,80,113,141,156,112,70,111,186,52,96,89,28,166,132,425,185,288,111,455,109,646,387,66,387,128,121,104,57,289,95,216,165,117,449,319,130,342,433,1054,435,276,234,209,202,267,131,127,196,313,414,552,264,553,149,486,406
"HBP1",892,417,554,1175,493,590,996,460,677,1496,835,448,864,552,685,1051,847,444,520,406,476,457,503,514,418,454,801,421,533,512,777,1519,828,1057,871,2096,908,849,929,646,895,1016,1035,889,307,804,492,821,427,727,833,369,690,843,656,1011,698,682,607,446,636,644,283,660,1022,1094,938,995,619,1527,1028,897,1074
"TRIM8",5877,1829,3610,6571,2496,2872,3178,2864,3896,5182,4180,2643,4761,2613,3652,2840,4271,2898,2629,2174,2962,2757,2180,2892,3935,2576,2431,2122,1929,2732,2851,8330,3527,4049,2887,6027,4074,5590,3927,2489,2807,4098,3318,2358,3131,5931,3113,4589,4008,4551,5712,2427,3678,3351,4887,4326,5680,4639,3638,3039,4137,3294,990,3471,5980,4407,7470,4482,4041,6896,4818,6097,4062
"TAF3",664,240,531,1174,412,509,451,331,491,650,633,387,598,345,408,825,522,464,319,344,446,326,326,305,376,297,411,225,328,378,509,1136,520,637,508,683,656,886,700,547,530,736,456,430,373,641,488,473,430,574,766,323,404,667,449,569,472,586,419,401,403,315,178,459,800,562,783,528,608,1037,733,724,438
"UBXN2A",463,227,383,864,346,366,419,322,498,702,552,283,490,297,372,654,627,315,320,259,343,254,268,290,331,316,387,294,330,375,511,996,607,612,481,1251,572,542,580,557,552,681,487,441,234,506,321,498,351,458,485,310,390,462,431,524,375,430,391,335,323,340,84,419,794,512,592,717,568,833,774,715,768
"IRF2BP2",2993,1945,1908,5034,1460,1752,3265,1855,1877,4318,2296,1496,2353,1936,2183,3474,2225,1414,1811,1328,1639,1325,1540,1518,1588,1809,1939,1012,1505,2832,2345,7484,3693,3362,2206,7523,3400,3407,3471,2002,2674,4646,2840,2153,1325,3584,1750,2582,2315,2334,3346,2036,2156,2941,2033,3007,2243,1958,1917,1706,2061,1627,1349,2439,4276,4567,5768,4054,3499,7067,3602,4707,3156
"MOB3C",566,257,353,770,254,399,377,329,445,382,464,254,297,271,286,1308,727,222,262,217,388,248,179,246,393,187,184,120,208,273,296,832,424,477,294,592,284,847,415,175,273,250,257,177,261,460,311,468,415,408,636,501,391,460,666,919,566,471,537,420,411,529,83,300,596,448,638,513,483,740,418,662,615
"PNPT1",1436,1213,885,2428,982,1249,2638,874,993,2701,1409,860,1500,762,1206,1197,1528,779,911,713,1047,755,892,771,733,922,1033,770,862,1236,1219,3839,1480,1792,982,2545,1438,1658,1390,1050,1020,1936,1367,1044,818,1209,944,1429,1349,1342,1877,788,1267,2132,1076,1140,1089,1029,1067,911,1167,716,492,1229,2159,1680,2225,2028,2092,2521,1528,2005,1254
"SIRT1",738,267,433,970,353,498,877,388,466,1109,568,358,811,376,592,1174,660,437,465,277,369,408,391,314,418,324,659,354,504,515,663,1278,920,739,573,1606,641,802,787,572,697,853,654,630,282,736,402,648,407,561,744,471,444,873,498,829,497,624,396,381,454,409,273,539,1064,975,912,725,667,1183,879,831,586
"CTBP2",1597,630,1144,1851,844,936,733,713,1178,1281,1164,845,1398,852,920,2921,1500,963,801,782,815,807,637,786,805,1061,1005,934,800,1275,1422,3258,1737,1457,1092,2086,1903,2060,1705,1207,1330,1625,1262,1105,644,1057,1003,1261,908,1245,1520,852,958,854,1097,1761,1120,1239,864,802,992,944,251,1275,1867,1756,2129,1611,1352,2697,1841,2008,2026
"RAB29",1048,326,737,2202,503,844,448,437,675,1012,1353,456,849,503,675,456,1634,541,466,367,491,551,372,537,632,608,669,511,482,436,951,2487,699,1137,798,1888,1140,1080,627,543,1059,823,744,560,461,1013,638,928,480,809,820,523,546,699,1117,1002,700,873,667,584,593,952,148,625,1319,856,1730,1133,1153,1297,1385,1237,1137
"FOXN3",1472,365,1012,2635,814,982,642,689,1371,1737,1543,738,1646,1129,1183,10059,1527,1165,793,863,805,837,811,856,756,720,1212,858,995,837,1470,2461,1257,1489,1163,1812,1423,1543,1137,1446,1544,1206,1528,1324,728,1765,751,1332,668,1280,1340,679,826,1060,1386,1684,1343,1520,1051,957,888,883,267,1085,1626,1087,1577,1076,987,1863,1861,1501,1605
"STK38",1314,409,642,1261,457,738,716,795,536,948,895,622,941,530,558,1229,1432,470,518,593,879,537,422,612,642,519,470,417,425,972,660,2049,1312,1214,562,1017,907,1855,1118,457,617,963,650,545,576,904,644,938,885,961,1352,578,727,917,915,1709,907,1035,726,623,855,845,273,687,1620,1426,1383,1345,1138,2006,1077,1478,1082
"HP1BP3",6764,4077,4822,10097,4622,5352,5359,3539,5045,9889,5825,4128,7688,4016,5106,6099,6824,4835,3874,3405,3191,3817,3679,3580,2815,3067,5699,4079,4314,4012,6781,11689,5494,5646,5148,9142,5126,5972,5534,5831,6148,6520,5986,5873,2976,5438,4123,5802,4653,6271,6685,3412,5102,6460,4758,5652,4969,5978,4232,3671,4802,3569,1711,4769,6437,5916,6711,6819,4439,9254,7779,7675,6844
"FANCE",173,76,110,209,87,87,151,91,97,194,144,90,125,94,85,225,214,72,91,86,118,68,78,78,119,108,90,55,78,47,129,240,65,89,111,181,140,198,98,65,73,149,90,88,64,75,113,118,109,131,148,121,123,188,111,567,145,119,91,89,125,131,27,88,173,151,141,180,185,211,146,160,191
"PPM1D",500,255,279,640,286,315,547,250,217,772,332,249,451,225,334,999,384,225,264,174,285,229,201,198,220,313,351,202,212,300,401,999,378,384,362,704,389,416,348,274,331,526,434,329,209,456,242,417,331,370,451,318,338,772,312,420,326,406,258,247,325,191,170,371,490,472,607,446,511,607,400,548,358
"CCDC69",551,153,488,1071,381,299,102,213,406,194,685,233,483,513,202,287,859,435,174,372,334,297,222,284,346,267,312,241,196,206,424,709,318,691,400,756,435,1431,270,362,365,470,201,229,325,600,258,415,328,541,506,176,236,278,629,753,615,451,461,360,272,515,83,394,601,271,551,620,565,758,508,621,565
"SYS1",843,403,633,1218,578,620,993,413,636,1239,878,544,856,443,587,572,1090,499,492,402,582,472,448,431,453,643,467,421,486,672,724,2001,727,627,563,1388,1131,1168,635,596,626,1187,644,558,485,652,550,789,589,832,769,430,644,875,732,992,635,683,580,475,654,598,188,622,872,699,1079,850,850,1077,906,1022,811
"CAPN2",4500,1554,3085,7689,2099,4438,2927,2571,3862,5216,4718,2245,4784,2299,3630,5204,6261,2077,2881,1875,2567,3003,1959,2729,2522,1761,3142,1616,1676,2614,3599,7364,3924,5384,2813,8808,3754,6585,3494,1938,3074,3196,3502,2682,2394,5388,3157,5144,2483,4691,4945,3122,3368,3128,6720,5223,5429,3768,3072,2614,3609,3486,586,3031,7761,4359,6660,5096,4734,5721,5354,5044,5320
"FCHSD2",1599,794,1039,2351,768,1095,1352,963,1324,3178,1597,907,1332,1233,1618,1502,1970,1052,1222,830,1263,945,835,1156,1143,1072,1219,904,1383,1563,1287,3436,2627,1588,1386,2515,1648,2451,1772,1186,1670,2216,1778,1426,631,1301,981,1352,1105,1308,1956,1008,1242,1544,1388,2375,1482,1161,1284,1197,1321,984,588,1300,2115,2453,2085,2408,1948,2856,2171,2463,2398
"RHOQ",3157,952,1845,4666,1250,1955,1944,1405,2071,2602,2315,1417,2467,1364,1916,1023,3104,1148,1475,1148,1863,1473,1214,1710,2036,1783,1938,1298,1823,2546,2594,5850,3563,4197,2377,7087,3566,3830,3327,1760,2777,2896,2517,1980,1392,2906,1470,2313,1983,2333,2948,1724,1599,1850,3398,3242,2863,1763,1984,1846,1705,1916,364,2115,4447,3599,5007,4051,3995,4774,3719,4572,2999
"ATF4",6578,2898,4122,14466,2981,4083,6738,3978,3908,8745,6708,3524,6049,5199,4697,6113,11590,5018,4464,5618,5561,3698,4199,4387,5721,8351,4222,5493,5177,5797,5345,16090,6367,7255,6352,6595,13838,11134,6472,7102,5858,14889,6270,5615,4807,10364,4327,5980,6425,8279,8205,5214,4568,6108,5679,9422,5689,8448,6210,5035,5874,4317,2409,5715,8549,7817,19464,7542,9934,14597,8752,11548,7284
"LRP4",10374,4068,4964,8451,3662,6494,1590,3203,8017,5951,6076,4157,6034,1945,4681,1754,7384,1547,3137,1104,3351,4075,1962,3254,2829,1111,2924,881,1237,2465,3398,8573,5090,4363,2738,5284,3050,7025,5248,1167,3036,1577,3243,1591,2445,7265,3542,8254,4090,4450,7295,4216,4043,5631,10391,3573,6108,5275,5810,4767,5364,5322,2041,3012,7900,3970,6546,6855,4064,7347,4266,9464,6757
"PXDC1",706,270,304,1500,257,466,420,361,339,547,755,315,323,352,403,168,1993,199,304,266,533,244,226,390,805,269,261,134,262,490,339,1396,678,814,379,1067,460,2330,589,214,437,443,254,274,293,961,323,624,655,281,983,839,360,692,930,1052,915,508,720,524,545,725,201,357,894,811,1824,1203,934,1716,521,1723,1292
"MXI1",4926,2843,2767,6627,2654,3193,5930,2784,3326,6633,3427,2746,4124,2313,3946,4055,4043,2377,3394,1941,3361,2293,2218,2394,3200,3044,3262,1804,2591,4352,3579,9700,6510,5176,3914,8220,4553,6597,4604,2986,3517,6116,4176,3138,2073,4063,2442,4117,3794,3348,5074,2583,3646,4229,3931,8073,3883,3842,3450,2993,3372,2845,1450,3317,7116,5650,6925,7732,5097,8224,5080,6459,5977
"PAPOLA",4696,2039,3126,6605,2646,3232,3139,2395,3146,5405,4039,2471,4932,2744,2999,4890,4736,2970,2342,2551,2334,2327,2211,2166,2594,3038,3665,3259,3087,3270,5457,10304,5201,5279,3818,8187,6135,5322,5330,5089,4977,6138,4686,4490,2396,5303,2517,3763,2694,3968,4903,2253,3050,3719,3732,3820,3713,3598,3038,2605,2853,2360,1357,3823,5504,5659,7487,4650,3534,11489,6496,7370,4779
"GKAP1",428,247,329,683,271,280,414,260,310,620,463,320,432,249,367,694,447,290,270,308,260,187,206,231,308,496,365,286,398,539,424,1764,646,603,438,860,889,621,525,461,434,972,569,426,283,542,294,385,370,452,540,288,343,440,325,455,376,372,336,285,337,291,221,495,887,638,1254,617,717,1283,752,869,430
"PDE4DIP",7340,2140,5164,11964,4173,5816,2682,2898,6791,6918,7724,3974,8981,3507,5528,11762,5298,5393,3864,3120,3239,4267,3259,3917,3557,3433,6200,4011,4074,3769,8565,11642,5534,5142,5005,11697,7225,6873,5876,6975,6917,6432,6598,5815,4154,9178,4530,6628,4473,6931,6355,3378,5482,4673,7783,3659,6323,6628,4381,3779,5111,3725,1045,5933,9974,5716,10434,6001,6376,8018,8882,7947,5542
"SMAD4",2028,663,1208,2460,1138,1556,1475,895,1187,2464,1729,1133,1743,958,1343,3505,1932,1008,1076,744,1017,954,851,1005,917,1141,1311,680,1026,1181,1946,4314,1753,1926,1600,3800,1932,2622,1722,1288,1458,2131,1617,1331,1008,1568,1058,1634,1089,1448,1747,910,1389,1385,1257,1683,1199,1734,1034,946,1159,1513,271,1459,2650,2333,2025,2037,1639,3250,2145,2325,2094
"TSC22D3",3521,1754,2252,8049,2381,3868,1901,2005,3283,3689,5309,2715,3473,2828,3119,4747,3453,2906,2092,2696,2082,2223,1688,2167,1931,3721,2705,2109,1864,2710,3405,7067,6011,5802,3867,3655,5302,6675,4587,3737,3395,5546,3341,2881,3059,2625,2475,3712,1898,3687,2908,2397,3754,2949,2381,18097,3514,5655,3218,2843,3565,4700,661,4090,6084,2695,4685,5287,2890,6612,5038,5213,4961
"ID3",1037,810,596,1538,363,1214,637,298,511,729,1886,608,468,1348,915,74,2458,259,689,564,851,584,289,464,684,463,561,437,274,712,533,3063,1262,885,539,3488,658,2986,840,256,599,721,568,450,273,806,455,951,1033,893,878,742,597,1453,1825,3518,1423,536,1195,988,939,1443,684,518,1719,1099,2711,1590,1774,2122,752,3055,4094
"LATS2",236,158,104,339,77,155,202,111,208,255,200,108,101,223,165,255,334,70,97,112,169,120,105,119,168,77,185,45,76,134,102,291,320,247,124,593,89,414,261,59,212,167,142,134,59,328,101,207,151,140,288,346,163,311,301,745,232,154,206,180,189,290,107,95,273,282,338,262,184,559,183,290,461
"CARD8",713,341,467,878,321,485,749,344,641,810,667,374,530,416,550,865,846,259,416,379,582,300,299,384,618,236,456,244,269,430,509,1160,862,874,377,1734,465,944,636,321,684,610,556,473,229,557,338,593,435,549,808,332,505,854,866,867,785,559,569,458,509,472,158,432,830,822,683,880,694,1165,664,1079,1335
"BANP",580,271,367,659,294,352,392,445,297,562,490,323,529,332,303,617,644,376,256,286,373,307,205,220,258,323,253,248,210,294,364,1176,390,550,385,476,459,783,505,323,294,560,381,268,434,580,338,436,499,517,640,515,452,552,296,625,476,589,354,310,424,366,171,499,591,532,829,488,417,848,601,577,406
"TIMELESS",288,162,209,529,163,258,399,144,158,429,375,133,178,162,212,457,465,154,156,155,160,151,148,137,165,99,121,120,121,169,203,499,137,241,148,277,162,230,164,149,167,307,178,163,153,197,198,373,257,279,365,144,226,647,318,395,263,237,259,199,221,195,88,181,319,162,389,205,417,341,207,303,304
"SH2D4A",57,25,31,109,29,61,33,19,55,50,76,29,37,35,46,30,76,19,45,22,23,29,17,21,36,15,26,12,14,47,22,65,66,60,38,119,32,109,44,23,55,21,12,29,10,77,21,33,27,44,44,42,39,43,54,117,61,29,39,37,40,67,31,26,59,53,113,88,50,80,30,100,116
"CALML4",88,27,42,86,28,49,59,35,34,52,92,23,68,31,38,115,40,40,27,16,36,33,32,28,44,5,30,23,19,46,37,128,62,39,33,51,22,74,66,24,40,30,26,33,18,49,35,71,30,47,90,35,50,91,49,68,58,70,47,32,62,53,12,36,80,55,54,96,43,73,45,61,117
"ITGB8",3689,1350,1835,2731,1863,2472,2684,1172,3115,3919,1991,1852,2200,1076,2745,763,1748,1022,1773,513,698,1204,1084,1381,1969,974,1852,701,1301,2171,3116,6055,5233,3590,2637,11590,2070,2279,3516,1183,2712,2815,3023,2261,958,2431,1696,2932,1882,1541,3083,1650,2003,1819,3008,919,1929,1757,1992,1971,2290,1740,465,2292,6203,3871,4712,5233,2533,5066,2779,4461,5433
"CDK2AP1",3603,1176,2028,3308,1497,2006,2678,1813,2643,3516,2265,1689,3699,2227,2556,1447,3536,1644,2020,1870,3149,1976,1595,1989,2934,1873,2185,2106,1728,2752,2270,5879,2680,2610,1704,6034,3333,2986,2518,1886,2905,3035,2317,2093,1715,3840,1579,3002,2452,2933,3406,2186,2057,2973,4035,2888,3467,2546,2977,2442,2083,1724,771,1898,4546,3476,5062,3321,2880,3994,3792,4267,2786
"RBM48",1458,788,966,2883,865,1343,1257,644,612,1682,1815,747,1332,595,808,756,1217,712,601,658,622,687,682,597,631,765,1017,670,702,764,1621,4342,1201,1863,1081,1926,1503,901,1201,964,1039,1639,1220,1013,688,886,932,1543,1321,1201,1438,588,1077,1696,858,694,726,1176,795,709,981,690,182,1326,2660,1511,2044,1390,2289,2132,1496,1670,1331
"ITGB5",1924,703,990,1576,579,852,712,628,1291,1101,1113,894,1150,1040,937,902,1873,504,702,657,1168,844,546,741,908,452,607,296,481,671,664,2603,1183,1265,692,2034,1104,2707,1206,408,848,727,805,555,728,1516,761,1421,1352,1135,1558,1073,788,1034,1947,1950,1544,1073,993,883,1045,1254,358,803,1413,1231,2093,1566,1256,1691,1409,2198,2364
"GMPR",601,223,347,849,258,735,187,429,221,238,828,512,267,275,372,88,912,108,228,133,140,157,107,371,340,293,133,89,106,476,414,746,1310,574,315,2317,322,1258,214,109,143,166,178,112,192,130,347,513,305,414,621,270,535,379,718,721,409,297,622,587,844,1429,116,303,761,273,815,1096,436,559,361,1145,1564
"RNASEH2C",1947,948,1121,2314,1070,1100,1607,1185,1044,1932,1510,1112,1736,895,975,1649,1633,947,1008,995,1630,797,771,1057,790,1334,966,928,913,1392,1137,4261,1178,1492,941,1228,1959,2578,1466,913,833,2010,980,842,1485,1723,1167,1458,1905,1597,2274,838,1350,1611,1339,1677,1485,1440,1250,1067,1201,1367,339,1273,2107,1527,2437,1714,2303,2498,1478,2069,1167
"BCAR3",1123,299,585,787,314,552,126,372,773,433,583,611,498,363,454,316,654,289,352,247,432,389,235,316,354,388,367,159,249,402,488,1385,1056,474,519,1284,918,1024,859,345,469,454,523,365,301,943,391,595,431,545,606,543,478,231,771,339,614,664,531,471,510,481,120,618,970,811,1107,757,490,1135,728,1454,1363
"CEP152",144,77,80,158,82,114,92,105,97,159,177,81,124,60,95,99,130,42,66,63,68,39,74,101,68,60,134,47,50,65,87,226,221,230,83,364,111,182,105,102,107,110,123,88,92,132,64,111,85,77,179,80,106,107,145,102,101,107,118,87,94,155,23,73,243,184,179,147,81,256,125,234,221
"ANAPC16",2186,913,1327,2141,1069,1319,1552,1126,1343,1787,1699,1192,1908,1171,1179,2499,2067,939,979,1048,1422,1055,855,1106,1331,1712,1366,924,1122,1710,1797,5910,2302,2083,1363,3731,2501,3321,2226,1403,1631,2638,1462,1342,1231,2133,1190,1750,1720,1774,2420,939,1500,1970,1780,2669,1906,1617,1346,1248,1470,1357,464,1728,3512,2583,4178,2311,3003,4984,2499,3373,2146
"TP53I3",192,40,86,144,98,83,63,47,150,140,58,64,113,115,87,100,185,76,68,79,143,69,74,54,73,62,67,48,71,113,76,186,101,75,54,63,160,412,164,68,110,135,100,60,93,148,52,118,113,134,135,136,57,86,106,271,132,120,110,98,55,76,32,109,122,150,224,146,191,146,107,302,180
"SASH1",5056,2012,2785,4782,2283,2798,3865,2078,4667,5927,3150,2259,4046,1959,3709,1129,3352,1609,2657,1142,2282,2558,2155,2485,2799,1634,2769,974,2124,2323,3635,7224,4753,4416,3344,5377,3051,3674,4578,2112,3704,3041,3499,2703,1794,7425,2281,4549,2861,3394,4306,2578,2716,3354,5789,2808,4318,3161,3130,2767,2954,2348,978,2411,6016,4437,6640,5837,3894,6453,4449,6502,6489
"ZNF69",79,48,49,62,37,50,51,45,54,77,32,44,75,42,53,119,69,38,56,51,61,46,42,54,51,40,50,28,36,70,71,210,137,96,46,102,100,163,106,33,60,92,77,60,69,70,52,78,105,88,108,29,57,68,89,80,78,58,54,61,65,32,14,59,159,71,124,80,135,112,74,111,153
"DNAJB6",4228,1605,3505,7365,2621,3086,2598,2386,2660,4988,3581,2646,5440,2918,2865,3446,4220,3872,2360,3113,2163,2537,2556,2339,2075,4950,4377,4275,4007,3565,5729,11828,4680,5023,5019,5805,8096,5763,5137,6025,5039,8873,5076,4651,2479,5299,3126,3426,2447,4592,4571,3879,3082,3310,2728,3977,3076,4645,2716,2383,3063,2437,1892,5363,5659,5819,8164,4491,3742,9724,7773,5406,3396
"KIAA1958",677,460,372,921,386,503,962,330,498,1372,598,328,489,321,744,907,512,244,453,177,401,284,381,350,329,303,413,148,282,544,459,1203,550,686,456,1418,371,485,735,307,483,659,641,488,289,623,430,760,688,461,805,353,567,845,545,365,438,464,486,461,568,354,220,358,973,790,858,998,760,1173,568,935,871
"POGK",2954,1732,2155,5032,1982,2213,3763,1424,2438,5484,3171,1750,3510,2104,2944,2598,2576,2182,2234,1541,2636,1692,1982,1884,1744,1735,2447,1379,2122,2391,2603,5535,2123,2550,2172,3701,2741,2916,2643,2566,2395,3715,2721,2447,1634,3564,1903,3067,2550,3062,3390,1472,2432,3568,2430,2273,2725,2609,2392,2024,2133,1486,974,1991,3874,2879,3529,2815,2939,4008,3420,3455,2598
"ARL6IP6",516,202,296,431,193,339,462,275,288,564,338,234,355,197,294,293,374,177,245,166,220,236,184,208,348,182,307,144,236,277,329,822,485,516,319,1130,447,387,399,209,379,344,377,264,153,407,251,368,294,339,401,230,296,386,377,397,362,289,245,240,270,271,90,293,603,488,491,489,392,856,492,519,588
"WEE1",79,24,39,67,17,57,23,35,46,36,85,30,51,110,43,223,84,26,40,34,21,39,32,38,54,30,73,31,36,57,71,186,100,65,41,540,71,213,86,39,120,57,56,72,31,87,40,61,30,41,39,89,26,52,87,609,76,76,44,47,42,136,9,41,107,99,127,87,69,220,70,90,124
"HSPB2",95,24,42,121,52,47,72,49,108,71,55,43,60,62,39,212,89,41,43,38,83,47,48,63,66,83,28,30,52,75,51,154,88,78,71,110,118,124,90,43,40,89,52,43,86,136,68,68,107,88,104,131,68,53,74,138,107,58,64,62,76,79,15,61,106,91,202,133,153,186,84,142,67
"IL17RB",1804,568,793,2227,583,1378,587,720,1201,992,2238,886,1401,470,968,1476,1499,491,766,360,1113,747,452,795,781,534,812,418,406,730,1198,2863,1783,1310,858,1960,1128,2264,1215,395,863,582,1041,538,1192,2322,875,2679,1452,1416,1933,804,919,1244,2877,859,2191,1048,1270,997,1181,1894,242,819,4016,1042,2986,1855,2360,2061,1402,3460,2065
"CDKN2C",486,142,256,472,195,273,514,212,326,589,520,226,248,144,289,213,357,149,220,162,240,180,202,201,330,238,186,68,177,338,131,1080,381,402,250,436,448,603,304,164,243,418,289,180,244,389,176,302,294,327,439,264,253,1089,418,466,404,254,327,312,232,396,281,239,520,461,836,522,736,594,373,572,447
"SLC39A11",844,311,486,739,343,593,994,325,715,1273,633,383,464,337,773,235,327,370,421,256,336,272,311,401,470,511,249,166,326,427,463,1924,692,632,454,809,666,807,553,306,336,831,593,465,469,981,549,857,659,509,729,355,616,1105,864,646,652,664,434,413,724,375,173,493,995,649,1515,691,1053,824,672,855,495
"NYNRIN",847,211,640,821,484,444,85,363,402,412,628,385,649,369,309,5328,509,457,300,507,403,319,248,490,172,278,403,341,268,328,640,895,311,453,267,394,449,981,428,353,347,317,289,306,353,794,468,603,491,777,795,359,426,160,609,859,856,546,398,339,469,730,53,436,580,404,462,479,325,850,601,759,679
"STARD10",1591,566,674,2046,653,893,861,788,777,1387,1554,770,1028,730,932,988,1086,724,728,722,1175,492,546,973,900,1296,565,658,720,1179,669,3244,1049,1490,948,1208,1662,1978,1178,815,655,1798,822,573,1394,1605,992,1421,1800,1342,2006,953,1126,1450,1122,1106,1354,1119,1260,1065,1284,867,370,1013,2068,1099,3331,1640,2067,1985,1241,1619,831
"SNRNP48",623,271,411,1020,351,471,430,398,324,670,778,285,562,348,396,1234,499,351,307,270,302,271,286,306,255,390,555,327,289,466,669,1593,518,887,475,1271,610,516,582,502,603,757,571,537,308,777,366,590,497,475,718,281,474,600,414,560,455,489,389,363,433,426,140,507,1131,719,897,524,508,1522,764,918,565
"MEX3A",77,52,69,78,30,78,60,44,78,114,73,44,85,40,57,99,106,25,43,39,70,49,37,61,70,19,42,40,20,41,47,110,39,49,32,67,29,27,69,33,36,54,46,47,51,195,45,97,72,54,113,125,52,151,111,65,139,61,57,63,62,41,24,38,124,89,157,68,97,160,71,105,54
"FZD9",278,78,93,183,107,166,54,87,124,115,166,95,140,115,114,39,87,122,104,86,165,96,75,185,249,113,68,50,72,127,116,280,136,184,100,88,164,221,151,88,134,136,71,75,210,383,97,257,217,202,272,77,72,154,293,131,357,176,195,154,141,154,27,148,343,159,407,254,378,213,162,310,114
"ANO2",113,28,57,116,42,107,61,35,32,53,92,51,88,118,36,19,128,43,40,88,73,66,27,50,58,9,48,45,13,59,62,138,90,114,43,248,46,214,59,47,76,40,35,61,19,80,59,67,69,51,181,58,89,79,204,482,173,84,101,85,110,107,31,56,92,74,131,110,114,308,74,92,209
"ITGA11",152,44,96,223,56,84,30,76,85,227,156,89,33,137,132,181,143,158,55,130,71,51,83,95,71,76,99,98,64,107,120,185,103,140,85,105,127,286,129,109,113,131,147,102,79,83,126,155,115,120,119,89,58,52,98,323,152,161,120,105,98,92,17,74,123,83,118,210,108,222,115,151,183
"RND2",1787,309,1043,2819,946,950,481,891,1521,1423,1551,1099,1751,1212,996,1088,1773,1119,974,1343,1354,873,838,1085,1225,1216,917,850,1020,1223,954,2602,1103,1404,1196,2850,2401,2084,1279,1516,1103,1891,1244,1018,1075,1099,823,1143,1080,1687,1540,963,889,1896,1183,1317,1530,1511,1298,1038,918,1233,457,1273,1754,1116,2471,1314,1798,1505,2116,1293,957
"KANK2",1053,300,652,1084,366,655,491,539,762,679,1255,411,648,1613,519,385,2358,491,464,905,988,620,398,584,740,261,650,373,345,464,480,1258,883,1027,507,830,603,4002,822,324,949,575,531,702,516,1063,580,871,857,769,1325,682,612,987,1492,6767,1778,923,1055,817,865,1312,226,562,1409,941,1681,922,1190,2442,1184,1219,1690
"NFKBIA",2033,928,1080,2430,682,1557,1147,792,1152,1540,2235,1009,868,1796,1451,1110,2824,746,714,1190,1417,904,629,904,1571,1211,1043,767,667,1818,1312,4715,3155,2378,1532,2005,1771,4682,2111,939,2025,1924,1107,1074,1131,1610,1010,1895,1369,1044,2676,2021,1481,2722,2080,6749,2112,2111,1884,1639,1988,1326,339,1403,3607,2963,4874,3877,3245,4795,1775,3974,2215
"RFTN2",2041,1564,925,1336,1078,1300,3479,905,1449,3506,1060,956,1087,650,1516,752,873,420,1307,425,1142,743,889,932,1088,827,968,290,853,1417,976,5401,1964,1960,1062,3558,1207,1598,1813,471,1147,2273,1651,966,625,2007,985,1983,1912,984,2092,741,1331,3347,1825,855,1421,984,1283,1216,1356,956,980,893,2690,2421,3297,2735,2443,3296,1381,3447,2378
"PROC",33,34,27,58,28,31,34,29,14,34,40,23,32,14,9,22,38,22,28,21,13,21,18,20,19,31,16,15,20,17,15,55,12,17,27,31,23,17,19,13,31,30,18,13,28,28,39,30,30,44,51,35,35,24,14,19,29,36,15,17,39,25,13,38,29,14,41,51,36,39,46,37,18
"TLR5",142,36,73,161,31,92,61,22,72,41,122,53,25,33,49,10,83,35,33,41,44,25,31,43,62,4,27,22,23,57,47,239,71,104,44,181,61,174,51,30,75,61,46,45,16,61,54,94,74,74,170,54,98,164,197,189,172,88,99,96,167,169,30,53,57,46,72,153,106,180,92,258,233
"TRIP10",543,142,224,870,151,365,360,188,209,232,584,171,196,299,226,296,1357,164,172,290,356,180,138,217,493,130,197,130,100,344,139,776,421,666,196,665,302,1643,270,110,202,193,209,136,346,787,328,517,537,350,872,521,273,1228,847,1428,845,320,576,438,440,736,192,221,759,517,1446,749,1033,975,347,860,638
"CPQ",603,420,431,906,350,454,1147,299,514,1346,567,308,480,446,672,414,830,290,476,263,388,385,353,373,422,497,469,168,387,413,444,2190,774,707,439,1795,715,1098,653,221,510,945,595,463,217,568,390,772,661,485,650,476,482,1691,821,1557,590,491,487,452,462,707,301,438,833,859,1289,1168,1325,1056,714,1251,1045
"JMJD6",1403,769,915,2485,684,883,890,723,820,1495,1483,752,1235,715,731,1751,1320,795,612,682,868,585,552,573,604,675,769,526,511,792,827,2961,637,981,823,1161,1347,1144,1052,1062,798,1378,841,739,957,2767,782,1273,1169,1159,2058,1290,1086,1542,938,1308,1418,1359,1170,947,1229,959,1179,862,1617,1515,3805,939,987,3396,1230,1763,926
"SAMHD1",2225,889,1297,2955,1164,1690,821,651,1824,1090,1792,1159,1484,816,1212,1146,1654,998,683,689,608,794,582,955,1252,825,952,802,654,1068,1615,3451,1680,1128,1465,1957,1391,2201,1281,1264,1054,1542,1157,950,754,1209,1066,1486,654,1468,1821,736,1351,1825,1747,1550,1674,1673,1759,1506,1683,1195,392,1361,1459,981,2580,2118,1543,2072,1613,1863,1892
"ATOH8",668,684,217,914,378,530,385,227,430,433,655,262,213,288,300,81,566,119,194,130,302,207,126,177,443,137,124,59,83,331,199,1260,627,514,214,286,210,1409,359,94,175,243,160,110,231,560,286,500,499,322,749,799,444,546,749,965,682,389,581,441,551,502,332,201,747,369,1224,1036,693,985,209,1348,1846
"SPDYA",101,24,69,68,42,49,57,72,33,74,53,45,74,27,29,37,49,35,52,42,48,31,44,38,37,79,53,22,40,70,68,215,132,103,47,126,66,80,96,46,44,89,66,46,33,63,47,53,64,57,102,55,62,26,52,54,39,64,42,38,43,57,3,62,145,127,83,112,57,180,100,88,81
"RGCC",4135,3004,1285,2347,1776,1381,5230,1061,4341,5075,1657,1453,1361,1075,2933,1773,1031,744,1402,863,1964,940,1094,1225,1975,2105,1130,572,1320,2731,899,8726,4194,3308,1825,4258,2603,6508,3951,942,1539,4221,2240,1281,1542,2500,1783,3592,3069,1803,2998,1629,2733,5585,2668,3447,2569,2076,2348,1882,3051,825,980,2117,4460,3951,6996,6773,6287,4903,1714,5214,2566
"GYS2",38,6,12,9,11,12,12,14,15,26,18,14,25,4,14,39,18,4,13,2,5,9,7,15,10,10,13,11,8,5,18,35,24,55,20,50,31,25,13,9,13,9,28,13,9,40,7,21,12,17,31,15,14,24,11,13,16,14,17,8,11,19,1,21,52,22,35,21,12,54,22,25,36
"DNA2",278,187,191,568,162,243,328,95,101,273,351,139,223,102,148,411,220,101,120,105,189,98,127,107,87,97,149,113,186,272,200,416,263,387,179,402,221,247,250,148,154,259,197,138,141,284,140,245,255,211,327,118,223,380,235,127,169,193,177,161,133,136,56,174,474,316,436,302,373,588,214,540,276
"PRRG4",38,10,33,57,15,27,24,4,22,18,61,20,22,20,14,14,17,13,15,7,17,13,10,3,30,2,16,14,8,27,26,106,46,33,18,110,12,15,27,11,50,25,4,19,10,54,19,42,29,13,52,49,12,85,56,53,48,26,39,29,22,52,12,21,59,30,43,23,40,50,11,55,96
"RAMP2-AS1",104,108,51,124,80,78,59,32,55,81,81,40,74,84,71,26,78,62,53,75,31,52,43,40,47,18,62,57,43,31,104,66,98,59,39,95,67,60,56,74,82,73,51,80,12,111,54,93,58,61,70,30,89,52,90,285,144,63,70,62,100,104,44,48,97,29,83,82,56,73,81,86,157
"AJUBA",55,14,32,46,22,44,27,40,38,32,51,33,49,86,17,45,96,33,36,57,58,42,28,30,50,21,63,24,12,32,23,110,70,25,62,361,49,177,60,16,49,37,29,50,26,90,32,62,39,78,70,42,35,77,90,334,127,47,52,41,42,78,10,32,96,64,113,49,118,151,75,95,190
"CCDC160",77,24,52,87,32,43,57,34,54,81,43,37,61,28,70,25,51,32,42,16,57,33,30,27,45,61,60,36,33,58,51,196,76,79,73,233,41,75,66,45,66,102,100,48,39,91,36,53,53,48,73,29,48,87,72,39,58,50,33,59,64,32,19,60,167,144,212,106,113,111,76,99,119
"SLC25A48",432,530,264,776,170,374,665,148,639,255,463,228,557,219,568,26,226,123,388,124,381,329,171,206,290,273,256,83,232,357,276,1096,447,338,189,752,549,550,429,132,318,343,383,217,466,1039,475,715,589,435,550,499,857,715,552,339,672,447,368,343,885,210,58,337,939,643,2249,814,1396,584,478,478,218
"SPACA6P-AS",60,44,48,46,35,31,77,40,33,85,36,23,47,19,22,42,47,15,38,14,44,11,30,22,20,23,48,10,21,32,32,100,11,42,18,68,48,50,71,18,20,54,29,21,55,192,39,49,62,42,156,50,68,53,74,71,76,50,38,47,75,15,22,37,38,137,100,39,50,123,38,70,32
"RCC1",270,100,152,384,128,193,131,147,143,240,283,130,192,158,120,150,445,166,108,124,170,110,89,133,176,124,97,89,113,119,140,474,79,94,125,213,181,237,177,180,153,229,119,113,157,533,162,280,196,221,360,87,191,332,253,307,349,272,276,206,265,174,91,158,271,221,679,172,194,647,296,415,182
"CCDC102A",67,37,53,77,32,48,29,28,44,40,51,34,44,93,44,24,164,32,27,66,42,44,37,41,84,18,35,29,20,41,46,184,49,36,25,159,64,246,54,20,41,55,28,28,55,207,58,77,126,66,159,58,41,74,147,243,138,71,90,68,57,83,40,27,87,60,310,101,127,237,75,195,149
"C21orf62",22,18,30,121,16,28,31,6,25,46,66,17,18,24,49,18,116,19,20,13,16,19,7,13,24,9,28,19,8,5,58,82,17,14,53,425,12,15,17,12,30,5,24,18,21,67,13,33,42,13,23,55,36,65,50,71,17,21,39,22,22,50,20,11,65,19,158,49,21,62,31,77,291
"CCDC151",407,188,248,214,167,175,72,179,169,157,200,154,242,145,113,121,249,154,121,185,215,100,104,136,144,175,128,83,91,185,142,538,147,186,108,534,182,477,210,148,87,219,112,74,292,475,170,256,350,277,409,160,213,157,256,247,359,236,265,196,198,177,54,188,391,186,679,221,251,678,266,624,221
"DDIT4",1915,1636,1230,1944,833,1570,991,667,1293,1441,2698,1125,680,870,1953,1684,3052,339,736,591,866,730,362,565,1234,561,720,195,247,1747,1085,2732,2279,1093,1353,1649,716,1972,1672,462,1226,815,852,555,2012,5366,851,2118,1276,905,2073,938,1822,2249,1772,11535,2340,1566,2298,1799,2497,1319,1326,877,2993,2573,7718,3907,2076,5920,1207,4230,2011
"ITGA10",484,104,201,464,138,220,86,123,191,151,465,120,191,316,135,490,383,141,96,336,218,195,95,137,164,65,210,150,92,110,196,449,311,434,224,151,137,1121,340,111,257,147,186,161,111,406,205,261,237,260,491,374,211,187,489,3356,726,579,422,416,352,755,58,179,515,300,522,524,335,778,296,663,885
"ANKRD37",241,179,258,470,162,139,298,225,186,317,386,206,302,361,186,221,602,214,122,152,177,205,135,163,139,201,237,223,207,402,257,632,280,267,333,550,353,247,336,227,754,421,311,453,180,744,145,268,235,285,389,181,214,283,319,941,293,210,282,286,235,171,167,272,384,885,878,1033,272,1070,397,864,196
"COL8A2",69,40,60,149,25,55,67,24,37,71,106,34,28,86,34,802,120,15,23,39,36,31,25,28,83,13,42,25,39,44,60,188,66,44,35,535,36,276,9,16,68,52,23,20,13,103,63,65,68,68,159,34,37,197,89,688,147,85,68,78,114,140,67,42,43,25,51,54,104,192,88,120,148
"REP15",13,8,13,12,6,10,4,6,10,11,11,8,15,7,1,0,24,3,2,10,0,4,4,7,5,9,16,11,13,22,18,52,9,8,4,0,17,10,22,12,4,11,10,4,11,25,3,10,24,14,26,7,6,9,14,24,19,9,6,7,8,2,5,8,40,26,54,16,38,55,8,22,22
"NUPR1",528,763,525,1815,301,602,792,235,511,608,1641,375,226,475,430,979,2386,213,370,249,837,188,190,587,1378,305,268,120,153,512,406,1661,1477,853,416,1810,425,2042,479,88,364,301,257,232,1114,2879,647,991,1913,554,788,708,516,1160,963,4391,1093,342,1227,844,733,1579,742,408,886,732,4982,2192,1813,2324,352,2643,2440
"FZD7",232,89,157,197,96,186,30,122,151,97,174,178,135,215,139,5131,311,96,146,113,126,226,82,129,156,38,170,68,66,166,290,405,344,137,164,956,162,645,303,83,170,95,141,98,78,229,192,238,185,144,169,215,181,200,317,667,213,323,171,158,211,226,11,207,561,214,366,345,188,508,205,580,599
"TLDC2",68,30,33,93,22,48,38,34,25,34,64,29,34,24,44,39,50,8,26,19,28,13,17,45,39,10,17,16,11,26,48,87,58,50,37,66,21,38,34,13,16,23,21,17,16,32,37,29,17,25,50,38,47,82,43,62,55,61,50,35,60,54,24,30,53,37,56,36,30,65,38,33,58
"FKBP5",2718,1447,1038,5479,1457,3970,741,598,2150,603,2684,1405,841,577,1818,318,1781,377,615,233,206,783,253,705,1897,555,628,181,182,1667,1035,3903,3312,2863,2343,2293,620,4434,1634,587,801,921,1162,410,882,966,1492,2675,1074,910,2209,2064,2131,2704,1969,6345,1563,3290,2342,2128,2789,2300,491,1736,3204,1576,2425,4316,2038,4196,787,2974,3947
"SLC38A2",3805,1478,2440,12725,2655,3777,5559,2290,1617,6871,5061,2008,4058,2734,3093,4018,4239,2637,2047,1677,1732,1955,2440,1789,2651,3348,3992,2209,3364,2717,4053,14205,4165,8331,5554,8795,6095,3685,3566,4980,4285,8186,5362,4739,3254,9999,2825,5445,3897,3422,5807,2431,2602,11391,3715,8890,5098,4485,3131,3144,3649,2566,1009,4273,10203,5331,11639,4794,9340,9253,5615,6205,4334
"CLDN7",25,2,9,12,6,2,16,1,7,12,13,9,4,13,9,5,5,7,2,1,5,3,2,5,13,1,6,1,12,2,5,28,11,20,1,7,4,18,4,2,8,7,1,10,2,6,5,29,13,17,19,6,7,70,26,55,48,11,9,11,20,38,2,13,9,5,11,16,29,13,9,13,20
"PRKX",959,1617,414,976,316,841,398,284,580,270,537,370,366,290,495,299,523,156,271,158,300,302,176,303,493,112,255,150,121,523,409,1258,947,818,432,1305,309,821,563,284,361,242,342,260,302,504,446,961,786,344,704,358,674,1932,900,721,738,517,879,739,858,743,638,413,902,590,1255,1116,833,1282,357,1128,1164
"SLC5A3",1361,259,910,1922,830,986,138,644,690,988,1466,617,1585,877,553,601,1020,836,438,673,488,477,592,449,537,629,985,779,818,675,2529,3524,1248,1313,1025,2365,1748,971,1241,1644,1761,1667,1337,1604,1215,3854,578,1337,1029,1027,1717,1266,547,883,1231,979,1276,879,727,786,700,504,497,1239,3160,1370,3301,939,1399,3121,1496,2756,1317
"CCNA2",183,151,92,213,81,121,251,111,96,164,272,94,127,80,88,165,155,63,71,64,122,40,66,81,94,170,120,51,87,180,98,642,326,302,77,423,170,249,216,86,128,232,149,122,102,290,100,162,166,114,314,119,129,208,117,105,157,137,164,112,151,139,57,165,387,291,515,154,240,708,121,461,202
"C6orf118",15,7,7,14,9,19,0,5,20,7,11,9,9,4,10,3,9,11,8,5,1,5,7,11,6,12,10,12,4,13,39,39,21,9,13,933,15,35,19,13,12,7,7,13,7,15,6,20,9,11,13,7,11,21,31,6,14,5,10,19,10,23,3,17,56,16,3,69,15,57,21,44,99
"SPINT1",34,12,35,61,20,27,29,14,20,21,60,34,89,23,9,601,36,26,9,13,30,29,11,18,18,26,34,17,12,31,33,82,20,29,14,21,13,34,22,21,16,26,11,9,12,8,17,28,23,50,35,14,28,52,35,85,44,40,24,27,19,70,13,32,48,6,19,25,19,19,58,67,22
"SMTN",1654,649,724,2326,476,763,631,433,1538,716,1493,637,678,852,562,2198,3358,339,588,742,1029,617,394,523,681,356,382,282,219,549,434,1383,906,1128,411,471,449,5412,1050,252,549,471,401,393,1347,4583,662,1876,2390,1045,2309,1088,851,1153,2664,2201,3821,963,1400,1139,1271,1430,355,488,2540,1016,4280,1551,1988,3477,893,3633,1945
"SAMD11",56,176,58,112,33,113,91,23,40,64,212,22,35,121,132,14,193,24,110,15,59,30,17,32,74,44,46,23,12,163,54,202,21,44,34,447,31,187,23,8,53,39,37,20,56,103,74,147,222,72,76,90,122,305,170,900,103,18,92,73,80,216,86,24,170,64,326,147,148,153,69,246,127
"KLF15",1941,1451,783,1376,700,1247,1081,643,1220,1178,1014,800,707,375,1141,727,870,234,604,240,788,589,353,738,1077,348,537,122,270,1096,644,2555,1620,1399,751,1093,569,1894,1157,250,452,513,599,303,687,1582,807,1678,1598,806,1635,739,1379,1912,1547,1626,1433,954,1518,1323,1329,886,566,740,2224,1209,3030,2246,1523,2590,691,2969,2008
"HIF3A",5449,1710,1798,1776,1258,3065,452,1616,3285,848,1446,2141,1984,595,1567,571,530,414,1443,365,1099,1326,418,1536,1875,331,541,153,168,1213,867,2612,4066,2380,927,1000,500,4322,2001,274,552,323,919,388,1744,2667,2099,4327,2845,2383,4567,911,2894,969,4089,4941,4039,2911,3304,2784,3773,2729,517,1378,5570,2871,3913,3055,2241,3718,1134,3087,2644
"ALOX15B",147,22,52,123,84,75,6,44,89,8,119,59,118,44,46,4,74,55,31,25,24,45,15,45,51,47,60,40,30,89,122,80,101,71,91,19,75,186,75,58,10,24,23,31,31,23,23,113,7,91,86,52,169,63,51,405,95,160,84,74,108,70,49,171,86,78,20,130,52,134,166,75,46
"LOC101927354",7,6,1,15,4,3,9,4,5,6,7,7,12,3,4,8,10,1,0,2,4,4,2,4,7,14,3,4,1,3,7,16,3,9,3,4,8,8,6,4,6,11,8,6,3,21,4,9,16,8,23,4,8,14,3,10,9,7,13,13,12,5,12,6,43,16,6,12,10,6,12,44,8
"CYP39A1",42,23,34,40,16,19,34,25,34,60,39,15,53,24,33,104,28,23,20,33,28,30,15,20,28,12,58,14,22,35,27,80,55,49,34,258,30,63,40,38,43,57,16,47,23,103,23,38,26,28,74,30,29,47,30,98,55,21,34,24,21,29,20,27,78,78,123,75,55,218,65,65,96
"LINC01108",0,0,0,2,0,0,0,2,0,1,1,0,0,0,2,3,0,0,2,1,0,0,2,0,0,0,1,0,1,0,1,0,2,0,3,0,2,0,0,0,3,0,1,0,18,70,1,2,9,0,5,0,2,13,3,0,38,1,1,0,1,0,0,1,31,0,17,0,20,0,2,3,1
"SCGN",12,5,27,65,19,30,4,14,13,26,103,61,55,39,8,773,66,22,20,16,34,15,24,3,25,53,43,29,20,34,32,109,13,52,19,12,110,47,41,35,24,68,15,39,53,25,27,43,19,22,36,23,48,6,15,52,25,37,20,21,73,41,1,74,203,44,30,126,69,61,61,32,116
"LMNTD2",47,23,19,61,15,34,39,24,15,23,34,24,19,25,12,701,15,13,21,15,26,19,8,22,19,7,9,11,10,39,27,45,23,18,15,98,15,24,20,9,18,42,5,14,33,62,29,60,53,42,53,27,33,49,38,321,69,31,35,25,39,67,12,9,57,14,62,52,41,29,37,60,40
"LBX2",7,9,2,28,3,12,6,6,2,13,31,0,3,2,7,7,5,0,1,2,11,1,3,1,3,0,1,1,0,0,2,23,4,13,1,7,1,12,3,2,1,4,3,0,9,33,9,8,17,3,15,4,10,44,14,5,21,4,16,12,11,5,4,7,5,8,35,1,3,23,0,24,4
"GNRH1",121,64,75,101,35,80,66,66,71,109,79,58,89,56,47,176,106,26,67,46,115,52,49,46,61,76,61,45,58,155,68,306,104,219,87,238,150,305,137,38,58,133,83,58,81,116,64,83,103,90,173,59,77,118,86,142,106,111,109,82,121,97,32,79,251,283,264,146,148,244,91,224,123
"S100A4",31,24,20,140,16,22,45,19,19,38,226,30,20,197,23,20,247,19,33,152,110,86,22,39,70,38,77,33,19,38,15,184,67,58,21,99,77,409,52,7,107,59,31,57,29,96,29,89,78,23,138,25,58,300,92,789,127,40,128,92,22,110,43,34,182,38,387,145,244,366,58,168,147
"ADAMTS2",309,57,257,571,308,270,144,112,173,264,413,131,330,208,125,269,212,180,104,103,64,116,68,167,69,33,121,98,108,101,184,247,45,265,177,42,133,504,123,108,84,140,108,96,395,355,290,349,232,395,306,65,299,84,126,420,181,343,224,176,186,325,18,209,446,140,176,250,100,227,261,238,152
"AKR1C2",150,30,160,357,88,105,39,71,125,155,207,37,104,403,77,185,280,91,71,216,77,54,98,50,84,230,152,121,97,129,174,519,176,216,240,313,574,522,113,229,203,322,281,251,180,120,164,273,175,500,142,64,287,194,134,1891,146,334,109,106,160,254,9,173,565,155,362,234,319,314,391,224,335
"LCN6",18,14,3,7,0,6,5,0,30,4,4,5,6,34,7,7,8,5,9,5,2,23,1,6,11,0,15,6,4,0,7,28,25,8,10,1,0,44,9,2,10,2,5,0,4,18,18,9,5,4,7,57,6,1,17,59,45,38,28,30,13,2,6,21,27,4,25,54,33,22,7,32,27
"AZGP1",266,1000,116,1236,156,425,374,236,291,1305,1324,175,73,192,971,31,451,59,191,74,224,51,91,185,318,147,64,49,89,617,134,1698,510,567,428,803,98,692,102,66,86,459,196,102,204,230,341,838,728,123,611,82,909,2635,369,262,354,225,656,535,1716,296,99,448,1005,237,1662,1819,2140,336,103,673,416
"SLC23A3",29,9,20,30,14,23,20,10,26,14,29,11,16,23,8,56,25,11,8,11,28,7,8,5,12,0,14,9,12,20,11,64,21,19,4,16,12,85,42,4,12,27,11,7,10,81,8,23,18,16,47,17,17,30,42,44,57,20,33,28,28,11,13,6,19,20,66,20,28,78,12,62,56
"OLAH",29,8,12,13,10,12,4,5,14,5,22,10,11,9,12,4,23,5,6,11,15,9,8,10,14,5,2,5,8,29,11,41,59,28,12,16,31,210,24,9,18,11,8,3,14,19,11,34,10,10,28,10,6,15,40,243,44,31,31,16,17,18,0,15,41,19,23,36,39,45,23,36,46
"CXCR2",3,3,7,4,7,0,6,0,2,3,24,2,0,3,2,0,5,1,3,1,0,4,0,2,10,0,1,0,0,0,2,20,2,1,12,0,0,6,7,0,2,1,4,5,3,2,1,0,2,1,16,5,5,4,5,10,12,5,1,2,1,3,4,4,7,7,7,56,6,34,4,3,13
"SH2D3A",10,2,3,12,1,5,3,3,7,9,19,2,6,17,2,8,29,7,1,9,5,5,3,5,7,0,8,2,2,11,10,17,6,2,3,8,4,52,14,2,7,4,3,3,5,7,5,12,5,9,16,2,8,8,33,33,25,2,12,7,11,15,6,3,22,0,15,13,10,17,13,22,12
"CXCR1",2,2,4,3,9,1,0,0,4,0,4,0,1,7,0,0,6,1,3,1,1,0,1,1,15,0,0,0,0,0,1,21,0,0,8,2,6,5,14,2,3,3,0,4,0,1,0,1,2,0,11,2,4,0,2,21,9,9,5,4,1,0,3,9,5,17,22,48,6,37,0,4,27
"SERPINA5",6,23,1,106,2,40,4,1,23,24,118,8,2,11,35,3,78,1,55,0,10,0,4,9,15,2,9,1,2,17,9,26,28,20,10,195,2,140,3,1,9,42,15,4,3,43,11,100,33,2,11,65,20,99,19,17,22,25,30,14,91,60,6,7,55,28,214,125,108,20,4,68,105
"LINC01134",14,11,12,12,15,5,9,5,2,13,9,3,9,9,7,4,11,7,5,3,5,2,6,3,5,3,3,7,5,5,10,14,1,17,9,1,10,21,8,7,0,6,7,8,19,31,9,8,19,16,21,8,8,22,15,13,14,10,18,3,8,7,10,11,2,12,43,15,25,31,7,29,10
"LINC00463",37,41,36,53,35,37,197,57,12,206,74,22,20,24,47,24,29,24,28,13,14,27,32,32,61,17,18,13,26,39,14,267,111,41,28,188,56,89,91,8,22,72,42,25,13,68,28,32,24,26,155,68,31,387,81,52,87,33,48,19,61,25,49,28,45,44,153,130,282,84,39,150,59
"LINC01068",1,2,3,7,2,6,3,3,2,5,1,1,0,0,0,3,1,0,1,0,0,1,0,2,0,0,0,0,1,7,0,15,0,9,0,3,2,2,1,1,0,4,1,1,3,10,2,3,2,2,4,2,5,13,7,3,1,1,2,2,6,1,5,0,0,27,17,0,3,25,3,6,6
"CYP4B1",59,2,14,7,4,18,6,3,80,2,10,11,5,16,20,4,8,10,5,8,3,12,2,8,36,1,10,0,5,17,1,25,103,30,7,20,4,63,28,6,8,12,3,6,7,4,6,17,9,14,9,7,19,18,17,241,41,29,23,20,19,72,0,26,35,10,7,52,41,53,11,54,68
"MIA",9,6,2,2,2,3,4,1,1,2,2,2,1,2,2,0,2,3,1,3,1,0,0,1,5,0,0,0,0,8,0,24,2,0,0,8,0,7,7,0,2,1,0,1,6,28,1,6,11,0,14,1,5,15,3,0,11,3,5,10,4,1,6,3,21,4,12,2,10,22,0,29,8
"NPC1L1",16,41,12,97,9,39,17,5,4,7,82,6,2,6,3,37,21,2,7,2,4,1,6,4,2,0,2,1,5,12,3,33,15,23,3,5,1,7,10,3,3,0,4,1,16,199,5,16,41,9,41,41,17,27,28,23,77,5,26,32,10,41,46,1,38,12,132,14,5,128,3,169,24
