"","C_0002","C_0003","C_0004","C_0005","C_0006","C_0008","C_0009","C_0010","C_0011","C_0012","C_0013","C_0014","C_0015","C_0016","C_0017","C_0018","C_0019","C_0020","C_0021","C_0022","C_0023","C_0024","C_0025","C_0026","C_0029","C_0031","C_0032","C_0033","C_0035","C_0036","C_0037","C_0038","C_0039","C_0050","C_0053","C_0060","C_0061","C_0062","C_0065","C_0069","C_0070","C_0071","C_0075","C_0076","C_0077","C_0081","C_0082","C_0083","C_0087","H_0001","H_0002","H_0003","H_0005","H_0006","H_0007","H_0008","H_0009","H_0010","H_0012","H_0013","H_0539","H_0657","H_0658","H_0681","H_0695","H_0700","H_0726","H_0740","H_0750"
"CLEC4F",3,1,2,81,1,17,19,10,3,6,40,3,10,7,11,24,10,19,9,8,5,4,5,6,3,17,3,1,2,11,1,3,17,0,2,14,19,11,0,4,14,9,2,7,5,8,3,5,1,2,0,0,6,0,6,0,0,5,0,16,14,9,0,0,4,5,1,5,0
"LINC00898",41,5,43,58,23,22,1,35,48,39,25,17,155,31,47,0,42,110,41,55,23,62,48,33,7,24,60,12,29,44,29,24,11,36,13,31,11,75,0,63,29,9,39,83,82,37,58,60,41,4,7,11,19,11,14,4,12,28,7,52,64,38,23,5,9,34,19,27,13
"LOC101929719",12,2,16,21,10,9,20,18,20,38,6,13,41,6,32,33,11,30,38,10,14,57,31,22,5,3,30,9,6,20,10,10,5,14,10,56,36,48,22,20,34,21,14,7,8,7,18,10,19,12,6,0,2,15,7,4,4,11,0,203,39,13,13,4,17,8,6,11,5
"MAS1",158,14,288,762,388,184,4,167,304,617,258,157,1024,346,353,11,151,507,255,285,163,304,334,191,57,281,349,299,269,291,323,263,157,483,316,109,271,471,0,427,177,156,225,604,503,408,635,403,405,204,59,89,190,86,106,102,97,262,109,190,519,324,383,68,31,315,405,107,358
"SLC6A5",21,2,14,22,25,5,0,14,19,24,15,12,46,22,13,135,13,20,18,16,31,17,14,19,10,32,21,29,14,24,14,23,20,23,33,15,37,34,6,74,21,20,21,42,37,33,62,33,37,9,15,8,21,2,24,8,19,27,23,6,44,27,19,9,4,13,24,13,15
"PPEF1",129,29,179,328,89,63,16,83,118,324,109,62,395,189,176,30,70,397,187,267,177,132,198,118,79,270,231,374,303,306,434,410,154,387,361,99,151,272,66,544,52,117,235,569,426,448,602,286,438,149,30,65,105,148,70,57,45,202,41,140,418,319,169,48,44,163,296,76,201
"LOC100506274",48,5,37,59,14,18,20,63,18,51,26,20,71,19,29,54,41,61,32,48,67,44,24,54,33,97,91,64,44,51,55,47,49,24,32,41,99,82,77,91,53,66,32,31,33,54,43,54,56,56,24,9,57,37,21,52,5,33,19,85,46,73,20,15,15,43,7,11,8
"ALB",29,11,23,44,13,22,68,31,23,77,49,19,61,21,46,8,58,45,47,23,43,54,48,42,21,56,49,26,21,38,4,16,47,25,28,138,101,58,205,73,31,49,80,24,35,24,56,42,43,3,43,39,25,6,14,12,33,28,1,125,43,51,9,4,24,21,9,9,8
"TAC1",478,38,506,1310,342,147,10,212,156,484,342,214,809,353,281,54,274,495,270,552,211,275,342,206,179,1021,563,915,1103,842,960,890,500,973,1357,252,633,1149,9066,2496,259,182,337,1304,1056,816,2261,700,1083,585,45,273,497,557,246,207,201,799,66,562,1105,533,338,129,182,359,1225,499,402
"RPH3A",12479,1448,9480,21699,6975,5787,471,7044,15994,15950,11608,6587,19129,11043,10226,12320,9872,15768,8751,12432,7728,7950,9827,8511,4715,11016,11086,10221,11053,11315,8897,8719,8285,10443,11113,5599,6097,9933,1749,15818,13801,4334,12628,18278,15401,12912,19300,12652,10738,6648,2251,3456,8713,5225,2987,6003,4495,7844,7606,6405,28512,15696,12721,5196,2218,6872,12125,8096,7655
"ALOX12B",52,7,67,154,41,63,1,51,46,47,78,36,85,37,30,40,115,78,47,38,41,32,52,67,28,65,54,40,37,38,33,36,55,29,47,62,25,106,43,96,145,46,53,64,60,25,63,72,42,61,23,27,27,28,31,1,0,45,7,83,54,96,23,15,19,21,23,43,19
"SOWAHB",267,30,314,988,299,277,6,142,343,507,465,200,933,304,311,48,365,952,209,359,75,390,372,243,66,508,664,394,552,396,400,510,130,723,317,76,200,678,35,604,143,115,179,827,767,574,644,516,485,114,19,14,241,108,175,89,61,403,102,703,749,529,324,37,41,310,389,163,233
"TPH1",27,5,16,15,22,21,55,28,26,90,21,21,42,18,24,67,20,29,45,18,30,9,25,27,23,9,35,2,5,37,12,14,16,31,13,53,35,28,69,45,46,38,19,18,30,23,13,23,23,14,16,9,12,6,14,8,8,26,3,75,26,10,18,6,37,16,19,9,8
"MYLK2",90,9,45,25,23,12,28,27,67,45,28,20,72,74,38,19,83,83,46,73,118,49,63,33,22,24,22,56,57,58,53,13,62,18,73,31,64,39,44,66,71,30,48,87,66,82,111,54,70,26,24,0,39,25,16,19,18,33,17,49,98,34,5,18,61,29,24,19,30
"ADRA1D",196,26,138,350,103,65,1,80,117,137,104,71,204,173,74,6,233,187,46,81,125,158,115,41,47,116,86,159,231,195,264,107,75,97,137,30,71,121,38,565,55,34,180,286,278,120,260,84,187,65,43,43,94,119,12,114,70,64,36,76,383,84,59,38,38,96,85,23,149
"FBLN7",434,30,458,769,300,180,10,270,542,218,315,262,2067,398,198,454,471,695,177,663,237,542,375,93,108,385,568,567,544,717,399,375,165,478,476,111,495,494,115,899,402,56,377,723,650,389,763,432,453,416,49,145,309,262,173,221,164,318,252,207,716,532,336,75,99,421,339,201,281
"LINC00943",129,6,49,51,27,13,1,36,100,43,17,23,182,35,19,0,121,113,20,56,135,48,52,20,37,56,174,63,96,106,98,65,38,197,202,78,87,57,1,205,143,35,207,111,98,143,72,66,85,7,10,19,65,52,25,26,33,65,28,64,163,29,39,13,23,59,53,62,115
"ARL4D",506,82,403,1840,276,258,44,489,284,720,455,334,723,626,322,231,409,589,453,522,558,387,435,342,164,655,354,732,456,509,838,385,450,599,978,442,288,510,302,1301,421,242,724,776,669,534,1500,653,519,400,157,283,304,389,167,362,167,331,244,198,677,441,262,186,300,343,536,169,1506
"PRMT8",1045,114,994,1930,655,661,14,872,749,932,1048,700,2585,864,776,768,862,1705,670,1174,926,1108,970,731,379,1309,1346,1176,1246,1336,1440,960,846,1447,1549,753,1016,1484,1761,2318,1043,540,890,1695,1512,1170,1684,1193,1174,1018,240,514,872,1018,436,577,314,1017,339,941,2311,1616,929,332,302,1012,1196,644,1264
"HHLA2",8,1,9,7,4,4,14,1,10,13,7,5,18,3,5,1,5,9,11,2,6,9,7,9,8,2,18,12,6,16,2,12,7,14,11,11,3,10,44,17,23,35,16,8,17,15,9,8,10,0,3,0,1,6,8,2,6,3,3,13,15,22,2,0,5,12,6,7,1
"SPRED3",50,17,58,161,44,35,36,36,104,133,82,20,191,103,93,73,139,143,50,78,39,95,52,48,37,17,51,29,54,13,70,38,24,46,32,9,30,46,23,39,25,35,51,100,89,77,71,67,76,3,33,0,33,8,42,26,28,36,20,12,137,60,47,10,22,49,54,56,49
"CLDN16",32,1,34,76,9,27,2,21,39,38,32,17,60,21,24,3,35,75,25,34,27,36,27,37,22,27,53,28,46,35,37,39,46,38,49,36,56,62,32,110,34,28,45,50,60,53,65,34,50,7,14,0,23,38,22,2,17,19,12,32,69,26,17,12,15,42,19,17,16
"LYRM9",1345,166,771,1237,522,616,350,1078,889,1411,626,596,1737,833,822,469,1172,1453,885,1097,1136,855,844,1052,598,1929,1290,1218,1270,1112,879,972,737,1275,1079,1259,1039,1037,1269,2368,1152,889,953,1379,1166,1294,2167,1059,1197,1293,496,585,513,771,453,213,254,977,273,2087,1662,1725,600,240,655,580,695,820,494
"SPDEF",84,7,47,108,25,32,6,62,68,65,46,36,100,43,56,34,64,108,63,87,63,59,35,59,70,79,36,37,64,54,36,25,24,28,80,61,69,73,33,148,81,39,72,57,39,43,72,43,41,34,29,12,27,49,16,15,26,19,26,66,131,167,18,7,30,23,22,27,28
"RBM3",1537,341,1011,2616,880,921,1866,1435,1524,3453,815,925,3241,1409,1910,2769,3501,2870,2137,1537,1458,1843,1628,1121,921,3035,2527,2114,1655,1962,1678,1659,1114,1875,1472,3036,1912,3641,3288,3612,3609,2258,1158,2400,2736,2679,3259,2080,2284,2705,828,409,707,1181,1087,553,584,1366,398,9325,3259,1706,942,467,2501,865,724,1232,627
"CRYM",5172,354,4028,5611,2509,2283,95,3113,2173,3989,3977,3045,8854,3741,2816,5001,4939,6475,2270,5504,2809,4000,3217,2711,1459,5527,4542,5990,6240,4612,5831,3657,2656,5517,9341,3100,2980,4221,9590,13033,3484,1827,4117,6581,5222,4977,8640,4918,4585,3762,768,2283,2166,3147,1634,1367,1122,3527,1759,3569,6428,4026,3114,1372,1221,3168,4108,1370,3019
"SYP",30072,3278,25332,55831,18900,16441,1699,14436,18644,32664,28244,18431,46544,25130,20634,19161,23759,45534,16020,30472,16644,21721,22242,18149,8917,33879,21875,28519,29166,23018,28553,21597,14304,30523,47321,9853,16382,28539,7698,56694,19864,11941,18928,38198,31262,26428,54853,26547,26649,30351,4105,14292,15159,20203,10161,9759,8102,21403,10470,21727,45282,36554,21887,8288,4495,17680,34602,12836,21537
"LPA",19,2,17,17,15,7,4,7,12,25,12,8,18,21,22,0,8,31,10,30,9,20,12,11,14,12,12,21,15,41,19,10,9,23,34,21,8,18,8,28,26,24,14,17,8,19,38,27,22,18,6,0,22,8,6,4,6,11,2,31,34,9,11,3,7,4,14,11,19
"HMGCS1",2483,562,2671,9705,2324,2688,1540,1554,3556,5429,4065,1477,6423,2969,4491,1934,6177,5743,2643,3003,1233,3260,3074,2046,1148,5006,7465,4748,5178,4152,4268,4324,2267,6987,6960,2611,3315,5548,5985,8722,2429,3550,2893,8332,7851,7848,8523,6516,7326,1794,1494,1936,1896,1807,4524,1203,1472,3430,1408,3002,8309,6324,2928,1581,3257,3039,4524,5139,2581
"LRRC73",561,62,455,829,397,285,13,331,500,515,440,267,1103,418,342,110,414,915,338,533,444,415,420,338,151,856,385,686,603,449,607,452,270,477,875,174,350,454,479,1126,330,202,491,670,429,375,1005,306,344,541,173,289,257,445,201,237,109,360,196,273,918,665,251,110,109,401,427,414,602
"PCYOX1L",1180,230,1093,1548,693,714,655,748,805,1447,985,645,1847,802,906,1581,1082,1217,718,909,807,871,877,854,386,1134,1058,1040,863,987,845,699,969,1248,1663,1311,1234,1283,1024,1703,1489,873,1034,1125,1164,919,1596,1152,1046,612,438,306,468,627,761,225,141,876,281,1328,1574,2034,531,323,623,795,804,743,747
"CCKBR",1236,110,803,972,682,436,7,573,710,1196,782,636,1501,752,736,605,632,1415,624,1223,643,764,697,702,365,839,680,832,820,694,843,650,523,951,1532,514,400,547,207,1849,1008,363,838,1124,780,768,1467,712,885,499,234,457,467,586,398,413,317,707,492,520,1542,1482,511,285,225,698,857,706,838
"RIIAD1",127,20,89,233,82,59,12,75,95,98,104,74,214,90,80,127,98,129,71,145,107,99,79,56,46,93,142,125,124,77,119,45,95,116,161,59,67,100,305,210,161,60,78,115,73,86,212,116,79,166,28,118,74,120,53,39,29,86,49,88,213,153,86,17,27,67,65,78,82
"WNT1",87,6,69,105,42,71,1,51,50,97,62,74,161,45,56,0,124,143,75,90,19,92,61,45,14,8,79,38,105,80,37,75,30,100,29,10,20,60,123,38,35,38,37,109,102,67,42,50,81,0,1,0,23,19,41,21,9,53,32,99,124,127,70,6,10,53,36,24,20
"CHRM4",161,11,197,672,160,135,2,95,135,191,238,104,537,145,125,19,175,430,136,183,59,236,157,65,34,141,255,114,255,113,205,142,36,354,148,5,38,181,348,206,71,50,120,302,349,185,232,219,178,64,33,11,100,45,94,61,60,138,112,304,398,208,169,21,9,134,131,72,74
"SVOP",3799,460,3984,9096,3250,2278,93,2116,4564,6211,3727,2327,8312,3886,3472,4007,2289,8486,3018,3661,1977,3347,3659,2696,1082,5725,4851,4689,6098,4203,4992,4639,2308,6463,6981,1760,2493,5484,2516,8763,1991,1648,3775,8480,7107,5778,9401,5237,5220,2568,588,1407,2415,2814,1735,1456,1233,4057,1465,4005,7977,5981,3611,1103,670,3573,5211,2091,3926
"LOC102724532",182,48,123,147,69,92,113,90,175,294,85,79,214,123,181,121,179,158,122,159,146,102,121,120,97,206,77,151,93,96,105,103,111,118,157,121,100,116,144,220,311,125,120,150,124,121,165,112,127,152,64,125,66,94,81,21,53,71,53,183,305,125,70,36,145,66,116,140,83
"LRTM2",1541,148,1169,2517,976,690,20,988,736,1380,1201,810,3079,1047,897,101,947,1914,892,1138,1168,1267,959,905,283,1128,1404,1209,1157,1007,1007,808,592,1692,1375,543,578,1141,1147,1512,1061,453,1276,1611,1455,1195,1533,1245,1018,667,156,364,603,611,472,307,313,838,635,912,1862,1342,706,260,215,951,887,515,852
"F7",47,13,103,145,80,39,2,68,96,66,53,36,195,70,47,68,65,111,31,55,46,53,53,48,48,47,51,70,75,89,65,71,26,49,39,17,47,127,21,102,90,23,55,66,75,32,125,68,57,61,15,17,42,36,12,27,14,46,34,27,106,56,74,15,23,46,39,37,51
"ZNF449",296,82,351,509,190,232,201,160,273,651,291,210,740,288,383,560,418,490,263,291,257,369,294,256,139,329,710,379,502,464,380,386,337,605,433,382,574,591,810,610,483,484,363,645,720,712,606,573,720,185,249,142,331,208,253,184,152,450,162,441,887,682,385,159,461,403,322,281,304
"C2orf16",41,7,42,158,23,41,11,39,32,82,78,27,110,50,49,47,163,75,30,33,36,35,29,40,16,43,59,41,43,37,47,58,19,59,53,37,43,62,45,74,79,37,29,82,81,75,63,54,60,2,28,11,28,15,85,19,29,34,24,84,84,66,26,7,33,43,42,36,36
"ZNF860",31,1,39,41,34,11,1,27,27,45,14,19,70,45,31,14,29,57,15,39,21,30,46,34,9,37,81,30,49,31,44,42,15,66,43,9,18,56,26,70,32,24,50,61,70,66,68,71,60,3,22,0,25,2,26,10,7,26,12,36,84,88,41,9,16,37,49,8,5
"KCNF1",2422,303,1493,4149,1066,1146,88,1420,1477,3336,2461,1138,3214,2397,1939,67,1397,3178,1652,2686,2022,1562,2186,1625,916,3238,1621,2427,1974,2400,2420,1705,1423,1827,3542,1193,1387,1481,1240,4220,1781,1107,2455,2710,2112,1737,4604,1710,1762,2562,480,1407,1280,2262,669,1220,740,1314,982,1262,3987,2717,1425,938,353,954,2080,1101,1910
"SMIM10L2B",3084,300,1926,3847,1724,1322,149,1849,2512,2460,1517,1216,4182,1901,1700,1067,1899,3278,1503,2438,1723,1634,1586,1815,975,2048,1820,1871,2038,1832,1784,1750,1453,2002,2832,1041,1602,2215,766,3792,2162,880,2445,2871,2291,2028,3268,2055,2018,816,481,529,1119,1169,699,585,755,1549,808,1612,3776,3381,1232,780,605,1469,1865,1479,1289
"SCN11A",49,28,48,52,17,44,44,37,110,103,34,31,65,22,47,45,73,47,36,24,47,59,47,63,26,35,68,26,18,33,22,43,66,36,55,89,80,62,136,26,77,96,49,32,68,47,34,55,58,22,52,4,64,26,33,29,31,37,23,33,51,70,38,21,75,35,31,35,32
"TARBP1",2851,610,2293,3217,1704,1836,1007,2345,2013,4824,2515,1758,7100,2519,3183,7830,2792,4098,2862,3470,2633,3471,2978,2608,971,3337,5819,3472,4083,3789,2712,2867,3300,4477,3092,4657,4792,4345,4410,4279,3777,3467,3654,3436,4319,4567,3769,3528,4608,1917,1841,860,2243,1564,2226,1226,1057,3196,1404,4266,5929,4483,2551,1362,2280,2963,2139,2009,1949
"DIRAS1",6753,824,6165,15586,5057,3305,232,4619,7095,6401,6678,3530,12693,5910,4271,4277,6405,10509,3916,6359,4318,4853,5160,3764,2088,7672,5222,6466,6939,5684,6078,5284,3007,6489,8936,2243,5406,8007,1852,12911,3963,1937,5259,11240,9031,5700,12644,6268,6101,5689,1052,3687,4126,4387,2192,2821,2109,4737,2978,4622,10187,6285,5669,1765,1220,4437,7951,2867,5947
"SYT12",2148,331,1766,4144,1275,971,60,1565,1574,2623,2132,1082,3434,2355,1902,6571,2216,3065,1605,2788,2027,1842,1790,1803,993,2135,1322,2396,1742,1668,1954,1242,1266,1723,2641,938,1422,1985,856,4565,1832,923,2280,2972,2294,1952,4451,1952,1979,2260,528,1302,1365,1997,624,1603,983,1553,1052,1392,3890,2493,1812,660,485,1301,2678,1075,2082
"SLC6A17",8756,1019,8858,26326,6263,6124,104,4878,7108,11419,13347,5106,17482,8020,7191,7339,7788,17572,5644,9363,4777,7903,7539,6641,2851,5816,8201,6129,8388,6160,7551,6207,4126,10308,8559,2570,5747,8319,1979,10411,5530,2400,6624,12916,10408,8541,11227,7895,9020,4576,1774,2245,5165,3518,4687,4191,2926,6402,3814,7383,14810,13424,7648,2452,1217,5364,9606,5324,4723
"C17orf107",138,28,209,484,153,137,21,119,475,243,151,133,325,173,143,507,188,341,131,316,114,165,166,190,98,180,201,131,214,110,131,161,124,278,266,47,99,195,150,243,108,77,158,406,243,189,361,210,207,97,25,38,155,124,116,84,76,186,74,141,438,256,156,60,74,124,205,210,162
"KREMEN2",192,58,143,187,125,93,118,203,212,338,147,86,151,169,179,13,164,195,213,143,212,117,126,175,90,196,136,155,111,164,145,93,152,135,157,128,122,162,113,268,203,223,220,143,143,110,234,129,117,73,49,89,82,144,71,33,34,93,64,108,195,213,61,29,54,74,72,168,103
"RSAD2",229,27,144,366,162,171,99,118,179,270,369,139,333,209,207,76,214,232,141,276,244,167,176,175,106,315,242,275,187,202,165,235,403,372,509,216,307,385,772,386,190,211,189,286,307,272,359,333,296,240,196,53,157,179,114,171,90,274,98,434,321,294,176,127,247,184,174,128,178
"SMIM10L2A",4500,539,2893,4964,1986,2012,513,2194,4554,3959,2587,1851,6550,3029,2711,1118,2727,4746,2493,3699,2786,3057,2157,3085,1941,2583,2760,2544,3909,2844,2966,2513,1997,3481,5067,2354,2499,3211,2013,5188,3110,1852,3673,4256,3395,3479,4496,2788,3305,1722,985,1032,2159,2117,1307,1221,1188,2194,1477,2838,5211,4691,2423,1245,1405,2670,2903,2490,2959
"PCP4L1",1056,155,901,2560,635,425,21,596,954,874,1164,633,1492,897,706,656,708,1511,556,1036,677,503,924,625,328,1814,910,1232,1461,1619,1144,1104,701,1445,1731,508,543,1168,7460,2298,1016,352,995,2043,1677,1292,2017,1396,1165,944,148,480,970,916,631,469,400,1030,285,1041,2659,1304,814,249,358,633,1271,869,819
"SPEF1",499,76,254,481,209,155,32,257,269,245,300,191,311,235,204,22,260,332,213,395,505,243,203,188,137,627,201,442,454,459,408,304,323,283,488,176,343,339,1509,803,476,148,542,337,267,355,680,254,327,463,54,245,272,498,145,164,104,226,258,220,453,399,153,103,118,203,268,159,375
"CLSTN3",11082,1314,10843,27672,7720,6983,227,6155,7889,13822,12582,7372,20897,9115,8030,18411,9606,18480,6526,10320,6144,9461,9059,7346,2817,10065,9507,9341,10610,9187,10087,7387,4746,12637,11674,3723,6730,10274,3464,14475,7428,4061,7666,15645,12747,8235,15583,9380,10354,8167,2001,4599,7078,7212,5276,5398,3463,8951,4872,8916,16285,15839,9792,3106,1762,8692,11181,5178,8688
"GPCPD1",1691,447,1213,2146,1253,749,883,1348,2489,2097,986,1025,3350,1987,1230,4587,1874,2069,1170,2024,1569,1686,1677,953,550,2393,2494,2548,2118,2704,1840,1889,1280,2393,2376,2581,1655,2088,2791,4063,2506,1838,2853,3099,3952,2955,4074,3222,3000,427,1108,415,912,520,991,429,476,1183,935,1125,3499,1498,990,733,2052,1741,1102,2006,1063
"ANXA6",9454,1330,11108,25750,7288,6943,584,5078,7716,10519,11250,6334,16014,8549,7382,5241,12392,15122,5766,8578,4558,7016,7286,6056,3046,12538,8202,10962,9826,8480,9998,7928,4772,8969,14603,3853,6737,12585,6219,17585,9314,4335,6135,14591,10830,8500,18191,10652,8758,6882,2747,3824,4595,6141,4970,3695,3087,9366,3891,9043,13306,13220,9466,2961,3396,7312,10101,5345,9633
"NRSN2",7827,995,5704,10560,4021,4000,625,4349,5184,6585,5649,3944,10811,4882,4312,3540,6373,8069,4512,5928,5529,4787,4641,4870,3466,6583,4680,5405,5864,5129,5572,4517,4248,5533,8819,4310,4714,6600,4032,10834,8786,3453,6497,7119,5982,4606,10138,5268,4928,5690,2559,2779,3913,4744,3105,2901,2284,4276,2522,5655,11825,9634,4394,2220,2640,3966,5221,6966,4989
"CALM3",67051,7841,62539,117452,47828,39013,5790,35537,54604,65800,64137,40653,108946,47625,42189,26346,54013,89483,38663,61844,32602,48896,43988,38732,22584,61216,50958,53665,69133,50872,57755,47059,31938,65183,84660,31098,43283,59070,43740,98865,61258,28910,43370,80902,65284,54585,95442,55733,54132,42352,10898,23059,35374,39633,29226,25111,21033,47624,28947,45811,115514,105037,46357,17746,16055,50439,60269,45367,58218
"PNPLA3",56,11,68,304,47,64,35,13,90,86,56,17,81,44,92,18,60,98,39,28,19,49,48,23,15,11,101,8,70,12,38,20,4,73,21,6,6,75,29,47,13,32,16,42,60,77,30,35,62,0,50,0,35,2,39,17,34,18,7,25,49,30,28,17,51,24,16,24,23
"ZNF596",266,91,186,156,162,142,319,188,207,447,102,171,459,154,224,698,232,173,231,138,217,207,204,197,100,232,268,252,125,322,147,164,275,238,423,544,243,323,471,413,427,345,305,224,233,262,331,277,236,65,239,90,215,92,139,91,64,215,175,463,357,205,248,187,257,191,182,137,112
"GPRASP1",6914,1276,7408,15206,5670,5200,1559,3622,6143,10221,8487,4781,15334,5881,6099,11779,6399,11699,4679,7317,3268,6639,5690,4498,1951,5722,8770,7249,8137,5656,6443,6551,3715,11859,10176,4656,7135,8838,9156,12183,4610,4620,4588,12577,10498,9317,12090,8547,9537,4021,2512,2246,4882,3896,4731,2131,2447,8359,2855,8653,14713,8433,7432,2964,3324,7837,9698,5657,6084
"RNF165",1639,155,1002,2167,802,855,28,864,1160,1473,1205,647,2554,1019,1022,1720,753,2260,859,1100,965,1366,919,846,478,1054,1396,1197,1178,1153,1260,952,998,1461,1716,837,897,1163,904,1931,1667,643,1375,1900,1891,1504,1899,1264,1442,1013,362,585,975,741,596,794,544,859,664,1297,2782,1878,1051,505,387,1224,1213,891,1163
"EXOC3L1",104,24,116,144,67,53,20,64,134,99,76,51,123,83,87,168,99,109,68,80,58,84,73,77,49,91,64,62,84,57,59,80,57,79,76,82,41,91,120,85,128,86,63,89,86,96,107,62,63,45,37,96,47,52,62,26,34,76,28,99,135,105,38,29,53,60,49,119,53
"RELL2",1007,207,1188,2531,638,596,47,609,749,766,752,442,1586,819,557,701,1098,1230,467,963,629,650,694,618,344,1049,794,974,983,1080,901,711,536,735,958,172,775,1117,358,1505,500,346,727,1260,851,794,1485,927,774,511,260,317,715,699,312,394,344,832,438,610,1422,1084,837,227,150,489,875,446,638
"NCR3LG1",183,55,390,1199,365,315,16,95,407,585,354,164,1194,442,343,1857,378,591,224,271,101,553,352,185,39,61,627,105,280,186,92,258,60,665,123,16,92,383,278,120,66,176,163,563,685,563,191,469,449,10,62,61,232,47,216,73,87,268,130,276,627,479,598,55,115,323,349,121,140
"CCDC113",674,121,730,1258,520,508,203,389,969,1119,686,458,1358,531,708,346,806,1198,596,722,440,640,573,620,247,685,932,683,783,663,619,595,581,1006,1117,662,575,894,2230,1300,972,653,654,1219,993,838,1104,949,1003,460,252,268,460,430,536,218,233,710,363,984,1374,1254,687,279,479,639,796,936,711
"CHRNB2",2392,256,2651,3754,1866,1003,43,1254,2184,2289,1497,1266,4622,1849,1336,1946,1561,3673,1279,1869,1275,1636,1587,1470,655,1677,2025,1523,2146,1624,1804,1575,1104,2372,2335,801,1204,2416,1186,2532,2139,724,1602,3061,2353,1679,2701,2107,1993,1217,489,763,915,1079,803,720,809,1637,1019,1317,3364,2553,1960,578,371,1453,2185,978,1694
"GABARAPL1",11697,1815,11751,31722,8910,9226,2987,5984,10490,17366,15921,8623,23514,10877,11118,8831,14398,18627,8298,14825,5941,10558,10175,8361,4329,15713,12467,14905,14135,11420,13486,12308,7315,17030,23146,7650,11463,16356,15989,30665,11173,8823,9562,23436,21495,18967,29423,16860,16986,9767,3937,6218,8967,8971,8357,6984,4410,11882,5762,13760,24412,20335,12835,5392,6521,12361,19364,8735,20759
"TECTA",293,76,199,397,170,152,113,157,207,392,167,165,365,176,231,309,205,289,215,188,173,170,146,178,79,222,235,203,235,241,182,163,213,250,340,187,197,291,161,247,305,214,248,204,202,203,228,222,210,123,112,132,147,75,141,96,83,167,118,223,318,395,169,112,144,151,165,158,140
"CYP2E1",869,115,665,1103,392,513,344,488,345,598,668,404,880,370,498,1119,713,824,486,718,507,682,508,380,242,576,594,769,383,802,383,353,803,505,795,454,742,651,580,422,636,428,462,658,611,627,986,416,675,601,210,303,460,478,388,277,310,518,369,710,832,701,406,348,274,395,616,534,551
"SLC45A1",897,216,725,1573,607,512,239,580,645,1048,986,593,1417,739,677,907,905,1213,586,711,680,690,665,560,382,905,638,815,722,764,781,520,572,711,1315,531,763,846,628,1533,1047,576,818,965,834,659,1343,719,679,1070,234,645,574,870,379,460,259,581,481,643,1353,1341,678,325,295,548,778,513,765
"FAM131A",5470,894,4111,9527,3348,2868,892,3349,3639,6725,4996,2968,10063,4744,4684,4107,3917,7527,3563,5010,3888,4787,4051,3358,1860,5182,4642,5186,5210,4518,5266,4047,2977,6022,7472,2608,3830,5280,3080,8702,4256,3235,5274,7174,6529,4807,9643,5051,5448,3605,1519,2553,3995,4021,2159,3166,2029,3667,2582,3401,7910,7854,4713,1997,1763,5096,5863,2948,6386
"TMEM241",439,85,381,785,302,356,91,246,342,480,399,247,811,276,252,89,369,533,263,363,231,350,304,252,164,307,407,379,382,406,301,319,165,454,492,200,336,423,317,481,381,185,319,556,467,407,438,449,438,244,136,173,369,273,174,225,160,163,211,331,578,601,359,111,161,358,456,319,321
"COPS7A",4029,903,3895,7014,2893,2443,1878,2578,3364,4836,3532,2703,6493,3108,2977,2934,4259,4462,2815,3705,2659,3003,2936,2681,1950,4768,3591,4247,3784,3595,3731,3230,2436,4128,7004,2604,3158,4205,2698,6925,3572,2755,3189,4857,3922,3325,6766,3781,3599,3001,1494,2105,2864,3416,2041,1991,1482,3541,1931,3769,5518,6026,2991,1487,2210,3122,3897,2918,4397
"PPME1",4159,891,3568,8026,2583,2586,1675,2463,2615,5268,4068,2541,6522,3043,3089,3161,3662,4909,2624,3408,2678,2969,2698,2536,1676,3762,3178,3780,3386,3627,3422,2980,2598,4272,6139,2786,3486,4040,3071,6144,4684,2375,3392,5087,4254,3444,6423,3664,3482,2846,1408,2358,3018,2892,1987,2340,1716,3149,2453,3824,6561,6612,3712,2262,1510,2983,4430,3532,4154
"GSS",1312,308,1004,1693,778,760,1111,771,940,1830,1230,673,1840,919,998,826,1441,1336,1028,909,891,878,807,830,696,1447,1063,1184,1081,1051,1181,909,1053,1134,1922,953,1304,1214,1545,1813,1317,1091,1074,1294,1140,971,1929,1076,1066,1198,529,627,736,1278,791,487,347,1032,411,1283,1565,1902,845,493,787,895,1061,1054,1202
"NRIP3",1805,249,2345,4835,1852,1154,47,1310,2663,2568,1975,1067,3455,1819,1295,4545,1302,2830,1311,1674,1084,1061,1427,1154,737,2196,1960,2122,2330,2151,1861,2004,1156,2994,2670,1002,1606,3021,2269,3571,1280,685,2005,3462,3216,2021,4031,2416,2602,1048,438,904,1317,1072,1060,718,951,1963,708,2238,3745,2480,1841,796,632,1563,2604,1671,1315
"NRXN3",3039,506,3289,7615,2684,2092,1146,2193,2826,5078,3604,2068,8430,2889,2585,17445,2497,6219,2188,3072,1746,3035,3222,1928,1027,4189,5619,3860,4732,4577,4269,3874,2680,6720,6034,3333,4406,5669,3956,7902,2682,2288,4014,8337,7244,5437,7237,5242,5750,2437,843,1653,3503,2044,2363,2110,1680,3871,1945,4110,8357,5594,4238,2448,1367,4204,5473,2592,4030
"EFR3B",5175,1254,4448,7672,3055,2726,1078,3217,4571,5117,3821,2445,9600,3309,3479,6726,4438,6184,3035,3710,3780,4871,3001,2901,2269,1929,3528,2696,3203,2823,2702,2519,2594,4768,4804,3179,3318,3780,4376,6016,3508,2336,3776,4875,4311,3669,3742,3533,3814,2087,1915,1815,3115,2507,1831,2416,2257,2728,1873,2239,5952,4553,3657,1357,2320,3605,3837,3505,3708
"SPCS1",2247,640,1792,2920,1159,1282,1790,1463,1722,2813,2195,1459,3070,1474,1750,1195,2859,1903,1451,1856,1539,1602,1405,1527,1279,2950,1917,2519,1959,2095,1979,1829,1928,2187,5097,2933,2697,2519,3613,4678,3078,2398,2497,2613,2225,2396,4635,2321,2095,2317,1357,1649,1794,2259,1476,1201,1001,1814,1228,2202,2773,3445,1775,1318,2280,1950,2090,2312,2901
"ACP2",1353,288,1041,1640,769,729,468,785,1013,1642,1022,786,1890,979,1005,1235,1274,1675,848,1118,968,848,898,908,527,1205,854,1168,1016,1010,1037,783,740,1127,1723,990,806,1246,1042,1901,1663,853,1036,1203,1086,878,1979,1044,951,1038,504,516,610,1013,639,414,344,953,297,1029,1795,1882,785,448,698,836,854,753,1001
"TMEM169",276,65,258,323,205,162,103,138,230,477,257,156,429,228,197,350,222,355,165,196,210,143,241,189,90,376,313,311,280,389,312,323,220,427,608,187,240,395,180,632,266,208,357,469,506,382,610,347,324,244,138,141,223,268,123,127,135,257,179,222,449,398,299,188,116,231,413,154,200
"RASGRF1",3903,1665,5657,12982,3920,2659,2487,2706,3672,5677,5639,2474,10574,4575,3483,8645,4387,8002,2863,5216,2668,3832,4174,2592,1165,4265,5286,4569,6325,4839,4766,3684,3164,5620,6506,2467,4166,5734,846,8738,3173,2153,4814,8996,8420,5918,8343,5717,5540,2235,1063,1835,4682,2414,1987,2794,2106,4232,2998,3033,10209,6539,6145,1858,1517,4418,6625,2232,5079
"NAPA",4857,1065,4228,8445,3092,2726,1558,2533,2870,5103,4102,3226,7119,3465,3220,5836,4336,5676,2846,3752,2485,3232,3073,2919,1706,4531,3429,3424,4033,3829,3593,2920,2451,3884,5375,1870,2226,3831,2164,5737,4509,2713,3289,4350,3721,2808,5802,3534,3292,2470,1256,1625,2879,2663,2179,2078,1567,3506,2398,3672,6066,6542,2994,1564,1423,2915,3363,3250,3298
"NIPSNAP1",2682,470,2228,4335,1704,1559,619,1359,2269,2853,2281,1639,3973,1944,1881,2074,2378,3357,1499,2122,1507,1879,1647,1854,1036,2693,2154,2440,2602,2082,2052,1748,1323,2899,3714,1423,1935,2929,3015,4623,2438,1723,1993,3605,2694,2385,3899,2574,2442,1919,840,1210,1626,1771,1368,956,913,2061,969,2237,4171,3814,1815,890,1335,2210,2604,2456,2704
"CES2",1698,387,1389,2587,990,1021,974,943,2143,2298,1080,840,2526,1285,1354,2469,1818,1943,1333,1381,1151,1212,1084,1297,919,1325,1652,1059,1370,1384,1093,1074,1004,1450,1852,987,1049,1395,1307,1859,1843,1385,1268,1782,1479,1433,2065,1389,1496,921,706,712,1192,1097,881,765,634,1153,657,1745,2983,2424,1071,625,1273,1140,1199,1733,1243
"FBXO16",242,33,203,304,122,121,9,158,148,250,183,159,472,196,129,248,221,216,136,248,178,191,160,131,92,257,225,266,258,221,239,210,281,318,577,167,160,281,356,583,300,133,374,405,253,275,399,314,364,158,62,82,179,157,124,98,105,192,102,157,501,307,198,96,87,227,320,180,284
"MED29",4051,1225,2803,4844,2353,2381,2417,2144,4099,4870,3080,2298,5039,2539,3378,2716,4612,3498,3057,2483,2808,2653,2241,2953,2156,3044,3059,2516,2481,2430,2602,2488,2668,3116,5208,3946,3032,3464,4202,4798,6034,4117,3414,3545,2938,3335,4896,3139,3036,2712,1694,1982,2568,2830,2373,1669,1414,2453,2052,3449,5833,6346,2533,1620,3324,2682,2648,5201,2849
"BDH1",3175,691,2348,3057,1821,1514,600,1937,2151,2334,1746,1765,4274,1492,1523,5446,2420,2502,1583,1874,2123,2104,1642,1788,1049,2169,1947,1788,1601,1813,1634,1230,1773,2094,3305,2014,2104,1922,2060,2979,3249,1671,2353,1930,1752,1667,2318,1719,1641,2165,1087,1166,1629,1926,1001,1058,985,1560,1197,2304,2697,3006,1676,865,1305,1889,1967,2026,2042
"EML6",1210,211,947,1636,638,779,151,958,812,1345,1105,667,2110,903,923,1550,1018,1117,728,1106,813,940,661,765,338,600,964,999,869,944,833,715,776,1124,1460,842,1402,877,837,1443,940,734,1464,1335,1178,1105,1359,1150,1125,510,693,571,1013,546,611,840,689,871,604,601,1588,1270,1030,609,676,1127,948,639,1327
"RNFT2",1412,302,1286,1973,835,700,284,753,950,1232,1201,823,1967,798,744,951,1079,1224,806,977,818,796,801,835,459,1007,567,954,690,932,871,593,921,880,1861,862,940,910,675,1747,1193,553,1102,886,781,703,1459,954,719,890,357,740,626,865,526,514,490,701,616,417,1422,1327,699,476,318,593,894,824,1199
"PSMB2",2737,819,2258,4368,1573,1739,2047,1757,1954,3792,2509,1639,3690,1847,2193,1628,3077,2795,1922,2093,1832,1864,1958,1736,1644,2914,2428,2705,2463,2264,2555,2025,2082,2954,5398,3078,2923,3061,3537,4621,3718,2802,2768,3185,2885,2741,5095,2749,2620,2892,1338,2583,2091,2496,1708,1602,1401,2220,1479,2791,3942,4688,2412,1645,1968,2284,2586,2458,3355
"DDB1",7162,2036,6607,15653,4794,6094,3781,3474,7164,11003,8878,4631,10942,5531,7014,7238,9254,9421,5553,5027,3842,5707,4906,4864,3246,5860,6164,5464,5395,4672,5297,4708,3927,7584,9563,4729,5003,6932,8609,8986,6784,6740,5048,7739,6945,6112,8872,7071,6210,5186,3234,4212,4898,4698,4971,4142,3503,6072,3592,7346,9555,10458,7056,3230,5980,6105,6915,6426,7430
"COG1",3056,576,2363,4089,1667,2013,1083,1498,1989,4028,2887,1802,4588,1756,2251,3334,2432,3211,1886,2175,1399,1997,2023,1929,891,1915,2540,2274,2264,1775,1996,1645,1740,2552,3129,1332,1734,2420,2311,2714,2922,2188,2172,2582,2626,2184,2925,2288,2446,1239,1120,1134,1667,1533,1836,1151,1054,2188,1274,2970,3956,5394,1843,1098,1189,2470,2076,2241,2363
"HGSNAT",2826,726,2179,4005,1474,1753,1738,1592,1745,4045,2072,1522,4282,1843,2256,3374,2613,2998,1832,1955,2249,2368,1977,1828,1039,1615,2222,1442,1671,2099,1586,1485,1796,2601,2498,2587,2579,2149,2537,2450,3115,2283,2056,2349,2192,1995,2479,2088,2266,1585,1363,761,2028,1509,1292,1450,1068,1903,944,2003,3927,3946,2047,1059,2010,1805,2090,2052,2086
"NEU3",715,252,630,1214,564,515,560,352,682,1088,697,400,1049,570,603,970,720,913,517,461,485,433,554,548,216,583,718,494,524,507,417,509,542,1048,958,374,420,715,666,801,868,569,736,788,749,621,819,702,689,423,340,374,506,371,462,327,308,563,413,790,840,852,558,453,395,469,647,474,564
"CHP1",3511,773,3117,7535,2490,2357,1709,2022,3351,4897,3290,1866,6195,2789,2677,2178,4050,4414,2220,3132,1884,2684,2544,1744,1643,3586,2926,3226,3489,2728,3589,2623,2076,3682,6028,2741,3497,3744,2811,6392,2572,2161,2430,4791,4392,3866,6529,3338,3511,2858,1148,2591,2409,2499,1624,1720,1180,2752,1543,2724,4670,4338,3007,1723,2253,3065,3706,2083,5024
"LETMD1",2679,597,2192,3655,1649,1775,1333,1623,2102,3095,2855,1523,3380,1538,1764,2143,2511,2185,1710,1979,1573,1678,1464,1592,1269,2094,2023,1929,1701,2017,1921,1911,1977,2580,4151,2580,2632,2341,3210,3665,2506,2148,2240,2456,2326,1969,3606,2138,2084,1721,1199,1412,1846,2175,1971,1281,1110,1957,1368,3128,2671,3253,2129,1256,1805,1780,2539,1866,2734
"FBXO9",2634,659,2487,5027,2191,1774,1420,1773,2694,4619,1953,1712,5855,2516,2549,4508,2690,4554,1888,2840,1595,2532,2369,1733,1124,4188,3966,4023,4240,3076,3429,3707,1854,4141,5304,2135,2168,4739,3490,7366,2331,2352,2577,6729,5822,4687,7594,4579,4161,2075,1479,1471,3352,2212,1571,1901,1615,3413,1702,3547,5825,3553,3669,1944,2233,3311,4694,1522,2643
"WDR46",1216,246,952,1408,688,619,538,729,849,1287,890,698,1519,740,786,737,1491,1169,721,876,855,792,745,771,508,1082,826,1020,718,782,836,701,764,886,1746,815,656,1010,943,1651,1450,668,734,929,873,640,1462,775,762,1170,394,866,748,1236,528,463,404,897,427,1183,1381,1230,858,423,600,847,786,590,972
"CD99L2",10271,2481,9616,21559,7483,6518,2516,6253,9359,12248,11223,5620,14939,7654,7159,6618,10437,13464,5961,6567,5020,6280,6864,5686,3259,9953,7808,8337,7277,6337,8609,7311,5265,9327,13903,4233,8501,10997,6540,14543,9596,6392,6573,12462,9945,7464,15686,9143,7787,8202,2986,5432,5651,6844,5270,4131,3085,6841,5326,9081,13128,13306,7728,4268,3507,6643,9818,6405,6920
"ACLY",2642,716,3058,8519,2175,2553,2133,1479,2921,4888,4107,1726,5210,2703,3163,3475,5469,4269,2136,2754,1475,2609,2351,2143,1398,2616,3050,2584,2931,2590,2315,2461,2008,3670,5119,2141,2600,3587,3968,4557,2528,2456,2579,4461,3906,3368,4814,3729,3664,1693,1539,1609,2264,1865,2260,1775,1848,2654,1603,2735,4961,4572,3129,1551,2661,2803,3396,2447,3182
"EIF4H",8269,2558,6740,16434,5925,5776,7317,4341,8240,13955,8459,5158,11546,6222,7445,9114,9956,9966,6202,6062,5084,5952,6165,5390,3994,7498,7897,7761,6981,6302,6757,6848,5652,9700,15792,6729,7350,9310,11945,13332,8493,9167,7990,11030,10307,8433,14645,9174,8749,5434,4441,4719,6148,5478,5881,5296,4009,6837,5705,8900,10896,12726,7977,6483,7359,8322,9411,7024,10298
"ZCCHC17",2402,450,1636,2950,1209,1315,1128,1293,1683,2539,1680,1339,3217,1376,1518,1250,1944,2477,1537,1944,1576,1562,1406,1338,1245,2682,1768,2396,2035,1699,2146,1922,1830,2480,4820,2101,1838,1995,2058,4339,2371,1816,2169,2816,2330,2407,3767,2151,2191,2129,985,1798,1605,1919,1193,1227,1078,1880,1155,2027,3202,3239,1830,1056,1469,1916,2566,1776,2796
"PITPNA",5621,1104,5047,12404,3701,4040,1347,2997,4935,6603,6279,3391,8875,4177,4326,5180,7479,7443,3551,4609,3312,4116,3895,3204,2661,4565,4625,4777,4827,3907,4607,4121,2900,5940,8252,3610,4542,5941,4937,9238,5586,3378,3954,7728,6643,5824,8478,5651,5305,4060,2515,2797,4143,3490,3155,3093,2436,4536,2669,5224,9792,7895,5814,2207,3836,4844,6596,4461,6019
"MRPL30",805,243,667,1318,568,584,682,432,807,1204,807,519,1318,558,750,763,975,1086,634,721,568,619,573,507,435,1093,1060,987,918,756,770,841,586,1213,1958,720,919,1016,1143,1765,935,934,854,1324,1131,1024,1959,1054,1111,605,387,665,682,684,647,430,393,861,636,943,1479,1433,732,556,808,852,1017,824,985
"ST3GAL3",1717,416,1298,2361,968,931,329,1040,1457,1347,1375,880,2437,1108,974,1049,1470,1533,953,1114,1392,997,898,1069,810,1461,1013,1223,1116,1153,1012,913,978,1197,2313,935,1264,1329,872,2291,1930,804,1567,1495,1204,978,2038,1064,1049,1249,447,764,1010,1221,674,872,740,969,930,1121,2077,1856,1043,644,660,1078,1247,1309,1609
"IMMT",2442,689,2410,4953,1660,2000,1488,1288,2270,3384,2618,1763,3853,2136,2201,2202,3154,2985,1707,2160,1447,1903,1808,1493,1277,2862,2208,2598,2516,1997,2603,2023,1761,3031,5265,2231,2451,3058,3588,4859,3336,2291,2535,3463,3027,2257,4652,3042,2778,2731,1384,1857,1974,2059,1809,1481,1336,2421,1318,2791,4012,4216,2795,1265,1930,2305,3088,2492,2835
"PNPO",1018,203,987,1999,690,756,256,506,1044,1206,940,617,1214,653,780,750,1032,1048,613,624,347,615,585,623,419,546,763,623,608,651,575,522,388,988,1048,463,504,873,1299,838,945,588,630,1095,913,760,986,991,910,246,400,257,565,454,470,301,367,752,307,642,1290,1465,698,314,706,755,708,735,707
"DHX57",929,221,775,1336,574,645,383,494,690,1081,924,565,1375,662,676,858,952,931,637,542,639,736,518,603,398,886,791,784,605,700,698,661,687,925,1551,955,710,924,1252,1292,1113,770,895,982,1074,842,1156,1028,886,706,470,567,848,617,588,358,273,795,566,1049,1201,1317,971,494,758,800,930,709,820
"PCNX2",3444,634,2981,5742,1915,1837,459,1716,2789,2923,3093,1700,5689,2165,1957,4964,2866,4148,1694,2500,1947,2154,1925,2071,1113,1591,2471,1654,2373,2168,1599,1815,1499,2580,2495,1573,1830,2208,1181,2656,2514,1389,2252,3760,2991,2427,2579,2360,2556,1250,735,879,1952,1319,1419,1285,918,1772,1637,1731,4319,3577,2702,1019,915,2135,2296,1877,1747
"MECR",875,180,921,1406,627,575,459,578,807,1206,780,444,1463,789,740,582,981,1051,787,712,716,709,639,726,501,1196,797,977,891,814,772,682,701,892,1657,632,735,1063,1006,1602,1407,795,905,1057,923,866,1502,948,827,891,394,567,526,697,570,297,260,751,314,1033,1530,1365,560,362,522,717,863,700,786
"MRPS25",2868,625,2041,3478,1482,1665,1280,1779,2084,2978,2149,1556,3832,1650,1979,3394,2762,2517,1631,2099,1969,1869,1597,1693,1201,2179,2313,2281,2086,1971,2065,1570,1949,2494,4398,2614,2533,2318,3140,3716,3718,2064,2588,2592,2257,2336,3382,2370,2382,2590,1517,1894,2066,2096,1432,1478,1425,1934,1118,2153,3712,3872,2262,1671,1816,1786,2246,2366,2133
"BBS5",1147,289,621,1163,486,577,467,647,709,955,665,521,1154,519,616,547,851,738,635,618,741,600,542,734,555,513,638,522,599,580,516,457,741,611,1035,707,761,617,1175,921,994,760,847,622,588,615,901,629,552,520,419,389,665,508,399,360,362,440,449,618,758,1022,603,309,415,560,551,455,582
"TRIM9",8261,1700,6179,13635,4304,5323,1842,4892,5382,9777,6025,4565,13766,5322,6223,17578,7487,8360,5018,6380,4995,6657,5245,4866,3510,5895,8668,5789,6139,6689,5149,5307,6136,9685,11100,7147,7595,7137,6559,9918,7086,6423,8599,7784,7883,8076,8923,7810,8023,3684,4774,3433,6764,3636,4594,3783,4770,5754,4351,7218,10568,9894,7393,4234,4873,6785,7001,5324,7228
"NICN1",1533,389,1281,2668,1207,1028,574,860,1326,2071,1037,922,2451,1133,1104,1587,1252,2003,1074,1136,711,1189,1051,755,476,1334,1496,1430,1585,1374,1407,1336,870,1818,2063,869,938,1440,1303,2198,1150,910,1139,2245,1891,1315,2512,1439,1535,628,554,585,1101,989,829,877,667,1410,786,1086,1934,1733,1375,639,663,1251,1515,1079,1342
"MRPS5",2077,1253,1605,3532,1337,1646,2272,1183,1448,3103,2345,1215,2308,1224,1732,2429,2146,1406,1316,1298,1472,1248,1164,1197,1009,1965,1474,1667,1285,1440,1385,1182,1892,1775,5067,1990,2186,1426,2563,2781,2689,2499,1822,1589,1520,1390,3164,1756,1535,2437,1523,3701,2106,2256,1396,2216,1672,1543,2092,1112,2461,3796,2124,2678,1469,1838,2154,2289,3104
"PPP4R3A",1646,552,1117,2719,852,1183,1350,816,1008,2021,1441,896,1841,961,1167,2539,1580,1006,897,769,924,831,876,849,931,1274,1398,1345,823,1233,1110,1046,1481,1720,3488,1930,2060,1597,3459,2257,2060,1691,1907,1517,1571,1701,2269,1758,1459,1461,2090,2331,2360,1571,1119,2357,1776,1352,1813,1402,1834,2484,2178,2244,2083,1911,2142,1596,3028
"HDGF",4996,1679,3025,6696,2440,3018,3706,2492,3143,5465,4139,2263,4719,2670,3256,4463,5046,3023,2879,2601,3500,2578,2217,2735,3073,3127,2322,3101,2407,2374,2529,2608,2601,3308,9674,3409,4116,3373,7846,5791,6938,3841,4108,3333,3206,3206,6273,3528,2807,4717,3601,5270,4135,4121,2563,4839,3099,2906,3495,3597,5154,7367,4023,4375,4324,3728,4555,5116,8478
"PTPN21",846,224,462,848,424,535,515,397,607,817,600,407,810,487,529,899,1033,436,432,347,436,473,314,401,455,291,508,373,319,366,335,336,410,609,1005,819,810,538,1290,439,1172,820,614,443,497,719,500,588,521,427,699,469,839,446,536,740,649,450,533,607,770,1015,630,577,1218,821,639,864,1028
"EXOG",326,190,229,551,229,244,425,232,318,617,283,232,520,257,291,760,360,256,278,235,281,210,241,170,170,300,326,335,188,348,210,263,263,471,566,407,323,400,435,442,536,381,344,341,335,319,434,310,325,267,229,243,333,297,292,227,206,259,181,250,424,404,299,256,315,296,378,221,229
"TRIM4",640,318,470,922,367,520,354,395,520,747,577,418,640,346,479,776,855,318,443,294,311,419,276,318,290,319,408,444,260,355,338,259,394,563,1357,702,546,551,1125,674,1004,664,625,434,396,499,656,551,419,422,619,658,742,408,496,690,608,434,685,720,592,804,757,593,949,638,565,721,1174
"ZMYND8",3980,1443,2708,5509,2400,2745,2130,2098,2530,3858,3205,2211,3717,1870,2231,2720,2594,2412,2085,2022,2223,1934,1497,1944,1695,1478,2140,2035,1614,1606,1739,1274,2414,2572,5476,3782,3251,2597,2911,3284,4587,2596,3494,2794,2512,2157,3279,2629,2201,3180,2582,4073,3599,2578,1961,4011,3046,2129,4385,2045,3842,4955,5024,3774,2245,2607,4014,2402,5103
"UNC119B",1694,524,1073,2080,831,1219,472,812,1211,1515,1418,785,1794,873,1061,1523,1637,1167,851,796,871,921,663,890,801,1032,1212,899,807,750,857,794,850,1532,2979,1776,1315,1326,3799,1946,1959,1357,1325,1374,1375,1250,1681,1174,1070,1424,1286,1358,1836,1501,1075,1539,1407,1122,1128,1269,1541,1744,1704,1149,1710,1430,1682,1170,2117
"RBM17",2922,1124,1875,4079,1477,1941,2513,1580,2270,3765,2382,1584,3132,1627,2230,2787,3457,1827,1780,1609,2067,1617,1400,1603,1941,2610,2452,2529,1949,2059,2091,2076,2680,2936,7066,3385,3200,2717,5126,3944,4775,3497,3138,2368,2498,2811,4321,2767,2359,2971,3175,4018,4062,3270,2257,3726,3022,2427,3099,2543,3870,4900,3287,3771,3968,3050,3043,3659,4932
"RELA",1744,1271,1101,3017,840,1340,1797,946,1080,2148,1868,887,1361,877,1243,1431,2217,763,1040,764,1152,845,789,1042,1031,739,730,811,433,577,628,551,1077,976,3775,1257,1474,881,1567,1124,2215,1759,1434,591,763,828,1394,860,698,928,1780,2981,1800,1495,1021,2287,1453,717,1803,790,1237,2464,1131,4110,1695,1176,1339,2072,1882
"HNRNPH3",4773,2192,3336,6839,3157,3688,5417,2861,3578,6438,4128,2813,5586,2880,3514,6757,4760,3122,3014,3083,3201,2819,2450,2808,2990,3419,3725,4391,2783,3269,2964,3132,4489,5275,13255,6203,5471,3484,9751,6700,6185,6275,5612,4192,4031,4539,8130,4609,4432,3439,5137,6777,5864,4277,3679,5280,5170,4019,5990,3639,5390,7407,5092,7023,5736,5349,6019,6681,10698
"ZNF32",1355,658,892,1649,768,798,1364,756,760,1478,1084,723,1234,801,808,851,1184,814,787,859,1127,657,704,733,788,1935,918,1485,898,1233,1158,1080,1539,1143,3952,1438,1420,1073,1776,2728,2019,1254,1297,1263,1137,992,2668,1238,934,3691,975,2880,1608,2340,868,1704,1070,1201,1676,1117,1586,1609,1516,1431,1049,1085,1688,1204,2866
"ZBTB34",707,338,384,781,356,508,507,366,411,845,572,334,680,316,368,980,441,386,347,234,395,308,317,260,301,333,445,393,252,464,303,295,469,629,1131,683,576,490,922,617,487,717,671,485,615,505,759,567,505,313,660,612,881,379,444,709,658,450,710,307,489,702,732,810,835,579,745,417,797
"PSPH",531,359,376,708,514,333,436,326,468,651,485,295,640,278,367,315,455,410,316,315,412,282,266,261,319,362,349,395,313,386,427,365,341,431,1198,511,437,401,1156,743,601,594,508,436,402,379,664,423,397,381,447,830,547,660,431,629,568,505,573,235,637,836,605,469,453,506,665,637,1177
"NFKB1",543,383,385,1022,367,395,584,279,464,942,566,308,593,371,417,832,852,380,414,372,386,316,344,298,313,418,405,410,303,325,309,344,353,541,1162,519,597,482,749,579,831,681,493,415,452,468,783,494,419,370,540,729,642,448,508,626,511,376,608,466,578,773,537,858,832,677,533,571,865
"COLGALT1",1766,1177,1169,2993,879,1412,1680,943,936,1937,1835,959,1408,934,1003,2095,2349,942,785,853,1115,755,782,911,1063,760,711,926,582,883,687,587,906,1006,3228,1015,1175,858,1693,1346,1932,1130,1126,858,811,803,1450,857,793,1114,1592,2152,1589,1680,1063,1654,1320,880,1543,923,1310,2339,1296,2187,1784,1324,1457,1505,2651
"PPP1CC",3260,1036,2295,4621,1738,2200,2190,1543,1931,3540,3179,1731,3468,1716,2261,3398,3033,2019,1625,1577,1793,1675,1531,1623,1806,2726,2575,2733,2083,2264,2447,2290,2448,3399,8194,2800,3507,3268,6498,5225,3661,3430,3349,3304,3474,3251,5127,3367,2966,3404,3825,5396,4918,3811,2380,4440,4014,3238,3377,3486,3679,4842,4910,4041,4728,3773,4710,3087,6791
"SNHG3",589,273,328,831,243,379,358,382,270,449,534,253,475,271,275,343,717,226,239,245,463,235,217,283,401,468,328,483,343,322,324,265,398,459,1384,523,868,419,769,594,804,526,608,330,311,284,549,307,313,709,533,1056,674,626,454,637,320,308,599,586,481,1036,389,638,448,449,574,889,995
"ZHX3",5409,1827,3248,5553,2705,3458,1956,2283,4117,5398,3842,2599,4977,2366,3647,5395,3156,3094,2914,1785,2773,2826,2056,2984,2168,1943,3051,2181,1543,2075,1773,1819,2431,3374,5784,3804,3511,3141,5225,3603,5407,4300,3318,2829,2679,3500,3028,3205,2816,3393,3488,3667,4740,3557,2487,4137,3865,2941,3014,2660,3941,5754,5104,2977,5648,3979,3493,4003,5355
"ZNF143",442,199,348,773,272,272,335,221,310,523,459,253,543,281,328,593,500,306,241,302,295,259,209,278,228,310,308,332,298,314,292,316,348,354,926,380,541,369,649,433,543,460,379,446,414,439,553,445,357,315,372,532,542,474,302,668,533,398,418,297,535,611,574,532,557,454,577,567,867
"AUP1",3781,2371,2076,4009,1850,2202,3819,2202,2071,3587,2958,2049,2870,1646,2018,2648,3769,1729,2052,1972,3232,1572,1594,1981,1770,2461,1613,2391,1846,2179,1866,1448,3200,2150,7183,3254,3181,1930,2457,3294,5868,3380,3069,1660,1700,1533,3723,1860,1548,3865,2546,5138,3446,4740,2239,3856,1813,1833,4588,1982,3288,4960,2343,4007,2431,2171,2633,3174,5287
"ITPRIP",271,192,158,462,111,185,291,98,192,290,414,142,126,230,227,49,472,80,113,141,156,112,70,111,186,52,96,92,89,65,51,28,166,132,425,185,288,111,455,109,646,325,387,66,120,387,128,121,104,140,253,287,281,369,235,321,300,112,215,198,219,675,188,325,685,376,132,552,574
"HBP1",892,417,554,1175,493,590,996,460,677,1496,835,448,864,552,685,1051,847,444,520,406,476,457,503,514,418,454,801,558,421,514,465,533,512,777,1519,828,1057,871,2096,908,849,1268,929,646,781,895,1016,1035,889,320,1075,524,1193,414,719,1190,1055,701,988,670,882,1495,999,1750,1414,1016,1103,1082,1514
"TRIM8",5877,1829,3610,6571,2496,2872,3178,2864,3896,5182,4180,2643,4761,2613,3652,2840,4271,2898,2629,2174,2962,2757,2180,2892,3935,2576,2431,2478,2122,2157,2358,1929,2732,2851,8330,3527,4049,2887,6027,4074,5590,4532,3927,2489,2520,2807,4098,3318,2358,3672,4431,5596,5500,4966,2310,6712,4859,2463,4246,2413,4601,8181,3389,3461,4014,3469,3643,5665,6739
"TAF3",664,240,531,1174,412,509,451,331,491,650,633,387,598,345,408,825,522,464,319,344,446,326,326,305,376,297,411,403,225,314,298,328,378,509,1136,520,637,508,683,656,886,543,700,547,494,530,736,456,430,505,513,774,641,503,373,645,541,390,681,484,750,905,791,824,565,679,692,613,1121
"UBXN2A",463,227,383,864,346,366,419,322,498,702,552,283,490,297,372,654,627,315,320,259,343,254,268,290,331,316,387,338,294,315,318,330,375,511,996,607,612,481,1251,572,542,667,580,557,447,552,681,487,441,388,523,537,687,499,529,608,586,410,472,338,599,721,570,574,792,585,647,572,888
"IRF2BP2",2993,1945,1908,5034,1460,1752,3265,1855,1877,4318,2296,1496,2353,1936,2183,3474,2225,1414,1811,1328,1639,1325,1540,1518,1588,1809,1939,2524,1012,1943,1737,1505,2832,2345,7484,3693,3362,2206,7523,3400,3407,4002,3471,2002,2422,2674,4646,2840,2153,2566,2758,4425,3460,2653,1846,3881,3333,1810,4227,1688,2612,4661,2661,4338,3453,3052,3461,4111,6755
"MOB3C",566,257,353,770,254,399,377,329,445,382,464,254,297,271,286,1308,727,222,262,217,388,248,179,246,393,187,184,275,120,182,140,208,273,296,832,424,477,294,592,284,847,376,415,175,197,273,250,257,177,388,527,577,435,560,314,633,400,262,438,153,413,886,310,442,659,425,349,855,1163
"PNPT1",1436,1213,885,2428,982,1249,2638,874,993,2701,1409,860,1500,762,1206,1197,1528,779,911,713,1047,755,892,771,733,922,1033,958,770,1043,901,862,1236,1219,3839,1480,1792,982,2545,1438,1658,2160,1390,1050,1190,1020,1936,1367,1044,739,1808,2631,1780,888,1231,1879,1756,1062,2011,690,1325,2259,1734,3874,1238,1452,1703,1562,1740
"SIRT1",738,267,433,970,353,498,877,388,466,1109,568,358,811,376,592,1174,660,437,465,277,369,408,391,314,418,324,659,390,354,505,356,504,515,663,1278,920,739,573,1606,641,802,828,787,572,738,697,853,654,630,394,892,634,955,406,527,1005,946,570,861,747,729,1204,812,1264,1122,815,804,760,1349
"CTBP2",1597,630,1144,1851,844,936,733,713,1178,1281,1164,845,1398,852,920,2921,1500,963,801,782,815,807,637,786,805,1061,1005,994,934,832,837,800,1275,1422,3258,1737,1457,1092,2086,1903,2060,1531,1705,1207,1164,1330,1625,1262,1105,1002,1250,1747,1626,1379,1000,1761,1374,1021,1463,976,1464,2715,1235,1262,1823,1508,1443,1880,3364
"RAB29",1048,326,737,2202,503,844,448,437,675,1012,1353,456,849,503,675,456,1634,541,466,367,491,551,372,537,632,608,669,596,511,345,476,482,436,951,2487,699,1137,798,1888,1140,1080,962,627,543,581,1059,823,744,560,655,1276,1251,1186,1018,1099,1158,1137,629,584,837,1011,1579,1150,689,1606,1021,757,1167,2184
"FOXN3",1472,365,1012,2635,814,982,642,689,1371,1737,1543,738,1646,1129,1183,10059,1527,1165,793,863,805,837,811,856,756,720,1212,792,858,802,750,995,837,1470,2461,1257,1489,1163,1812,1423,1543,1271,1137,1446,1509,1544,1206,1528,1324,1049,1359,1384,2100,1119,1033,1823,1820,952,1247,1313,1816,1958,2039,1375,2323,1585,1540,1553,2501
"STK38",1314,409,642,1261,457,738,716,795,536,948,895,622,941,530,558,1229,1432,470,518,593,879,537,422,612,642,519,470,539,417,546,516,425,972,660,2049,1312,1214,562,1017,907,1855,851,1118,457,472,617,963,650,545,879,1051,1003,1001,948,660,1210,834,573,1109,517,820,1445,881,1189,1470,977,805,1130,2354
"HP1BP3",6764,4077,4822,10097,4622,5352,5359,3539,5045,9889,5825,4128,7688,4016,5106,6099,6824,4835,3874,3405,3191,3817,3679,3580,2815,3067,5699,3919,4079,3875,3455,4314,4012,6781,11689,5494,5646,5148,9142,5126,5972,6802,5534,5831,6067,6148,6520,5986,5873,2922,6231,5746,9299,3485,5780,7641,7951,4826,7346,4463,7141,9891,8113,10300,7455,7857,7506,5704,7827
"FANCE",173,76,110,209,87,87,151,91,97,194,144,90,125,94,85,225,214,72,91,86,118,68,78,78,119,108,90,61,55,74,53,78,47,129,240,65,89,111,181,140,198,140,98,65,82,73,149,90,88,125,155,143,117,180,94,144,98,63,98,140,118,194,106,142,215,127,125,141,351
"PPM1D",500,255,279,640,286,315,547,250,217,772,332,249,451,225,334,999,384,225,264,174,285,229,201,198,220,313,351,367,202,271,276,212,300,401,999,378,384,362,704,389,416,557,348,274,418,331,526,434,329,279,421,520,636,248,306,579,484,313,414,292,435,721,458,722,465,405,490,561,704
"CCDC69",551,153,488,1071,381,299,102,213,406,194,685,233,483,513,202,287,859,435,174,372,334,297,222,284,346,267,312,251,241,202,223,196,206,424,709,318,691,400,756,435,1431,281,270,362,249,365,470,201,229,684,513,533,570,893,359,580,595,393,490,424,555,664,639,328,701,431,485,555,680
"SYS1",843,403,633,1218,578,620,993,413,636,1239,878,544,856,443,587,572,1090,499,492,402,582,472,448,431,453,643,467,515,421,573,535,486,672,724,2001,727,627,563,1388,1131,1168,773,635,596,658,626,1187,644,558,677,714,1208,899,1011,704,838,702,521,810,358,828,1252,840,878,921,846,754,748,1915
"CAPN2",4500,1554,3085,7689,2099,4438,2927,2571,3862,5216,4718,2245,4784,2299,3630,5204,6261,2077,2881,1875,2567,3003,1959,2729,2522,1761,3142,2210,1616,1915,1643,1676,2614,3599,7364,3924,5384,2813,8808,3754,6585,5100,3494,1938,2355,3074,3196,3502,2682,2750,9422,5938,6161,4386,3664,8018,7102,2852,2667,2632,3836,7252,5748,3083,7697,4747,3751,5501,8164
"FCHSD2",1599,794,1039,2351,768,1095,1352,963,1324,3178,1597,907,1332,1233,1618,1502,1970,1052,1222,830,1263,945,835,1156,1143,1072,1219,1281,904,1113,959,1383,1563,1287,3436,2627,1588,1386,2515,1648,2451,2136,1772,1186,1303,1670,2216,1778,1426,1244,2137,1562,2241,1486,1134,2114,1467,1312,1925,1402,2073,2629,1621,2729,2942,1661,1882,2273,3714
"RHOQ",3157,952,1845,4666,1250,1955,1944,1405,2071,2602,2315,1417,2467,1364,1916,1023,3104,1148,1475,1148,1863,1473,1214,1710,2036,1783,1938,1830,1298,1676,1548,1823,2546,2594,5850,3563,4197,2377,7087,3566,3830,3594,3327,1760,1741,2777,2896,2517,1980,2343,4546,3551,4209,2888,2240,4302,3122,2108,2347,2201,2972,4315,3353,2583,4607,2897,3129,3601,6847
"ATF4",6578,2898,4122,14466,2981,4083,6738,3978,3908,8745,6708,3524,6049,5199,4697,6113,11590,5018,4464,5618,5561,3698,4199,4387,5721,8351,4222,7132,5493,5626,6521,5177,5797,5345,16090,6367,7255,6352,6595,13838,11134,5902,6472,7102,6889,5858,14889,6270,5615,10376,6041,14916,7935,7857,4195,10835,6223,4901,9151,6260,10688,10516,7080,8293,5816,4698,8810,6580,12758
"LRP4",10374,4068,4964,8451,3662,6494,1590,3203,8017,5951,6076,4157,6034,1945,4681,1754,7384,1547,3137,1104,3351,4075,1962,3254,2829,1111,2924,1508,881,1735,1413,1237,2465,3398,8573,5090,4363,2738,5284,3050,7025,5198,5248,1167,1707,3036,1577,3243,1591,2234,6759,5053,6418,2877,3657,8507,7763,2578,6330,1169,2942,8035,6139,7950,9252,5562,3746,6129,6774
"PXDC1",706,270,304,1500,257,466,420,361,339,547,755,315,323,352,403,168,1993,199,304,266,533,244,226,390,805,269,261,354,134,231,229,262,490,339,1396,678,814,379,1067,460,2330,751,589,214,252,437,443,254,274,585,775,912,652,938,583,1047,809,232,637,495,543,1296,458,610,1171,560,477,2006,959
"MXI1",4926,2843,2767,6627,2654,3193,5930,2784,3326,6633,3427,2746,4124,2313,3946,4055,4043,2377,3394,1941,3361,2293,2218,2394,3200,3044,3262,3027,1804,2642,2161,2591,4352,3579,9700,6510,5176,3914,8220,4553,6597,7112,4604,2986,3335,3517,6116,4176,3138,3469,5583,6604,7108,4351,3422,7110,4883,3353,5486,4311,4320,7669,5041,7489,6830,4630,4467,5647,9394
"PAPOLA",4696,2039,3126,6605,2646,3232,3139,2395,3146,5405,4039,2471,4932,2744,2999,4890,4736,2970,2342,2551,2334,2327,2211,2166,2594,3038,3665,3280,3259,3049,3160,3087,3270,5457,10304,5201,5279,3818,8187,6135,5322,4827,5330,5089,4738,4977,6138,4686,4490,2487,4419,4666,6020,3460,3684,6375,5892,3674,6400,2684,5574,7777,5438,6800,6301,5848,6687,5521,9851
"GKAP1",428,247,329,683,271,280,414,260,310,620,463,320,432,249,367,694,447,290,270,308,260,187,206,231,308,496,365,529,286,342,372,398,539,424,1764,646,603,438,860,889,621,662,525,461,410,434,972,569,426,663,456,1140,649,590,390,698,415,427,798,365,584,807,508,893,466,431,707,574,1020
"PDE4DIP",7340,2140,5164,11964,4173,5816,2682,2898,6791,6918,7724,3974,8981,3507,5528,11762,5298,5393,3864,3120,3239,4267,3259,3917,3557,3433,6200,4108,4011,3591,3813,4074,3769,8565,11642,5534,5142,5005,11697,7225,6873,6928,5876,6975,6835,6917,6432,6598,5815,4722,10661,9263,9494,5536,5267,11193,10084,5347,4973,4445,7021,10112,12282,5413,10462,9188,7781,6183,10977
"SMAD4",2028,663,1208,2460,1138,1556,1475,895,1187,2464,1729,1133,1743,958,1343,3505,1932,1008,1076,744,1017,954,851,1005,917,1141,1311,1131,680,1020,902,1026,1181,1946,4314,1753,1926,1600,3800,1932,2622,2095,1722,1288,1398,1458,2131,1617,1331,2029,1926,2450,2273,1785,1474,2063,1800,1387,1792,1701,1400,2728,2111,2301,2365,1889,2016,1390,3570
"TSC22D3",3521,1754,2252,8049,2381,3868,1901,2005,3283,3689,5309,2715,3473,2828,3119,4747,3453,2906,2092,2696,2082,2223,1688,2167,1931,3721,2705,3387,2109,2174,2302,1864,2710,3405,7067,6011,5802,3867,3655,5302,6675,3689,4587,3737,3554,3395,5546,3341,2881,6867,3323,7018,4376,5642,2981,8173,3366,2886,5205,5049,4285,8289,4940,4201,6051,5057,4902,2819,39520
"ID3",1037,810,596,1538,363,1214,637,298,511,729,1886,608,468,1348,915,74,2458,259,689,564,851,584,289,464,684,463,561,601,437,426,238,274,712,533,3063,1262,885,539,3488,658,2986,2279,840,256,474,599,721,568,450,1151,2003,2386,1149,3050,1839,2906,1490,592,1037,797,1089,1934,665,774,3650,2049,845,1435,7171
"LATS2",236,158,104,339,77,155,202,111,208,255,200,108,101,223,165,255,334,70,97,112,169,120,105,119,168,77,185,71,45,117,30,76,134,102,291,320,247,124,593,89,414,272,261,59,108,212,167,142,134,60,490,247,236,158,135,414,301,131,248,189,139,393,166,329,676,455,160,415,763
"CARD8",713,341,467,878,321,485,749,344,641,810,667,374,530,416,550,865,846,259,416,379,582,300,299,384,618,236,456,297,244,340,250,269,430,509,1160,862,874,377,1734,465,944,880,636,321,395,684,610,556,473,334,1069,529,909,543,726,889,809,357,517,341,730,726,561,887,1832,863,525,880,1058
"BANP",580,271,367,659,294,352,392,445,297,562,490,323,529,332,303,617,644,376,256,286,373,307,205,220,258,323,253,323,248,273,328,210,294,364,1176,390,550,385,476,459,783,442,505,323,281,294,560,381,268,390,358,662,454,618,291,582,422,255,522,340,567,953,337,396,331,358,479,725,892
"TIMELESS",288,162,209,529,163,258,399,144,158,429,375,133,178,162,212,457,465,154,156,155,160,151,148,137,165,99,121,174,120,139,121,121,169,203,499,137,241,148,277,162,230,244,164,149,140,167,307,178,163,165,384,347,300,218,243,366,241,193,200,139,221,261,335,523,339,253,302,168,430
"SH2D4A",57,25,31,109,29,61,33,19,55,50,76,29,37,35,46,30,76,19,45,22,23,29,17,21,36,15,26,33,12,15,10,14,47,22,65,66,60,38,119,32,109,61,44,23,18,55,21,12,29,40,54,37,54,83,61,76,56,34,48,39,44,79,48,22,105,62,34,53,182
"CALML4",88,27,42,86,28,49,59,35,34,52,92,23,68,31,38,115,40,40,27,16,36,33,32,28,44,5,30,26,23,39,5,19,46,37,128,62,39,33,51,22,74,64,66,24,29,40,30,26,33,36,56,53,60,44,51,74,37,35,38,47,50,92,56,74,147,49,19,93,146
"ITGB8",3689,1350,1835,2731,1863,2472,2684,1172,3115,3919,1991,1852,2200,1076,2745,763,1748,1022,1773,513,698,1204,1084,1381,1969,974,1852,1420,701,1306,1257,1301,2171,3116,6055,5233,3590,2637,11590,2070,2279,5727,3516,1183,2132,2712,2815,3023,2261,1498,4036,4327,4484,1580,2879,4221,4491,1799,3418,1854,1796,4709,4434,4768,6304,3631,3792,2991,3871
"CDK2AP1",3603,1176,2028,3308,1497,2006,2678,1813,2643,3516,2265,1689,3699,2227,2556,1447,3536,1644,2020,1870,3149,1976,1595,1989,2934,1873,2185,1925,2106,1994,1758,1728,2752,2270,5879,2680,2610,1704,6034,3333,2986,3414,2518,1886,1937,2905,3035,2317,2093,1879,3972,3566,4027,3145,1430,4735,3554,2054,2437,1772,2639,3276,3414,2281,4969,2952,3101,2445,6346
"RBM48",1458,788,966,2883,865,1343,1257,644,612,1682,1815,747,1332,595,808,756,1217,712,601,658,622,687,682,597,631,765,1017,950,670,863,671,702,764,1621,4342,1201,1863,1081,1926,1503,901,1257,1201,964,970,1039,1639,1220,1013,1041,1466,2452,2196,1183,1447,1820,1346,1125,1652,701,1378,2343,2065,3298,940,1624,2283,923,2181
"ITGB5",1924,703,990,1576,579,852,712,628,1291,1101,1113,894,1150,1040,937,902,1873,504,702,657,1168,844,546,741,908,452,607,670,296,506,456,481,671,664,2603,1183,1265,692,2034,1104,2707,1308,1206,408,599,848,727,805,555,1091,1412,1365,1329,1762,848,1519,1239,591,835,734,833,1619,935,629,2309,1198,743,1378,2993
"GMPR",601,223,347,849,258,735,187,429,221,238,828,512,267,275,372,88,912,108,228,133,140,157,107,371,340,293,133,160,89,103,98,106,476,414,746,1310,574,315,2317,322,1258,961,214,109,102,143,166,178,112,763,458,647,811,1212,830,497,314,343,617,456,306,951,445,230,1599,407,225,1424,1194
"RNASEH2C",1947,948,1121,2314,1070,1100,1607,1185,1044,1932,1510,1112,1736,895,975,1649,1633,947,1008,995,1630,797,771,1057,790,1334,966,1339,928,1097,1121,913,1392,1137,4261,1178,1492,941,1228,1959,2578,1428,1466,913,881,833,2010,980,842,2480,1383,3218,1968,2660,1212,1854,1541,1010,2060,754,1431,2120,1525,1878,1149,1541,1514,1812,3078
"BCAR3",1123,299,585,787,314,552,126,372,773,433,583,611,498,363,454,316,654,289,352,247,432,389,235,316,354,388,367,340,159,270,264,249,402,488,1385,1056,474,519,1284,918,1024,760,859,345,352,469,454,523,365,548,646,694,815,782,455,842,771,436,752,422,662,862,652,352,1107,651,568,799,1003
"CEP152",144,77,80,158,82,114,92,105,97,159,177,81,124,60,95,99,130,42,66,63,68,39,74,101,68,60,134,80,47,68,58,50,65,87,226,221,230,83,364,111,182,143,105,102,84,107,110,123,88,43,202,189,131,82,156,206,194,64,167,67,105,382,157,154,211,137,144,212,198
"ANAPC16",2186,913,1327,2141,1069,1319,1552,1126,1343,1787,1699,1192,1908,1171,1179,2499,2067,939,979,1048,1422,1055,855,1106,1331,1712,1366,1801,924,1301,1163,1122,1710,1797,5910,2302,2083,1363,3731,2501,3321,2005,2226,1403,1394,1631,2638,1462,1342,2578,2462,4151,2637,3310,1539,3167,2468,1322,2534,1515,1629,3000,2040,2728,2851,2121,2373,1948,5428
"TP53I3",192,40,86,144,98,83,63,47,150,140,58,64,113,115,87,100,185,76,68,79,143,69,74,54,73,62,67,151,48,83,89,71,113,76,186,101,75,54,63,160,412,103,164,68,85,110,135,100,60,173,118,265,146,273,76,211,209,87,215,91,169,202,153,86,233,187,52,308,417
"SASH1",5056,2012,2785,4782,2283,2798,3865,2078,4667,5927,3150,2259,4046,1959,3709,1129,3352,1609,2657,1142,2282,2558,2155,2485,2799,1634,2769,1804,974,1827,1821,2124,2323,3635,7224,4753,4416,3344,5377,3051,3674,5232,4578,2112,2592,3704,3041,3499,2703,1576,6951,3968,5701,2897,2503,7714,6435,2584,3853,1756,2510,4656,5722,5144,7558,4738,3115,4953,5936
"ZNF69",79,48,49,62,37,50,51,45,54,77,32,44,75,42,53,119,69,38,56,51,61,46,42,54,51,40,50,47,28,58,50,36,70,71,210,137,96,46,102,100,163,75,106,33,35,60,92,77,60,75,90,133,96,127,47,154,91,44,73,61,60,121,96,70,133,65,106,35,130
"DNAJB6",4228,1605,3505,7365,2621,3086,2598,2386,2660,4988,3581,2646,5440,2918,2865,3446,4220,3872,2360,3113,2163,2537,2556,2339,2075,4950,4377,4987,4275,3972,4304,4007,3565,5729,11828,4680,5023,5019,5805,8096,5763,4284,5137,6025,5342,5039,8873,5076,4651,4923,3639,7108,5737,5086,3224,5718,5119,4950,5975,4882,6879,8209,5577,4792,4038,5306,6977,4498,9385
"KIAA1958",677,460,372,921,386,503,962,330,498,1372,598,328,489,321,744,907,512,244,453,177,401,284,381,350,329,303,413,364,148,304,265,282,544,459,1203,550,686,456,1418,371,485,1208,735,307,445,483,659,641,488,393,873,918,1037,336,442,1049,1008,430,656,260,466,1045,746,1426,842,571,534,603,664
"POGK",2954,1732,2155,5032,1982,2213,3763,1424,2438,5484,3171,1750,3510,2104,2944,2598,2576,2182,2234,1541,2636,1692,1982,1884,1744,1735,2447,2181,1379,1921,1592,2122,2391,2603,5535,2123,2550,2172,3701,2741,2916,3389,2643,2566,2786,2395,3715,2721,2447,1656,3106,3021,3967,2065,2071,3947,3201,2068,3473,1687,3437,4848,3438,5202,2580,2662,3584,2890,3503
"ARL6IP6",516,202,296,431,193,339,462,275,288,564,338,234,355,197,294,293,374,177,245,166,220,236,184,208,348,182,307,206,144,236,234,236,277,329,822,485,516,319,1130,447,387,675,399,209,257,379,344,377,264,240,680,332,526,281,390,610,496,246,348,298,302,683,453,507,841,442,388,436,762
"WEE1",79,24,39,67,17,57,23,35,46,36,85,30,51,110,43,223,84,26,40,34,21,39,32,38,54,30,73,25,31,24,17,36,57,71,186,100,65,41,540,71,213,109,86,39,39,120,57,56,72,18,173,30,99,56,78,187,132,52,50,100,99,181,69,52,390,206,53,109,616
"HSPB2",95,24,42,121,52,47,72,49,108,71,55,43,60,62,39,212,89,41,43,38,83,47,48,63,66,83,28,49,30,48,48,52,75,51,154,88,78,71,110,118,124,73,90,43,40,40,89,52,43,184,111,140,82,153,42,95,119,86,80,59,31,97,60,65,88,67,63,37,337
"IL17RB",1804,568,793,2227,583,1378,587,720,1201,992,2238,886,1401,470,968,1476,1499,491,766,360,1113,747,452,795,781,534,812,403,418,442,487,406,730,1198,2863,1783,1310,858,1960,1128,2264,1482,1215,395,456,863,582,1041,538,983,4513,2701,3215,1827,1434,4294,2857,919,1256,465,1123,2732,2808,1344,2063,1820,1393,2029,3673
"CDKN2C",486,142,256,472,195,273,514,212,326,589,520,226,248,144,289,213,357,149,220,162,240,180,202,201,330,238,186,218,68,211,148,177,338,131,1080,381,402,250,436,448,603,491,304,164,169,243,418,289,180,350,650,777,453,492,247,486,299,218,347,186,254,515,304,730,476,352,306,429,811
"SLC39A11",844,311,486,739,343,593,994,325,715,1273,633,383,464,337,773,235,327,370,421,256,336,272,311,401,470,511,249,456,166,368,366,326,427,463,1924,692,632,454,809,666,807,878,553,306,375,336,831,593,465,469,919,1396,786,593,307,1239,836,336,356,341,533,1030,674,790,716,526,637,551,1311
"NYNRIN",847,211,640,821,484,444,85,363,402,412,628,385,649,369,309,5328,509,457,300,507,403,319,248,490,172,278,403,240,341,196,196,268,328,640,895,311,453,267,394,449,981,407,428,353,301,347,317,289,306,440,592,439,682,650,514,631,684,454,405,292,769,723,615,285,728,571,506,732,887
"STARD10",1591,566,674,2046,653,893,861,788,777,1387,1554,770,1028,730,932,988,1086,724,728,722,1175,492,546,973,900,1296,565,926,658,798,835,720,1179,669,3244,1049,1490,948,1208,1662,1978,1187,1178,815,612,655,1798,822,573,2877,1045,4313,1383,2452,694,1611,1147,826,1247,798,1058,1571,1007,1644,536,678,1424,1198,2143
"SNRNP48",623,271,411,1020,351,471,430,398,324,670,778,285,562,348,396,1234,499,351,307,270,302,271,286,306,255,390,555,371,327,286,340,289,466,669,1593,518,887,475,1271,610,516,681,582,502,502,603,757,571,537,402,658,807,738,425,516,829,842,507,899,460,567,992,779,996,687,698,783,697,1287
"MEX3A",77,52,69,78,30,78,60,44,78,114,73,44,85,40,57,99,106,25,43,39,70,49,37,61,70,19,42,21,40,19,19,20,41,47,110,39,49,32,67,29,27,67,69,33,32,36,54,46,47,13,106,93,99,42,53,126,170,35,62,9,92,147,75,134,76,60,65,64,119
"FZD9",278,78,93,183,107,166,54,87,124,115,166,95,140,115,114,39,87,122,104,86,165,96,75,185,249,113,68,94,50,89,103,72,127,116,280,136,184,100,88,164,221,226,151,88,79,134,136,71,75,268,244,339,205,374,71,333,176,81,186,109,110,296,133,185,147,116,147,220,324
"ANO2",113,28,57,116,42,107,61,35,32,53,92,51,88,118,36,19,128,43,40,88,73,66,27,50,58,9,48,20,45,35,24,13,59,62,138,90,114,43,248,46,214,124,59,47,31,76,40,35,61,97,177,82,154,160,67,198,159,58,131,65,78,129,78,85,317,145,50,131,395
"ITGA11",152,44,96,223,56,84,30,76,85,227,156,89,33,137,132,181,143,158,55,130,71,51,83,95,71,76,99,71,98,87,111,64,107,120,185,103,140,85,105,127,286,115,129,109,101,113,131,147,102,143,151,166,115,97,119,149,173,93,156,79,163,291,147,173,142,124,96,117,292
"RND2",1787,309,1043,2819,946,950,481,891,1521,1423,1551,1099,1751,1212,996,1088,1773,1119,974,1343,1354,873,838,1085,1225,1216,917,1277,850,938,772,1020,1223,954,2602,1103,1404,1196,2850,2401,2084,1278,1279,1516,1199,1103,1891,1244,1018,1671,1208,2327,1582,1834,790,1705,1483,1360,1195,770,2011,1899,1605,1229,1190,1264,1503,2213,2773
"KANK2",1053,300,652,1084,366,655,491,539,762,679,1255,411,648,1613,519,385,2358,491,464,905,988,620,398,584,740,261,650,330,373,280,250,345,464,480,1258,883,1027,507,830,603,4002,851,822,324,403,949,575,531,702,541,2351,776,1087,1087,666,2241,1211,651,909,1148,1056,1852,762,1090,4689,3249,701,1222,5842
"NFKBIA",2033,928,1080,2430,682,1557,1147,792,1152,1540,2235,1009,868,1796,1451,1110,2824,746,714,1190,1417,904,629,904,1571,1211,1043,1160,767,1016,711,667,1818,1312,4715,3155,2378,1532,2005,1771,4682,1945,2111,939,910,2025,1924,1107,1074,2772,2926,5763,3148,3695,1846,4406,2698,1136,2194,2333,2874,5245,2371,3938,4413,3157,2061,2741,5835
"RFTN2",2041,1564,925,1336,1078,1300,3479,905,1449,3506,1060,956,1087,650,1516,752,873,420,1307,425,1142,743,889,932,1088,827,968,997,290,806,765,853,1417,976,5401,1964,1960,1062,3558,1207,1598,3460,1813,471,992,1147,2273,1651,966,797,2434,3464,2390,1278,853,2738,2289,818,2289,488,1156,3256,1518,4554,2605,1427,1594,2747,2790
"PROC",33,34,27,58,28,31,34,29,14,34,40,23,32,14,9,22,38,22,28,21,13,21,18,20,19,31,16,45,15,16,9,20,17,15,55,12,17,27,31,23,17,24,19,13,7,31,30,18,13,24,25,28,16,18,15,7,12,14,12,22,15,37,21,17,9,21,16,21,7
"TLR5",142,36,73,161,31,92,61,22,72,41,122,53,25,33,49,10,83,35,33,41,44,25,31,43,62,4,27,49,22,32,38,23,57,47,239,71,104,44,181,61,174,113,51,30,58,75,61,46,45,99,67,83,218,154,113,137,216,30,53,75,132,225,77,50,355,100,80,176,229
"TRIP10",543,142,224,870,151,365,360,188,209,232,584,171,196,299,226,296,1357,164,172,290,356,180,138,217,493,130,197,172,130,156,147,100,344,139,776,421,666,196,665,302,1643,452,270,110,147,202,193,209,136,523,844,1036,790,1069,313,1153,643,211,448,319,397,921,296,544,1028,448,318,1513,857
"CPQ",603,420,431,906,350,454,1147,299,514,1346,567,308,480,446,672,414,830,290,476,263,388,385,353,373,422,497,469,436,168,264,291,387,413,444,2190,774,707,439,1795,715,1098,1169,653,221,450,510,945,595,463,422,995,1243,895,663,626,1064,827,432,551,278,464,1296,633,1306,1597,1046,539,974,2139
"JMJD6",1403,769,915,2485,684,883,890,723,820,1495,1483,752,1235,715,731,1751,1320,795,612,682,868,585,552,573,604,675,769,682,526,470,619,511,792,827,2961,637,981,823,1161,1347,1144,949,1052,1062,970,798,1378,841,739,1117,842,2080,1227,1179,716,1732,1728,708,1833,479,1237,1784,1217,1974,796,1173,1487,1316,2663
"SAMHD1",2225,889,1297,2955,1164,1690,821,651,1824,1090,1792,1159,1484,816,1212,1146,1654,998,683,689,608,794,582,955,1252,825,952,793,802,874,757,654,1068,1615,3451,1680,1128,1465,1957,1391,2201,1459,1281,1264,1184,1054,1542,1157,950,1053,1796,2052,2123,1537,1624,1930,1374,989,1395,1183,1723,2443,2438,2350,2966,1892,1998,865,2150
"ATOH8",668,684,217,914,378,530,385,227,430,433,655,262,213,288,300,81,566,119,194,130,302,207,126,177,443,137,124,222,59,166,137,83,331,199,1260,627,514,214,286,210,1409,736,359,94,111,175,243,160,110,644,540,1087,472,880,449,860,505,178,897,302,186,777,424,569,633,413,377,627,1479
"SPDYA",101,24,69,68,42,49,57,72,33,74,53,45,74,27,29,37,49,35,52,42,48,31,44,38,37,79,53,60,22,62,62,40,70,68,215,132,103,47,126,66,80,73,96,46,42,44,89,66,46,52,69,92,66,55,53,87,106,47,98,82,49,102,60,91,94,74,59,97,121
"RGCC",4135,3004,1285,2347,1776,1381,5230,1061,4341,5075,1657,1453,1361,1075,2933,1773,1031,744,1402,863,1964,940,1094,1225,1975,2105,1130,2032,572,1325,1200,1320,2731,899,8726,4194,3308,1825,4258,2603,6508,5683,3951,942,1362,1539,4221,2240,1281,3824,3155,10557,3062,2946,1305,4622,2388,1196,3549,1394,1868,6952,2415,7460,2561,1428,2930,3299,5363
"GYS2",38,6,12,9,11,12,12,14,15,26,18,14,25,4,14,39,18,4,13,2,5,9,7,15,10,10,13,11,11,14,11,8,5,18,35,24,55,20,50,31,25,29,13,9,10,13,9,28,13,12,23,18,51,7,18,34,23,14,43,6,25,26,26,27,40,31,16,19,16
"DNA2",278,187,191,568,162,243,328,95,101,273,351,139,223,102,148,411,220,101,120,105,189,98,127,107,87,97,149,208,113,199,122,186,272,200,416,263,387,179,402,221,247,306,250,148,139,154,259,197,138,161,320,221,427,257,300,453,297,162,346,83,135,219,390,532,147,243,335,286,525
"PRRG4",38,10,33,57,15,27,24,4,22,18,61,20,22,20,14,14,17,13,15,7,17,13,10,3,30,2,16,19,14,23,16,8,27,26,106,46,33,18,110,12,15,38,27,11,13,50,25,4,19,40,77,31,89,96,31,87,82,5,26,32,43,35,56,12,109,52,61,33,172
"RAMP2-AS1",104,108,51,124,80,78,59,32,55,81,81,40,74,84,71,26,78,62,53,75,31,52,43,40,47,18,62,30,57,29,24,43,31,104,66,98,59,39,95,67,60,163,56,74,65,82,73,51,80,32,159,23,108,45,119,209,132,41,117,67,146,106,109,98,295,156,79,114,202
"AJUBA",55,14,32,46,22,44,27,40,38,32,51,33,49,86,17,45,96,33,36,57,58,42,28,30,50,21,63,12,24,20,36,12,32,23,110,70,25,62,361,49,177,52,60,16,39,49,37,29,50,75,152,21,65,71,33,154,67,71,83,77,52,31,82,68,295,184,41,30,159
"CCDC160",77,24,52,87,32,43,57,34,54,81,43,37,61,28,70,25,51,32,42,16,57,33,30,27,45,61,60,40,36,35,51,33,58,51,196,76,79,73,233,41,75,113,66,45,44,66,102,100,48,36,114,151,133,89,48,179,152,61,70,70,67,120,71,96,199,89,76,65,127
"SLC25A48",432,530,264,776,170,374,665,148,639,255,463,228,557,219,568,26,226,123,388,124,381,329,171,206,290,273,256,298,83,311,172,232,357,276,1096,447,338,189,752,549,550,498,429,132,289,318,343,383,217,568,812,2282,539,591,257,930,695,188,307,172,333,949,535,1233,518,356,538,312,644
"SPACA6P-AS",60,44,48,46,35,31,77,40,33,85,36,23,47,19,22,42,47,15,38,14,44,11,30,22,20,23,48,34,10,33,26,21,32,32,100,11,42,18,68,48,50,60,71,18,33,20,54,29,21,30,88,65,59,17,21,127,108,26,61,7,58,110,24,76,67,73,31,55,115
"RCC1",270,100,152,384,128,193,131,147,143,240,283,130,192,158,120,150,445,166,108,124,170,110,89,133,176,124,97,104,89,100,117,113,119,140,474,79,94,125,213,181,237,136,177,180,123,153,229,119,113,159,207,577,246,207,129,379,492,154,355,122,196,303,215,413,238,197,295,192,345
"CCDC102A",67,37,53,77,32,48,29,28,44,40,51,34,44,93,44,24,164,32,27,66,42,44,37,41,84,18,35,53,29,34,26,20,41,46,184,49,36,25,159,64,246,46,54,20,16,41,55,28,28,61,118,119,65,121,39,99,58,50,95,32,80,82,49,69,167,101,45,61,364
"C21orf62",22,18,30,121,16,28,31,6,25,46,66,17,18,24,49,18,116,19,20,13,16,19,7,13,24,9,28,0,19,7,6,8,5,58,82,17,14,53,425,12,15,66,17,12,8,30,5,24,18,9,103,77,32,49,168,116,99,21,27,29,36,84,41,15,158,118,31,71,140
"CCDC151",407,188,248,214,167,175,72,179,169,157,200,154,242,145,113,121,249,154,121,185,215,100,104,136,144,175,128,177,83,116,131,91,185,142,538,147,186,108,534,182,477,163,210,148,117,87,219,112,74,274,160,499,331,343,130,307,201,160,366,99,197,391,205,140,133,184,222,318,442
"DDIT4",1915,1636,1230,1944,833,1570,991,667,1293,1441,2698,1125,680,870,1953,1684,3052,339,736,591,866,730,362,565,1234,561,720,749,195,549,318,247,1747,1085,2732,2279,1093,1353,1649,716,1972,1821,1672,462,580,1226,815,852,555,1419,2614,3660,2636,3324,1539,7115,2814,822,2434,725,1112,2970,2055,2055,5014,3242,1716,768,9305
"ITGA10",484,104,201,464,138,220,86,123,191,151,465,120,191,316,135,490,383,141,96,336,218,195,95,137,164,65,210,133,150,180,79,92,110,196,449,311,434,224,151,137,1121,195,340,111,195,257,147,186,161,164,580,353,479,296,248,1047,483,177,442,317,296,673,490,435,865,541,246,338,1095
"ANKRD37",241,179,258,470,162,139,298,225,186,317,386,206,302,361,186,221,602,214,122,152,177,205,135,163,139,201,237,319,223,231,239,207,402,257,632,280,267,333,550,353,247,307,336,227,253,754,421,311,453,329,392,551,594,690,257,713,339,194,628,373,466,330,301,245,562,375,395,270,1414
"COL8A2",69,40,60,149,25,55,67,24,37,71,106,34,28,86,34,802,120,15,23,39,36,31,25,28,83,13,42,16,25,16,27,39,44,60,188,66,44,35,535,36,276,68,9,16,46,68,52,23,20,44,160,36,96,131,86,161,87,44,44,108,103,153,26,22,589,334,76,62,547
"REP15",13,8,13,12,6,10,4,6,10,11,11,8,15,7,1,0,24,3,2,10,0,4,4,7,5,9,16,7,11,5,3,13,22,18,52,9,8,4,0,17,10,5,22,12,4,4,11,10,4,11,27,20,34,6,9,39,55,8,33,8,9,7,21,23,20,21,22,3,88
"NUPR1",528,763,525,1815,301,602,792,235,511,608,1641,375,226,475,430,979,2386,213,370,249,837,188,190,587,1378,305,268,224,120,144,141,153,512,406,1661,1477,853,416,1810,425,2042,1790,479,88,149,364,301,257,232,1556,936,2846,439,1715,1799,1325,559,225,1823,540,359,1225,323,406,1373,776,299,2032,4827
"FZD7",232,89,157,197,96,186,30,122,151,97,174,178,135,215,139,5131,311,96,146,113,126,226,82,129,156,38,170,86,68,41,120,66,166,290,405,344,137,164,956,162,645,252,303,83,166,170,95,141,98,96,404,339,282,405,186,516,307,176,248,175,207,403,219,88,763,451,186,285,1820
"TLDC2",68,30,33,93,22,48,38,34,25,34,64,29,34,24,44,39,50,8,26,19,28,13,17,45,39,10,17,18,16,19,22,11,26,48,87,58,50,37,66,21,38,39,34,13,16,16,23,21,17,26,76,66,50,59,49,58,82,11,17,23,45,71,41,131,63,40,25,41,60
"FKBP5",2718,1447,1038,5479,1457,3970,741,598,2150,603,2684,1405,841,577,1818,318,1781,377,615,233,206,783,253,705,1897,555,628,519,181,378,177,182,1667,1035,3903,3312,2863,2343,2293,620,4434,2053,1634,587,616,801,921,1162,410,1809,2352,3846,3238,1821,3131,3852,2273,677,3303,2419,824,5806,2966,4220,4171,3330,2619,2063,6067
"SLC38A2",3805,1478,2440,12725,2655,3777,5559,2290,1617,6871,5061,2008,4058,2734,3093,4018,4239,2637,2047,1677,1732,1955,2440,1789,2651,3348,3992,3298,2209,2994,3082,3364,2717,4053,14205,4165,8331,5554,8795,6095,3685,4488,3566,4980,5203,4285,8186,5362,4739,6367,11650,16024,10728,5492,3702,14163,10987,5066,6417,5381,4288,6530,11833,19265,9106,6831,11019,2294,19837
"CLDN7",25,2,9,12,6,2,16,1,7,12,13,9,4,13,9,5,5,7,2,1,5,3,2,5,13,1,6,4,1,2,2,12,2,5,28,11,20,1,7,4,18,11,4,2,10,8,7,1,10,30,30,18,50,33,11,12,30,6,0,3,9,14,7,4,29,25,5,13,34
"PRKX",959,1617,414,976,316,841,398,284,580,270,537,370,366,290,495,299,523,156,271,158,300,302,176,303,493,112,255,195,150,225,180,121,523,409,1258,947,818,432,1305,309,821,669,563,284,244,361,242,342,260,341,822,1518,1168,582,809,1338,1033,328,1261,378,569,1240,626,1556,1128,838,635,1066,880
"SLC5A3",1361,259,910,1922,830,986,138,644,690,988,1466,617,1585,877,553,601,1020,836,438,673,488,477,592,449,537,629,985,666,779,646,906,818,675,2529,3524,1248,1313,1025,2365,1748,971,994,1241,1644,1578,1761,1667,1337,1604,1469,2612,2512,2888,1608,1163,3563,3701,1287,2323,443,1440,1193,3665,1881,2061,2282,2843,860,4200
"CCNA2",183,151,92,213,81,121,251,111,96,164,272,94,127,80,88,165,155,63,71,64,122,40,66,81,94,170,120,112,51,122,96,87,180,98,642,326,302,77,423,170,249,240,216,86,108,128,232,149,122,159,126,342,288,110,195,344,436,116,412,57,170,278,124,468,163,150,185,313,401
"C6orf118",15,7,7,14,9,19,0,5,20,7,11,9,9,4,10,3,9,11,8,5,1,5,7,11,6,12,10,18,12,19,6,4,13,39,39,21,9,13,933,15,35,20,19,13,17,12,7,7,13,14,22,10,34,35,28,26,30,13,39,22,12,31,15,6,65,25,18,36,33
"SPINT1",34,12,35,61,20,27,29,14,20,21,60,34,89,23,9,601,36,26,9,13,30,29,11,18,18,26,34,29,17,19,5,12,31,33,82,20,29,14,21,13,34,11,22,21,12,16,26,11,9,62,18,30,43,93,37,45,14,10,21,46,39,9,28,11,58,46,28,44,115
"SMTN",1654,649,724,2326,476,763,631,433,1538,716,1493,637,678,852,562,2198,3358,339,588,742,1029,617,394,523,681,356,382,512,282,345,259,219,549,434,1383,906,1128,411,471,449,5412,808,1050,252,310,549,471,401,393,1467,2060,2737,1440,2742,755,3544,2365,432,1081,438,832,1296,2383,1020,1215,938,475,1658,1932
"SAMD11",56,176,58,112,33,113,91,23,40,64,212,22,35,121,132,14,193,24,110,15,59,30,17,32,74,44,46,42,23,36,31,12,163,54,202,21,44,34,447,31,187,251,23,8,22,53,39,37,20,56,167,247,135,207,81,433,103,45,29,38,105,275,32,39,212,160,96,54,1048
"KLF15",1941,1451,783,1376,700,1247,1081,643,1220,1178,1014,800,707,375,1141,727,870,234,604,240,788,589,353,738,1077,348,537,349,122,437,356,270,1096,644,2555,1620,1399,751,1093,569,1894,1709,1157,250,349,452,513,599,303,858,2405,2579,1621,1409,916,2528,1362,464,2269,521,579,2505,1020,2315,1616,1096,955,1162,2378
"HIF3A",5449,1710,1798,1776,1258,3065,452,1616,3285,848,1446,2141,1984,595,1567,571,530,414,1443,365,1099,1326,418,1536,1875,331,541,505,153,409,384,168,1213,867,2612,4066,2380,927,1000,500,4322,1667,2001,274,299,552,323,919,388,1832,3580,3252,2798,2345,974,4256,3148,838,1964,1022,934,4864,2559,1425,4066,2481,1372,3235,2992
"ALOX15B",147,22,52,123,84,75,6,44,89,8,119,59,118,44,46,4,74,55,31,25,24,45,15,45,51,47,60,22,40,26,30,30,89,122,80,101,71,91,19,75,186,58,75,58,22,10,24,23,31,209,52,163,162,245,64,238,184,70,170,96,58,275,262,47,117,149,158,66,385
"LOC101927354",7,6,1,15,4,3,9,4,5,6,7,7,12,3,4,8,10,1,0,2,4,4,2,4,7,14,3,4,4,2,7,1,3,7,16,3,9,3,4,8,8,11,6,4,5,6,11,8,6,4,18,76,15,8,4,35,21,0,27,2,5,0,5,35,5,11,12,7,17
"CYP39A1",42,23,34,40,16,19,34,25,34,60,39,15,53,24,33,104,28,23,20,33,28,30,15,20,28,12,58,21,14,15,31,22,35,27,80,55,49,34,258,30,63,70,40,38,37,43,57,16,47,23,66,27,69,53,36,84,66,46,91,13,58,64,47,65,124,79,72,65,247
"LINC01108",0,0,0,2,0,0,0,2,0,1,1,0,0,0,2,3,0,0,2,1,0,0,2,0,0,0,1,0,0,0,0,1,0,1,0,2,0,3,0,2,0,2,0,0,2,3,0,1,0,11,34,13,12,0,0,23,36,4,0,0,3,5,7,3,2,0,3,0,3
"SCGN",12,5,27,65,19,30,4,14,13,26,103,61,55,39,8,773,66,22,20,16,34,15,24,3,25,53,43,17,29,22,27,20,34,32,109,13,52,19,12,110,47,19,41,35,22,24,68,15,39,106,55,73,61,102,76,27,32,51,58,63,81,45,57,89,15,38,84,68,169
"LMNTD2",47,23,19,61,15,34,39,24,15,23,34,24,19,25,12,701,15,13,21,15,26,19,8,22,19,7,9,18,11,20,10,10,39,27,45,23,18,15,98,15,24,26,20,9,17,18,42,5,14,31,36,28,43,65,11,75,23,18,11,27,22,74,25,14,43,39,12,21,80
"LBX2",7,9,2,28,3,12,6,6,2,13,31,0,3,2,7,7,5,0,1,2,11,1,3,1,3,0,1,0,1,3,8,0,0,2,23,4,13,1,7,1,12,9,3,2,0,1,4,3,0,3,39,29,13,7,0,24,12,0,13,0,0,19,2,55,4,5,9,2,6
"GNRH1",121,64,75,101,35,80,66,66,71,109,79,58,89,56,47,176,106,26,67,46,115,52,49,46,61,76,61,90,45,85,41,58,155,68,306,104,219,87,238,150,305,137,137,38,63,58,133,83,58,94,182,269,163,157,61,249,206,81,237,87,113,248,115,229,121,135,119,141,241
"S100A4",31,24,20,140,16,22,45,19,19,38,226,30,20,197,23,20,247,19,33,152,110,86,22,39,70,38,77,48,33,41,23,19,38,15,184,67,58,21,99,77,409,42,52,7,44,107,59,31,57,172,197,405,159,936,110,351,258,35,86,83,51,51,54,69,703,374,82,99,805
"ADAMTS2",309,57,257,571,308,270,144,112,173,264,413,131,330,208,125,269,212,180,104,103,64,116,68,167,69,33,121,106,98,104,76,108,101,184,247,45,265,177,42,133,504,179,123,108,102,84,140,108,96,300,171,244,339,392,139,241,340,271,293,348,216,467,403,241,159,444,389,221,675
"AKR1C2",150,30,160,357,88,105,39,71,125,155,207,37,104,403,77,185,280,91,71,216,77,54,98,50,84,230,152,247,121,235,172,97,129,174,519,176,216,240,313,574,522,103,113,229,199,203,322,281,251,707,941,348,223,254,117,554,264,338,126,211,179,532,441,158,813,315,286,322,1369
"LCN6",18,14,3,7,0,6,5,0,30,4,4,5,6,34,7,7,8,5,9,5,2,23,1,6,11,0,15,7,6,3,0,4,0,7,28,25,8,10,1,0,44,7,9,2,2,10,2,5,0,4,27,12,31,57,2,20,33,19,46,19,14,43,23,18,49,47,29,26,19
"AZGP1",266,1000,116,1236,156,425,374,236,291,1305,1324,175,73,192,971,31,451,59,191,74,224,51,91,185,318,147,64,82,49,50,61,89,617,134,1698,510,567,428,803,98,692,1729,102,66,53,86,459,196,102,704,627,4408,979,481,543,622,384,135,1182,312,188,1258,653,2373,201,147,396,362,403
"SLC23A3",29,9,20,30,14,23,20,10,26,14,29,11,16,23,8,56,25,11,8,11,28,7,8,5,12,0,14,12,9,9,6,12,20,11,64,21,19,4,16,12,85,19,42,4,3,12,27,11,7,20,55,13,24,43,7,46,74,21,33,2,20,17,27,31,36,25,9,29,55
"OLAH",29,8,12,13,10,12,4,5,14,5,22,10,11,9,12,4,23,5,6,11,15,9,8,10,14,5,2,8,5,4,6,8,29,11,41,59,28,12,16,31,210,21,24,9,10,18,11,8,3,26,56,33,66,38,20,102,60,17,53,14,13,27,39,22,118,43,27,18,89
"CXCR2",3,3,7,4,7,0,6,0,2,3,24,2,0,3,2,0,5,1,3,1,0,4,0,2,10,0,1,5,0,4,0,0,0,2,20,2,1,12,0,0,6,2,7,0,0,2,1,4,5,7,107,12,21,4,9,17,29,0,4,11,2,30,19,9,37,3,5,23,41
"SH2D3A",10,2,3,12,1,5,3,3,7,9,19,2,6,17,2,8,29,7,1,9,5,5,3,5,7,0,8,3,2,1,2,2,11,10,17,6,2,3,8,4,52,14,14,2,7,7,4,3,3,5,9,19,20,17,12,15,28,12,11,0,6,0,6,8,30,5,8,16,18
"CXCR1",2,2,4,3,9,1,0,0,4,0,4,0,1,7,0,0,6,1,3,1,1,0,1,1,15,0,0,1,0,0,0,0,0,1,21,0,0,8,2,6,5,1,14,2,1,3,3,0,4,0,58,6,8,5,17,17,46,4,10,5,0,42,32,11,59,22,4,9,142
"SERPINA5",6,23,1,106,2,40,4,1,23,24,118,8,2,11,35,3,78,1,55,0,10,0,4,9,15,2,9,9,1,2,0,2,17,9,26,28,20,10,195,2,140,52,3,1,1,9,42,15,4,19,25,286,58,30,205,41,113,0,24,36,6,41,21,106,26,14,58,42,38
"LINC01134",14,11,12,12,15,5,9,5,2,13,9,3,9,9,7,4,11,7,5,3,5,2,6,3,5,3,3,7,7,3,6,5,5,10,14,1,17,9,1,10,21,8,8,7,4,0,6,7,8,17,14,6,13,24,2,22,21,2,23,6,6,15,10,10,3,3,9,8,15
"LINC00463",37,41,36,53,35,37,197,57,12,206,74,22,20,24,47,24,29,24,28,13,14,27,32,32,61,17,18,28,13,35,20,26,39,14,267,111,41,28,188,56,89,155,91,8,15,22,72,42,25,79,207,144,105,48,23,52,77,70,230,59,29,86,63,449,61,53,65,66,21
"LINC01068",1,2,3,7,2,6,3,3,2,5,1,1,0,0,0,3,1,0,1,0,0,1,0,2,0,0,0,0,0,0,2,1,7,0,15,0,9,0,3,2,2,0,1,1,0,0,4,1,1,0,0,16,2,0,1,12,28,0,7,1,3,0,0,41,0,5,1,22,5
"CYP4B1",59,2,14,7,4,18,6,3,80,2,10,11,5,16,20,4,8,10,5,8,3,12,2,8,36,1,10,11,0,0,8,5,17,1,25,103,30,7,20,4,63,27,28,6,5,8,12,3,6,6,100,40,18,76,11,202,54,19,91,19,19,75,30,31,113,53,25,17,1095
"MIA",9,6,2,2,2,3,4,1,1,2,2,2,1,2,2,0,2,3,1,3,1,0,0,1,5,0,0,5,0,0,0,0,8,0,24,2,0,0,8,0,7,4,7,0,2,2,1,0,1,0,1,39,4,17,2,13,1,0,26,0,1,8,0,18,4,4,4,4,5
"NPC1L1",16,41,12,97,9,39,17,5,4,7,82,6,2,6,3,37,21,2,7,2,4,1,6,4,2,0,2,3,1,0,0,5,12,3,33,15,23,3,5,1,7,2,10,3,4,3,0,4,1,9,11,43,9,11,29,69,33,4,92,3,0,24,11,65,6,9,10,15,46
