"","20-1T-AD","21-1A-AD","23-2A-AD","26-3A-AD","27-5A-AD","22-2T-AD","24-3T-AD","25-5T-AD","29-6T-AD","31-7T-AD","28-8T-AD","30-9T-AD","13-11T-Old","15-13T-Old","16-14T-Old","12-6A-Old","14-7A-Old","10-8A-Old","17-9A-Old","18-10A-Old","19-11A-Old","11-10T-Old"
"CLEC4F",0,0,1,0,1,5,0,0,0,0,0,0,20,3,16,0,8,2,9,3,4,2
"LINC00898",17,13,16,16,8,1,2,0,2,17,7,29,30,56,18,33,45,94,53,53,65,46
"LOC101929719",3,1,1,1,1,11,0,4,3,1,5,1,21,8,22,1,25,19,7,12,8,2
"MAS1",26,16,12,19,6,11,2,1,15,21,10,14,25,38,71,90,16,112,60,53,23,51
"SLC6A5",2,1,1,1,1,1,1,0,0,2,3,0,3,0,5,2,5,5,2,4,2,15
"PPEF1",37,17,15,22,7,28,10,14,18,12,11,6,52,41,131,99,27,82,75,77,26,23
"LOC100506274",6,4,1,7,3,3,0,2,5,0,7,8,9,17,15,7,13,29,16,15,15,1
"ALB",4,0,2,5,1,15,2,5,8,1,3,1,20,15,18,5,13,12,5,14,9,19
"TAC1",57,10,6,11,6,17,3,5,13,10,10,28,22,33,112,57,15,77,65,50,19,22
"RPH3A",1729,934,898,1198,421,1110,1519,681,1795,1289,733,1454,2601,2975,4993,4926,2813,4420,4711,4037,2319,3511
"ALOX12B",21,13,11,9,5,7,5,14,14,16,9,9,26,25,57,17,18,63,52,19,21,42
"SOWAHB",180,81,78,76,57,43,30,16,87,65,59,156,146,148,466,231,127,327,205,155,148,320
"TPH1",3,4,1,4,2,2,5,5,5,1,2,3,10,6,6,16,14,14,7,5,5,5
"MYLK2",3,0,11,4,4,9,14,16,14,5,13,3,12,40,14,10,37,9,23,15,32,34
"ADRA1D",44,15,26,15,29,11,24,17,18,40,13,29,38,31,241,47,33,54,47,40,30,108
"FBLN7",158,72,92,48,36,21,43,39,40,92,88,99,102,243,177,125,113,403,167,68,124,338
"LINC00943",3,2,8,5,9,2,2,2,6,3,5,7,9,22,16,16,8,17,10,11,5,9
"ARL4D",97,29,26,41,26,31,34,39,52,64,53,51,78,91,152,101,55,131,106,83,44,311
"PRMT8",266,155,95,114,71,97,97,34,127,93,118,191,222,355,570,170,167,493,310,216,212,366
"HHLA2",3,3,2,3,1,8,0,6,2,2,4,9,10,5,16,5,9,14,3,10,7,11
"SPRED3",131,101,98,109,223,182,100,163,179,175,180,121,366,341,376,331,318,178,289,295,184,838
"CLDN16",12,8,5,4,3,7,3,5,7,0,6,3,14,15,21,7,11,17,7,13,12,8
"LYRM9",308,139,89,141,188,207,87,118,244,57,186,209,287,353,797,312,333,630,404,426,249,143
"SPDEF",23,15,9,16,10,13,11,2,19,11,7,17,24,33,69,9,25,15,22,19,30,50
"RBM3",223,178,179,172,224,623,209,374,251,196,302,279,654,411,1242,250,716,631,667,953,493,291
"CRYM",1163,420,178,328,212,295,238,143,443,364,390,726,393,778,2299,818,294,1517,1158,537,403,1302
"SYP",8144,3412,1987,3786,1655,2997,1539,1196,4187,4010,2318,5304,4497,3872,18760,7539,3333,10618,9525,5587,3609,8416
"LPA",11,7,2,11,16,14,1,4,11,6,10,8,20,18,38,13,19,22,23,17,11,6
"HMGCS1",1000,850,494,754,408,994,311,424,661,459,374,841,990,877,1210,1633,775,1865,4089,1329,837,657
"LRRC73",250,144,103,108,135,109,58,32,140,178,108,158,183,245,398,231,141,419,200,150,172,593
"PCYOX1L",191,170,93,128,63,218,86,129,162,101,98,233,274,240,499,191,198,444,382,321,243,243
"CCKBR",295,231,104,121,201,95,110,26,207,207,134,220,225,327,369,282,189,455,301,262,244,818
"RIIAD1",11,17,6,13,6,6,2,6,5,7,9,14,12,17,27,15,8,35,20,14,16,19
"WNT1",51,27,19,26,29,29,13,3,38,36,32,31,63,73,87,45,44,65,56,35,43,80
"CHRM4",99,88,55,68,75,37,46,3,51,142,48,113,133,156,252,92,83,200,152,74,85,220
"SVOP",1951,793,602,963,729,809,745,332,1299,942,761,1014,1076,1287,4220,2447,1084,2479,2243,1606,842,2111
"LOC102724532",10,28,16,10,14,18,10,15,10,8,7,16,31,20,42,19,23,29,43,35,36,6
"LRTM2",405,322,279,260,281,163,155,79,319,390,310,471,417,746,753,514,388,749,505,309,440,1023
"F7",15,15,11,11,7,20,16,3,15,25,7,18,13,28,29,14,22,32,21,22,19,75
"ZNF449",87,75,75,74,46,115,52,79,63,42,79,84,191,140,150,90,119,197,194,173,162,61
"C2orf16",69,64,49,42,40,73,17,49,55,49,38,51,84,91,140,92,81,166,121,71,84,80
"ZNF860",14,10,7,9,1,9,7,11,12,4,13,10,13,15,22,14,14,27,26,16,26,8
"KCNF1",746,423,302,473,333,372,215,384,585,598,491,350,755,794,1536,981,600,979,909,768,535,1042
"SMIM10L2B",742,338,267,388,437,360,273,198,681,404,371,594,597,886,1593,716,583,1045,934,568,640,893
"SCN11A",25,21,21,19,17,30,4,33,24,11,23,21,33,51,53,23,56,41,38,38,53,18
"TARBP1",997,644,628,792,389,906,478,619,697,443,624,710,1484,1506,1558,854,1242,1526,1335,1502,1312,571
"DIRAS1",2076,1189,1158,1477,1184,745,854,358,1173,1835,905,1583,1639,1937,3295,2044,1503,3263,2476,1693,1661,4021
"SYT12",635,303,438,562,412,204,546,116,405,785,283,417,713,763,1507,602,730,720,653,729,516,1390
"SLC6A17",3683,2973,2032,2449,2229,2084,1801,826,2689,3064,1688,3078,3273,3371,7821,4119,3809,6330,4983,3406,3317,5300
"C17orf107",105,89,67,87,97,57,93,68,123,107,76,96,114,122,206,123,116,143,150,117,124,478
"KREMEN2",71,52,74,61,55,86,44,48,119,97,76,72,157,163,151,82,151,98,86,140,155,143
"RSAD2",64,49,105,56,27,76,49,58,49,41,67,80,201,153,102,57,75,99,92,89,203,46
"SMIM10L2A",1068,601,424,611,679,617,459,418,1005,627,685,801,963,1362,2324,987,936,1548,1169,1009,811,1458
"PCP4L1",146,141,71,108,47,45,27,27,45,85,47,167,122,104,205,166,89,256,158,131,120,126
"SPEF1",83,71,59,59,65,31,49,15,74,128,48,64,84,122,179,65,94,82,103,76,114,239
"CLSTN3",4870,2927,1690,2832,2033,1912,2323,860,2802,3500,2037,4300,3292,3289,10048,4676,2675,7240,5700,3445,2963,7071
"GPCPD1",269,282,315,220,174,394,231,353,227,194,293,452,351,575,359,583,401,560,534,756,719,387
"ANXA6",2797,1665,1340,1879,1231,1612,971,1089,1881,2326,1079,2542,2103,1887,5805,3527,1674,4616,4180,2796,1810,3481
"NRSN2",1536,963,889,1148,1066,958,790,586,1251,963,1114,1398,1729,1723,3065,1552,1535,2789,2255,1500,1488,1844
"CALM3",18618,13913,7709,12299,8161,9031,4893,4748,13750,13929,9096,17912,13055,15233,38528,19864,10329,28651,23327,15473,10896,28305
"PNPLA3",45,21,15,30,14,39,15,14,29,37,30,19,65,49,50,23,40,36,60,35,42,62
"ZNF596",41,49,39,35,31,71,35,86,51,38,55,65,82,86,116,61,104,94,81,107,81,82
"GPRASP1",3931,2663,1435,1881,1709,2326,1249,1748,2690,2033,1605,3342,2825,3025,5860,3938,2362,5231,4742,3579,2961,4790
"RNF165",360,370,293,303,275,226,199,160,371,235,281,399,442,572,798,379,480,665,460,397,399,523
"EXOC3L1",60,43,27,38,37,32,42,46,49,51,41,41,79,88,109,52,71,64,65,50,84,78
"RELL2",306,105,112,165,114,70,87,64,147,218,126,195,265,268,240,170,175,287,196,146,246,444
"NCR3LG1",324,395,332,423,228,181,323,117,272,360,235,424,414,532,502,452,544,786,563,396,528,510
"CCDC113",246,234,189,226,170,281,115,184,268,160,193,301,328,276,498,382,337,531,429,381,305,255
"CHRNB2",1308,727,652,794,836,503,593,268,819,963,684,987,1027,1226,2444,1076,1034,1860,1054,931,903,1607
"GABARAPL1",2946,2166,1392,2115,1056,1977,962,1064,1750,1672,1506,2609,1889,1564,5413,3835,1468,5060,4890,2750,1687,2330
"TECTA",115,126,88,115,96,130,61,106,148,114,79,133,162,179,283,146,208,183,168,194,163,180
"CYP2E1",77,84,43,80,58,59,61,53,101,84,54,118,115,98,196,108,132,110,160,92,106,118
"SLC45A1",291,193,152,178,142,224,156,138,222,251,178,272,329,298,636,253,195,474,349,269,231,350
"FAM131A",1908,927,864,1053,1117,967,757,671,1109,1128,1159,1228,1277,1552,3815,1672,928,2085,1727,1425,855,2805
"TMEM241",204,162,113,156,107,90,47,75,136,149,118,198,127,202,298,219,136,351,261,181,193,179
"COPS7A",790,508,429,494,534,720,336,434,616,573,553,788,772,688,1408,1049,570,1318,1342,822,610,912
"PPME1",1162,766,501,798,441,789,468,494,737,645,591,944,885,710,1837,1319,679,1786,1685,1021,641,1028
"GSS",320,150,151,231,177,352,126,224,258,178,230,282,365,306,518,300,312,457,537,354,253,295
"NRIP3",617,374,231,395,309,364,317,244,380,287,277,565,308,362,966,680,434,1023,764,698,368,430
"NRXN3",3746,3379,1897,2425,1697,3136,2470,1373,2912,2799,2645,4042,3301,3760,6265,4394,2971,6566,5114,5021,3230,3876
"EFR3B",3225,2377,2667,2156,3033,2101,2200,1518,2323,3043,2549,2558,3547,4841,5275,3539,3183,4181,3579,3290,3621,4949
"SPCS1",265,224,187,187,177,292,136,159,172,150,166,288,320,254,337,340,288,467,572,317,239,130
"ACP2",325,206,232,261,180,334,180,305,377,207,326,359,488,393,743,274,374,507,493,403,342,401
"TMEM169",105,87,68,78,48,61,55,67,100,73,71,94,128,102,163,152,73,168,144,114,77,86
"RASGRF1",1667,1501,986,1719,618,1248,1973,1563,1574,1520,1121,1937,1635,1813,3218,2710,1623,3500,2533,1988,1616,2618
"NAPA",1641,950,770,1016,856,1196,886,701,1026,1319,931,1384,1278,1337,2679,1628,1020,2238,2111,1363,1048,2081
"NIPSNAP1",624,543,318,404,383,484,277,287,457,463,359,627,597,556,1114,646,464,884,788,560,555,674
"CES2",807,391,432,558,492,828,495,743,675,521,609,636,874,963,1122,631,842,908,1054,879,741,1363
"FBXO16",80,102,60,61,49,38,58,31,71,56,64,73,88,98,79,146,58,136,119,98,90,61
"MED29",824,847,827,760,815,1223,586,966,956,617,962,934,1310,1423,1687,1132,1339,1461,1639,1387,1109,993
"BDH1",690,487,409,455,389,312,351,308,541,465,438,629,661,828,886,564,585,877,671,593,657,755
"EML6",913,957,908,905,760,513,488,395,724,913,676,829,1076,1215,1125,1070,1100,1319,1075,1192,1166,1105
"RNFT2",538,393,320,432,318,375,269,233,464,400,315,499,470,472,833,642,380,766,655,531,440,600
"PSMB2",679,499,359,403,370,662,330,411,451,400,488,563,691,415,1076,718,533,974,1108,706,466,477
"DDB1",2877,2414,1990,2197,1926,3120,1634,1932,2215,1993,2118,2674,3127,2340,5201,3149,2783,4435,4449,3540,2417,2466
"COG1",1071,931,666,782,811,875,589,550,1082,777,851,981,1307,1149,1765,959,967,1362,1298,1233,1084,1179
"HGSNAT",845,420,524,622,352,868,426,536,574,380,663,698,948,832,1021,609,767,1062,948,892,879,520
"NEU3",194,202,136,154,88,215,101,158,199,139,165,244,231,183,356,280,183,317,278,247,176,211
"CHP1",1319,952,836,854,797,970,550,792,876,790,862,1009,1082,1019,1783,1493,823,1712,1863,1183,858,1350
"LETMD1",457,340,267,305,225,406,219,368,334,248,324,400,415,362,601,490,436,678,612,562,338,308
"FBXO9",836,443,506,613,466,650,493,583,659,485,669,684,701,718,1316,857,685,1180,948,801,664,818
"WDR46",387,202,198,237,202,258,164,267,304,295,290,288,395,349,534,281,277,370,426,359,273,474
"CD99L2",3076,1808,1660,2250,1592,2459,1334,2031,1952,1985,1910,3015,1972,2073,4616,3255,2248,4360,3785,2642,2111,3200
"ACLY",1574,1019,871,1201,843,1569,755,970,1117,1113,1159,1361,1601,1217,2130,1517,1158,1836,3090,1305,1084,1585
"EIF4H",1039,1162,874,906,876,1519,723,1077,1018,968,988,1303,1234,1102,1974,1699,1213,1982,2232,1452,990,1227
"ZCCHC17",512,566,378,378,452,564,331,380,457,381,408,494,534,463,924,605,496,832,798,710,389,598
"PITPNA",1580,1297,1273,1279,1231,1196,956,820,1159,1359,1092,1443,1565,1331,2543,1744,1413,2166,2222,1618,1384,1519
"MRPL30",358,343,296,359,274,355,269,299,315,237,345,384,385,354,492,588,322,594,638,531,366,260
"ST3GAL3",428,301,308,352,378,301,226,215,361,331,378,379,402,444,552,379,412,579,525,389,443,471
"IMMT",852,695,583,708,530,753,402,555,562,529,644,795,872,620,1354,914,701,1143,1225,909,575,597
"PNPO",614,438,395,434,492,469,295,337,508,486,420,648,674,591,724,619,508,669,770,597,591,619
"DHX57",463,371,314,415,222,371,215,386,334,216,310,429,456,399,579,463,397,556,601,483,386,320
"PCNX2",1876,2614,2040,1829,1687,1348,1620,1225,2082,2008,1765,2126,2574,2306,2761,2640,2081,3176,2614,2595,2464,2159
"MECR",382,308,232,281,233,304,165,241,354,297,269,361,367,382,515,326,324,459,464,405,304,352
"MRPS25",875,531,482,620,600,718,501,706,675,487,695,802,798,952,1137,697,886,901,820,836,809,814
"BBS5",230,179,162,183,157,171,123,167,232,162,166,204,209,226,307,224,244,254,232,227,229,244
"TRIM9",2709,3097,2698,2625,3094,2876,2776,3122,3133,3098,2755,3753,4133,4394,3879,3894,3929,4016,3991,3790,3751,3997
"NICN1",813,492,444,592,440,498,404,409,613,544,557,592,541,670,962,761,579,864,820,620,604,701
"MRPS5",649,601,482,655,485,588,579,591,498,643,523,612,558,465,553,498,416,480,673,544,387,618
"PPP4R3A",847,887,903,992,802,819,784,955,742,771,979,793,824,666,768,854,696,742,1042,838,727,567
"HDGF",1785,1596,1393,1638,1784,1504,1334,1714,1463,1815,1447,1303,1382,1244,1659,1239,1235,1133,1854,1293,980,1927
"PTPN21",514,742,673,609,632,705,580,659,582,635,711,533,592,596,494,427,594,498,660,637,554,507
"EXOG",433,283,286,327,252,264,319,378,283,282,344,312,301,294,293,271,232,319,255,248,235,295
"TRIM4",331,339,362,312,346,256,313,363,271,312,369,288,330,259,268,272,283,240,311,292,267,294
"ZMYND8",2179,2627,2254,2988,2257,1648,1811,2093,2649,3213,2095,2539,2034,1907,2139,2473,2012,1940,1818,2368,1685,1971
"UNC119B",786,722,952,810,952,480,723,730,662,750,718,634,641,599,711,661,655,645,637,591,636,657
"RBM17",905,885,940,1076,1021,1006,996,1053,832,1037,1102,811,1036,723,873,776,852,743,1177,878,722,661
"RELA",523,682,531,658,644,702,615,775,707,847,719,599,796,559,584,518,543,395,805,457,489,621
"HNRNPH3",1097,1540,1291,1341,1367,1563,1294,1428,1330,1256,1123,1267,1073,931,699,1543,1105,1053,1686,1219,1094,947
"ZNF32",276,205,228,312,199,218,146,288,202,200,276,168,206,150,227,218,127,214,241,235,137,181
"ZBTB34",396,409,426,445,460,403,459,504,383,360,473,426,341,322,356,400,375,381,426,406,278,363
"PSPH",217,227,218,232,201,159,175,233,170,235,206,191,147,174,163,238,128,157,183,169,141,218
"NFKB1",461,397,432,484,362,528,388,637,413,448,524,406,451,353,400,417,319,297,528,383,328,363
"COLGALT1",855,748,619,684,654,751,605,901,628,1006,931,810,856,562,794,563,501,453,851,530,514,752
"PPP1CC",844,1104,885,611,759,702,551,691,529,718,707,696,693,447,537,771,489,786,897,541,518,354
"SNHG3",187,180,150,143,161,131,154,186,123,150,170,210,188,114,141,134,140,104,130,92,113,154
"ZHX3",3325,2985,4666,4424,4259,3340,3840,3369,3483,3613,4180,2844,3212,3286,3498,2635,3323,2814,2297,3297,3183,2326
"ZNF143",159,198,243,325,183,255,219,235,158,180,232,177,215,135,114,201,145,196,245,200,140,154
"AUP1",463,649,562,590,515,583,565,505,454,859,683,563,562,512,428,489,385,470,609,434,409,427
"ITPRIP",272,271,404,260,303,428,246,343,278,282,289,262,350,216,260,204,195,124,313,217,277,298
"HBP1",365,454,526,391,449,633,451,616,422,393,519,439,366,326,279,503,354,368,506,419,374,307
"TRIM8",2554,2465,2663,2796,3485,2145,2705,2051,2524,3830,2451,2351,2528,2372,2599,1856,1865,1854,2345,1824,1826,2457
"TAF3",515,454,464,652,429,410,484,636,472,544,409,428,396,345,458,453,374,335,379,438,338,414
"UBXN2A",164,231,247,220,194,202,205,264,200,139,190,179,180,163,110,188,145,171,199,160,154,154
"IRF2BP2",1431,1765,1626,1616,2299,2762,1774,2135,1392,2026,1969,1732,1441,1247,1379,1955,1264,1277,2058,1512,1240,1702
"MOB3C",285,229,297,241,293,259,344,311,246,322,306,227,344,216,207,180,206,164,239,197,216,268
"PNPT1",412,412,390,537,248,471,349,457,374,273,488,394,397,287,248,346,330,278,449,366,293,184
"SIRT1",409,377,397,343,409,418,363,577,346,358,421,390,319,316,296,355,286,358,419,358,281,212
"CTBP2",588,793,629,633,794,637,908,621,658,850,740,586,586,556,548,693,472,455,553,572,568,593
"RAB29",399,428,438,378,429,405,304,266,264,472,309,359,434,238,261,279,255,191,471,251,281,295
"FOXN3",1359,1562,1685,1484,2084,1210,1899,1312,1136,1840,1579,1212,1250,1224,1186,1278,1131,1240,1287,1304,1236,1001
"STK38",366,475,470,406,439,288,425,361,333,344,415,393,387,297,243,318,348,265,344,281,368,230
"HP1BP3",2707,2918,3027,3163,3117,2778,2502,3858,3091,2805,3383,2452,2337,2073,2523,2731,1915,2450,2849,2451,1967,2312
"FANCE",91,43,64,61,64,87,78,95,56,67,81,67,63,53,70,41,52,44,71,43,60,63
"PPM1D",364,233,218,327,265,298,373,348,252,244,374,271,200,217,261,276,175,195,293,214,191,322
"CCDC69",212,302,293,192,274,140,192,138,137,264,308,204,165,146,192,137,170,149,247,130,225,172
"SYS1",347,406,403,393,369,448,303,381,306,490,424,371,293,311,288,325,277,273,397,241,263,351
"CAPN2",2238,1923,2108,2276,2865,1978,1960,1643,1824,2462,2037,1723,2186,1672,1240,1500,1595,1177,1797,1699,1859,1456
"FCHSD2",902,1013,1219,1525,1113,1562,1470,1879,1350,892,1988,1057,1225,870,1099,933,1054,955,1352,1377,1017,542
"RHOQ",521,618,866,552,742,742,408,369,364,638,560,451,591,357,267,455,417,434,735,422,418,345
"ATF4",1823,1810,1255,1478,1549,1182,1150,1587,1362,2437,1480,1062,1201,855,1665,1290,924,751,1812,1006,705,1477
"LRP4",4292,5414,7594,6384,7426,3952,4647,5644,5011,7847,7301,4657,5247,5318,3863,3879,5492,2903,3827,4140,5199,4104
"PXDC1",322,396,318,308,571,379,334,418,335,433,408,246,336,243,266,212,290,124,515,248,254,371
"MXI1",921,1381,1665,1466,1650,1527,1402,1718,1355,1100,1524,1155,1075,831,840,1395,1187,1105,1610,1180,1005,549
"PAPOLA",1295,2916,2147,1645,2253,1513,1663,1663,1254,2128,1566,1736,1286,969,952,2518,1143,1505,2001,1348,1308,789
"GKAP1",202,266,240,232,249,207,287,258,211,204,213,174,180,136,147,218,153,175,241,211,149,135
"PDE4DIP",4494,3147,3030,4427,3950,2401,3496,2604,3274,4825,3278,3118,2424,2826,2654,2841,2018,2833,2514,2709,2214,3279
"SMAD4",1269,1711,1700,1353,1319,1088,1186,964,957,1184,1207,1516,1075,763,925,1076,910,1197,1256,936,901,657
"TSC22D3",1495,2120,1896,1568,1169,1184,1423,1163,1312,1634,1354,1262,936,812,1417,1431,881,1273,1234,1117,774,1187
"ID3",507,692,586,692,740,609,625,627,371,426,691,658,576,278,334,324,612,215,593,586,439,514
"LATS2",158,201,286,252,384,319,325,262,207,239,253,220,235,180,168,179,224,85,221,176,231,236
"CARD8",324,373,426,257,365,346,310,501,304,321,331,310,303,277,173,251,253,171,355,273,318,211
"BANP",362,383,273,312,486,252,420,346,346,611,414,470,295,309,239,341,204,203,323,220,229,521
"TIMELESS",165,108,137,231,111,171,146,180,160,147,190,130,149,98,121,102,102,71,185,104,126,106
"SH2D4A",59,93,104,81,110,55,69,93,67,82,94,61,88,52,42,71,62,43,77,61,60,44
"CALML4",112,170,181,149,122,136,189,130,119,153,165,183,137,144,119,100,134,95,91,83,148,53
"ITGB8",2402,5322,4926,3702,4914,4444,3486,3767,3430,3244,3551,2987,4026,1953,2169,3618,2848,2686,3336,4298,2433,1294
"CDK2AP1",834,942,1152,1080,1240,990,1004,950,826,924,939,718,830,825,403,640,673,607,1016,928,708,512
"RBM48",360,373,446,414,270,264,304,303,256,313,373,260,261,190,210,287,188,275,311,212,197,283
"ITGB5",651,767,1043,954,935,682,792,597,656,1068,944,473,674,776,529,424,617,361,478,530,683,665
"GMPR",136,246,171,132,156,208,142,106,99,120,175,179,166,84,177,86,156,73,156,87,75,66
"RNASEH2C",568,496,434,550,426,365,393,508,406,778,563,411,333,362,378,383,294,362,384,295,310,427
"BCAR3",358,656,669,400,578,281,377,256,346,811,427,355,283,319,342,380,349,273,277,341,361,353
"CEP152",134,285,210,190,200,122,159,124,149,174,113,141,143,97,81,166,137,84,131,108,134,112
"ANAPC16",453,431,507,444,531,335,432,434,361,515,492,419,346,321,258,380,235,347,424,320,298,287
"TP53I3",103,118,121,127,85,113,94,99,127,154,99,74,95,79,60,74,98,51,55,68,105,80
"SASH1",4506,5282,6734,5422,7470,4081,4505,4622,4245,6835,5054,3553,4538,4089,3074,3784,3862,2715,3104,3800,4426,3267
"ZNF69",49,47,57,66,56,39,51,41,55,80,67,34,63,42,31,30,42,22,32,37,44,33
"DNAJB6",473,630,532,459,837,313,468,516,411,898,476,495,321,277,429,572,255,371,569,302,252,544
"KIAA1958",510,568,570,758,547,920,828,842,670,661,846,619,574,390,438,690,485,407,587,555,464,302
"POGK",1389,1229,1471,1918,1312,1704,1533,2742,1727,1524,1908,1126,1107,965,1173,1378,1018,1087,1582,1329,837,1009
"ARL6IP6",245,203,238,249,356,229,226,252,226,265,249,204,181,184,133,202,161,130,231,175,181,129
"WEE1",40,57,56,33,62,59,45,38,28,32,56,37,37,23,37,34,20,23,33,34,41,32
"HSPB2",125,74,97,121,120,87,100,39,66,125,75,67,70,51,53,65,68,53,64,50,48,107
"IL17RB",392,661,566,463,563,195,448,270,300,634,419,364,421,224,262,317,379,275,281,293,313,252
"CDKN2C",159,140,160,174,147,211,117,187,158,162,145,82,138,101,60,144,91,83,125,107,99,101
"SLC39A11",468,203,410,544,379,412,256,396,416,494,444,298,373,229,266,330,291,234,265,334,201,155
"NYNRIN",445,569,470,457,449,226,1086,544,414,772,449,490,456,473,382,301,369,313,261,267,442,378
"STARD10",633,533,404,687,438,374,539,421,547,792,582,427,343,281,489,337,308,382,407,331,280,451
"SNRNP48",201,271,202,165,218,141,201,185,127,243,177,198,104,96,109,197,100,146,172,139,145,103
"MEX3A",28,62,57,59,99,31,94,87,80,98,63,71,62,46,26,41,41,30,64,44,43,74
"FZD9",177,130,135,143,170,48,102,60,145,142,141,104,107,81,103,72,82,81,55,93,83,73
"ANO2",89,113,123,149,315,141,158,206,167,111,155,159,112,76,118,69,143,79,61,97,158,130
"ITGA11",88,121,172,129,92,62,82,57,212,167,123,97,114,54,62,55,105,74,68,76,100,61
"RND2",656,500,524,747,642,559,876,1233,938,463,999,382,568,507,486,632,363,467,571,544,328,338
"KANK2",617,603,1114,1072,1317,762,882,916,643,987,994,878,967,662,408,300,594,417,683,499,768,628
"NFKBIA",1142,826,908,1317,919,1440,1132,920,977,909,1107,946,958,550,853,638,634,487,902,615,593,670
"RFTN2",595,1125,1349,982,1111,1217,859,1624,985,876,1101,660,733,734,350,1110,686,546,858,899,640,270
"PROC",33,38,26,39,25,35,65,39,36,38,34,37,32,19,35,27,19,18,21,23,25,25
"TLR5",122,143,108,34,74,132,26,71,43,62,103,84,107,41,44,56,30,39,103,49,44,25
"TRIP10",300,205,242,304,335,183,261,207,213,280,267,151,279,91,147,79,114,72,258,101,175,280
"CPQ",232,300,437,415,240,576,273,487,311,229,523,231,277,237,167,221,209,199,337,295,231,101
"JMJD6",777,1001,697,762,1313,510,962,1048,820,1418,832,836,415,413,501,1054,331,412,605,422,360,1365
"SAMHD1",657,905,654,736,669,483,635,1731,1014,711,868,805,748,344,533,880,418,419,736,602,369,258
"ATOH8",312,446,432,362,445,292,426,714,419,470,390,263,243,188,271,307,312,119,246,275,173,479
"SPDYA",21,27,23,26,27,12,27,24,9,30,19,23,12,15,21,23,8,13,10,10,13,13
"RGCC",643,855,1027,750,895,1255,866,897,819,803,999,532,432,444,607,794,730,394,609,535,451,321
"GYS2",18,32,16,20,33,13,15,22,18,27,12,30,12,12,4,22,8,8,14,15,12,22
"DNA2",190,240,196,300,156,101,238,193,145,191,217,151,145,114,98,151,114,96,126,133,125,72
"PRRG4",36,29,30,33,25,13,20,34,19,18,49,9,18,5,16,13,6,16,25,20,18,23
"RAMP2-AS1",52,92,81,65,71,49,54,95,45,93,50,57,62,33,30,47,28,38,39,43,40,44
"AJUBA",36,40,60,55,88,26,62,60,66,53,56,37,42,54,30,20,30,24,21,28,30,37
"CCDC160",15,19,26,17,29,23,21,13,13,12,14,16,13,13,9,8,17,9,9,17,9,3
"SLC25A48",237,69,104,161,168,185,112,127,241,162,147,143,150,133,78,58,111,57,142,49,65,59
"SPACA6P-AS",45,37,41,56,75,23,62,46,51,101,60,64,34,45,27,35,34,21,24,22,29,48
"RCC1",154,187,158,162,197,78,164,158,111,301,144,153,97,76,90,139,64,60,131,70,54,178
"CCDC102A",57,71,93,54,103,27,51,61,66,142,68,48,35,42,35,44,45,21,48,28,41,65
"C21orf62",62,88,71,100,48,150,78,143,65,95,129,73,52,48,35,53,55,32,66,92,53,38
"CCDC151",75,154,122,122,194,49,122,54,99,327,74,75,64,82,58,68,68,46,60,40,96,105
"DDIT4",1368,1773,1471,1549,3399,1307,3141,1558,1919,2487,1735,2156,1803,871,692,1512,747,678,2417,1287,656,1016
"ITGA10",133,150,254,208,176,84,251,161,135,277,206,132,144,96,78,65,129,47,46,67,139,183
"ANKRD37",65,88,36,57,182,58,172,60,51,175,56,111,68,65,29,69,29,42,108,35,25,64
"COL8A2",154,55,66,66,72,138,224,121,44,99,179,71,102,63,56,43,43,29,110,65,53,44
"REP15",26,30,40,39,46,12,21,20,33,50,17,34,13,25,3,32,11,8,14,11,26,22
"NUPR1",406,824,256,586,580,462,306,200,162,1087,352,143,261,243,267,222,170,85,387,215,257,335
"FZD7",131,253,134,96,195,120,781,76,105,159,189,133,175,106,117,76,104,74,125,80,105,169
"TLDC2",33,19,18,37,47,43,44,103,66,26,44,45,33,18,29,26,21,10,22,32,34,14
"FKBP5",1603,1767,2041,1539,1459,2343,1362,2406,2102,1136,1935,1560,1577,241,1477,788,1023,663,1537,1403,503,580
"SLC38A2",2778,1833,2589,3138,2517,2473,2361,2038,1715,2641,3105,1898,1386,658,1360,1881,1115,1834,2449,917,978,803
"CLDN7",7,12,10,12,8,7,15,12,13,11,32,8,6,12,5,6,5,1,6,4,11,8
"PRKX",288,426,353,303,543,335,406,655,660,382,501,387,298,220,225,180,209,191,237,225,288,200
"SLC5A3",2600,3243,2404,2742,3768,710,1757,807,940,3634,1729,1953,866,755,840,2195,608,1307,1308,716,775,1895
"CCNA2",47,125,60,76,73,32,93,62,39,118,64,80,29,36,47,59,27,25,37,30,28,51
"C6orf118",32,67,32,31,41,27,25,25,27,43,30,43,20,18,18,24,22,6,14,9,20,24
"SPINT1",24,12,26,18,15,8,79,18,38,25,30,13,17,6,18,16,4,18,25,5,15,13
"SMTN",592,494,575,751,1120,268,1484,506,585,1458,585,478,411,441,266,330,303,168,276,187,458,859
"SAMD11",42,38,74,129,63,45,113,149,51,70,109,57,90,28,23,6,22,17,59,48,26,75
"KLF15",880,964,1032,993,1150,1088,1003,1617,1138,1307,1186,705,599,539,493,550,636,391,564,559,497,430
"HIF3A",1344,1156,1880,1449,2910,711,2535,1759,1906,1363,2007,1412,1247,607,974,700,1289,522,213,775,1259,428
"ALOX15B",51,80,27,36,44,159,27,58,53,55,140,44,32,27,40,11,9,66,31,35,4,47
"LOC101927354",4,39,23,23,8,9,10,19,24,10,22,16,5,7,5,9,6,3,5,7,10,21
"CYP39A1",17,61,28,28,71,14,44,30,20,68,24,17,13,14,6,18,13,10,24,18,20,26
"LINC01108",10,4,7,15,16,7,8,1,6,16,10,7,6,6,5,2,3,4,2,1,7,3
"SCGN",12,6,4,9,5,4,19,6,7,2,20,14,3,1,6,7,5,6,5,3,2,2
"LMNTD2",31,43,40,32,45,15,175,31,44,85,49,19,33,22,20,14,23,7,14,19,31,35
"LBX2",20,11,14,26,27,27,49,25,14,38,23,24,14,13,7,6,7,8,6,11,9,23
"GNRH1",42,41,45,52,47,40,83,80,29,47,103,35,25,18,19,23,29,24,25,24,24,13
"S100A4",95,27,120,63,25,26,37,51,19,52,82,31,41,14,14,17,5,10,30,21,26,38
"ADAMTS2",302,319,229,577,153,222,139,98,382,533,138,468,143,95,131,69,101,103,75,80,82,291
"AKR1C2",95,167,98,119,31,27,98,46,76,57,33,61,27,27,32,42,22,16,61,28,32,24
"LCN6",2,3,20,5,15,8,15,14,7,11,3,8,8,2,5,2,3,1,2,2,9,4
"AZGP1",257,153,134,402,73,194,180,545,338,88,126,154,167,53,108,140,53,62,186,103,31,12
"SLC23A3",14,10,25,7,14,11,69,24,14,33,26,12,6,14,6,8,9,6,4,3,8,21
"OLAH",5,10,31,8,20,5,11,5,17,10,9,7,6,2,1,5,4,3,5,6,9,3
"CXCR2",4,29,119,10,39,14,19,15,19,29,38,4,10,7,6,10,13,6,17,17,13,4
"SH2D3A",14,15,11,9,24,6,14,40,15,23,28,6,5,9,5,6,2,1,4,6,6,15
"CXCR1",7,22,97,15,31,7,14,26,22,24,41,2,11,5,6,10,10,5,15,10,6,8
"SERPINA5",67,52,28,69,57,179,27,22,19,25,46,41,16,2,25,11,19,3,71,13,2,4
"LINC01134",7,12,9,6,11,0,8,4,3,25,19,3,5,4,0,2,0,4,4,0,3,3
"LINC00463",26,14,14,31,8,32,10,71,18,18,69,27,11,6,5,7,11,7,20,3,3,2
"LINC01068",10,10,6,4,6,0,3,5,5,1,2,18,1,1,3,2,0,1,2,0,1,4
"CYP4B1",6,12,31,9,5,4,25,19,13,12,9,10,1,3,4,2,6,6,0,6,2,2
"MIA",0,6,4,2,6,0,6,1,4,9,2,3,0,1,1,2,0,0,0,0,0,3
"NPC1L1",5,170,42,25,60,5,63,17,10,225,4,35,6,3,3,18,2,0,5,1,6,328
