"","H_0001","H_0002","H_0003","H_0005","H_0006","H_0007","H_0008","H_0009","H_0010","H_0012","H_0013","H_0539","H_0657","H_0658","H_0681","H_0695","H_0700","H_0726","H_0740","H_0750"
"CLEC4F",2,0,0,6,0,6,0,0,5,0,16,14,9,0,0,4,5,1,5,0
"LINC00898",4,7,11,19,11,14,4,12,28,7,52,64,38,23,5,9,34,19,27,13
"LOC101929719",12,6,0,2,15,7,4,4,11,0,203,39,13,13,4,17,8,6,11,5
"MAS1",204,59,89,190,86,106,102,97,262,109,190,519,324,383,68,31,315,405,107,358
"SLC6A5",9,15,8,21,2,24,8,19,27,23,6,44,27,19,9,4,13,24,13,15
"PPEF1",149,30,65,105,148,70,57,45,202,41,140,418,319,169,48,44,163,296,76,201
"LOC100506274",56,24,9,57,37,21,52,5,33,19,85,46,73,20,15,15,43,7,11,8
"ALB",3,43,39,25,6,14,12,33,28,1,125,43,51,9,4,24,21,9,9,8
"TAC1",585,45,273,497,557,246,207,201,799,66,562,1105,533,338,129,182,359,1225,499,402
"RPH3A",6648,2251,3456,8713,5225,2987,6003,4495,7844,7606,6405,28512,15696,12721,5196,2218,6872,12125,8096,7655
"ALOX12B",61,23,27,27,28,31,1,0,45,7,83,54,96,23,15,19,21,23,43,19
"SOWAHB",114,19,14,241,108,175,89,61,403,102,703,749,529,324,37,41,310,389,163,233
"TPH1",14,16,9,12,6,14,8,8,26,3,75,26,10,18,6,37,16,19,9,8
"MYLK2",26,24,0,39,25,16,19,18,33,17,49,98,34,5,18,61,29,24,19,30
"ADRA1D",65,43,43,94,119,12,114,70,64,36,76,383,84,59,38,38,96,85,23,149
"FBLN7",416,49,145,309,262,173,221,164,318,252,207,716,532,336,75,99,421,339,201,281
"LINC00943",7,10,19,65,52,25,26,33,65,28,64,163,29,39,13,23,59,53,62,115
"ARL4D",400,157,283,304,389,167,362,167,331,244,198,677,441,262,186,300,343,536,169,1506
"PRMT8",1018,240,514,872,1018,436,577,314,1017,339,941,2311,1616,929,332,302,1012,1196,644,1264
"HHLA2",0,3,0,1,6,8,2,6,3,3,13,15,22,2,0,5,12,6,7,1
"SPRED3",3,33,0,33,8,42,26,28,36,20,12,137,60,47,10,22,49,54,56,49
"CLDN16",7,14,0,23,38,22,2,17,19,12,32,69,26,17,12,15,42,19,17,16
"LYRM9",1293,496,585,513,771,453,213,254,977,273,2087,1662,1725,600,240,655,580,695,820,494
"SPDEF",34,29,12,27,49,16,15,26,19,26,66,131,167,18,7,30,23,22,27,28
"RBM3",2705,828,409,707,1181,1087,553,584,1366,398,9325,3259,1706,942,467,2501,865,724,1232,627
"CRYM",3762,768,2283,2166,3147,1634,1367,1122,3527,1759,3569,6428,4026,3114,1372,1221,3168,4108,1370,3019
"SYP",30351,4105,14292,15159,20203,10161,9759,8102,21403,10470,21727,45282,36554,21887,8288,4495,17680,34602,12836,21537
"LPA",18,6,0,22,8,6,4,6,11,2,31,34,9,11,3,7,4,14,11,19
"HMGCS1",1794,1494,1936,1896,1807,4524,1203,1472,3430,1408,3002,8309,6324,2928,1581,3257,3039,4524,5139,2581
"LRRC73",541,173,289,257,445,201,237,109,360,196,273,918,665,251,110,109,401,427,414,602
"PCYOX1L",612,438,306,468,627,761,225,141,876,281,1328,1574,2034,531,323,623,795,804,743,747
"CCKBR",499,234,457,467,586,398,413,317,707,492,520,1542,1482,511,285,225,698,857,706,838
"RIIAD1",166,28,118,74,120,53,39,29,86,49,88,213,153,86,17,27,67,65,78,82
"WNT1",0,1,0,23,19,41,21,9,53,32,99,124,127,70,6,10,53,36,24,20
"CHRM4",64,33,11,100,45,94,61,60,138,112,304,398,208,169,21,9,134,131,72,74
"SVOP",2568,588,1407,2415,2814,1735,1456,1233,4057,1465,4005,7977,5981,3611,1103,670,3573,5211,2091,3926
"LOC102724532",152,64,125,66,94,81,21,53,71,53,183,305,125,70,36,145,66,116,140,83
"LRTM2",667,156,364,603,611,472,307,313,838,635,912,1862,1342,706,260,215,951,887,515,852
"F7",61,15,17,42,36,12,27,14,46,34,27,106,56,74,15,23,46,39,37,51
"ZNF449",185,249,142,331,208,253,184,152,450,162,441,887,682,385,159,461,403,322,281,304
"C2orf16",2,28,11,28,15,85,19,29,34,24,84,84,66,26,7,33,43,42,36,36
"ZNF860",3,22,0,25,2,26,10,7,26,12,36,84,88,41,9,16,37,49,8,5
"KCNF1",2562,480,1407,1280,2262,669,1220,740,1314,982,1262,3987,2717,1425,938,353,954,2080,1101,1910
"SMIM10L2B",816,481,529,1119,1169,699,585,755,1549,808,1612,3776,3381,1232,780,605,1469,1865,1479,1289
"SCN11A",22,52,4,64,26,33,29,31,37,23,33,51,70,38,21,75,35,31,35,32
"TARBP1",1917,1841,860,2243,1564,2226,1226,1057,3196,1404,4266,5929,4483,2551,1362,2280,2963,2139,2009,1949
"DIRAS1",5689,1052,3687,4126,4387,2192,2821,2109,4737,2978,4622,10187,6285,5669,1765,1220,4437,7951,2867,5947
"SYT12",2260,528,1302,1365,1997,624,1603,983,1553,1052,1392,3890,2493,1812,660,485,1301,2678,1075,2082
"SLC6A17",4576,1774,2245,5165,3518,4687,4191,2926,6402,3814,7383,14810,13424,7648,2452,1217,5364,9606,5324,4723
"C17orf107",97,25,38,155,124,116,84,76,186,74,141,438,256,156,60,74,124,205,210,162
"KREMEN2",73,49,89,82,144,71,33,34,93,64,108,195,213,61,29,54,74,72,168,103
"RSAD2",240,196,53,157,179,114,171,90,274,98,434,321,294,176,127,247,184,174,128,178
"SMIM10L2A",1722,985,1032,2159,2117,1307,1221,1188,2194,1477,2838,5211,4691,2423,1245,1405,2670,2903,2490,2959
"PCP4L1",944,148,480,970,916,631,469,400,1030,285,1041,2659,1304,814,249,358,633,1271,869,819
"SPEF1",463,54,245,272,498,145,164,104,226,258,220,453,399,153,103,118,203,268,159,375
"CLSTN3",8167,2001,4599,7078,7212,5276,5398,3463,8951,4872,8916,16285,15839,9792,3106,1762,8692,11181,5178,8688
"GPCPD1",427,1108,415,912,520,991,429,476,1183,935,1125,3499,1498,990,733,2052,1741,1102,2006,1063
"ANXA6",6882,2747,3824,4595,6141,4970,3695,3087,9366,3891,9043,13306,13220,9466,2961,3396,7312,10101,5345,9633
"NRSN2",5690,2559,2779,3913,4744,3105,2901,2284,4276,2522,5655,11825,9634,4394,2220,2640,3966,5221,6966,4989
"CALM3",42352,10898,23059,35374,39633,29226,25111,21033,47624,28947,45811,115514,105037,46357,17746,16055,50439,60269,45367,58218
"PNPLA3",0,50,0,35,2,39,17,34,18,7,25,49,30,28,17,51,24,16,24,23
"ZNF596",65,239,90,215,92,139,91,64,215,175,463,357,205,248,187,257,191,182,137,112
"GPRASP1",4021,2512,2246,4882,3896,4731,2131,2447,8359,2855,8653,14713,8433,7432,2964,3324,7837,9698,5657,6084
"RNF165",1013,362,585,975,741,596,794,544,859,664,1297,2782,1878,1051,505,387,1224,1213,891,1163
"EXOC3L1",45,37,96,47,52,62,26,34,76,28,99,135,105,38,29,53,60,49,119,53
"RELL2",511,260,317,715,699,312,394,344,832,438,610,1422,1084,837,227,150,489,875,446,638
"NCR3LG1",10,62,61,232,47,216,73,87,268,130,276,627,479,598,55,115,323,349,121,140
"CCDC113",460,252,268,460,430,536,218,233,710,363,984,1374,1254,687,279,479,639,796,936,711
"CHRNB2",1217,489,763,915,1079,803,720,809,1637,1019,1317,3364,2553,1960,578,371,1453,2185,978,1694
"GABARAPL1",9767,3937,6218,8967,8971,8357,6984,4410,11882,5762,13760,24412,20335,12835,5392,6521,12361,19364,8735,20759
"TECTA",123,112,132,147,75,141,96,83,167,118,223,318,395,169,112,144,151,165,158,140
"CYP2E1",601,210,303,460,478,388,277,310,518,369,710,832,701,406,348,274,395,616,534,551
"SLC45A1",1070,234,645,574,870,379,460,259,581,481,643,1353,1341,678,325,295,548,778,513,765
"FAM131A",3605,1519,2553,3995,4021,2159,3166,2029,3667,2582,3401,7910,7854,4713,1997,1763,5096,5863,2948,6386
"TMEM241",244,136,173,369,273,174,225,160,163,211,331,578,601,359,111,161,358,456,319,321
"COPS7A",3001,1494,2105,2864,3416,2041,1991,1482,3541,1931,3769,5518,6026,2991,1487,2210,3122,3897,2918,4397
"PPME1",2846,1408,2358,3018,2892,1987,2340,1716,3149,2453,3824,6561,6612,3712,2262,1510,2983,4430,3532,4154
"GSS",1198,529,627,736,1278,791,487,347,1032,411,1283,1565,1902,845,493,787,895,1061,1054,1202
"NRIP3",1048,438,904,1317,1072,1060,718,951,1963,708,2238,3745,2480,1841,796,632,1563,2604,1671,1315
"NRXN3",2437,843,1653,3503,2044,2363,2110,1680,3871,1945,4110,8357,5594,4238,2448,1367,4204,5473,2592,4030
"EFR3B",2087,1915,1815,3115,2507,1831,2416,2257,2728,1873,2239,5952,4553,3657,1357,2320,3605,3837,3505,3708
"SPCS1",2317,1357,1649,1794,2259,1476,1201,1001,1814,1228,2202,2773,3445,1775,1318,2280,1950,2090,2312,2901
"ACP2",1038,504,516,610,1013,639,414,344,953,297,1029,1795,1882,785,448,698,836,854,753,1001
"TMEM169",244,138,141,223,268,123,127,135,257,179,222,449,398,299,188,116,231,413,154,200
"RASGRF1",2235,1063,1835,4682,2414,1987,2794,2106,4232,2998,3033,10209,6539,6145,1858,1517,4418,6625,2232,5079
"NAPA",2470,1256,1625,2879,2663,2179,2078,1567,3506,2398,3672,6066,6542,2994,1564,1423,2915,3363,3250,3298
"NIPSNAP1",1919,840,1210,1626,1771,1368,956,913,2061,969,2237,4171,3814,1815,890,1335,2210,2604,2456,2704
"CES2",921,706,712,1192,1097,881,765,634,1153,657,1745,2983,2424,1071,625,1273,1140,1199,1733,1243
"FBXO16",158,62,82,179,157,124,98,105,192,102,157,501,307,198,96,87,227,320,180,284
"MED29",2712,1694,1982,2568,2830,2373,1669,1414,2453,2052,3449,5833,6346,2533,1620,3324,2682,2648,5201,2849
"BDH1",2165,1087,1166,1629,1926,1001,1058,985,1560,1197,2304,2697,3006,1676,865,1305,1889,1967,2026,2042
"EML6",510,693,571,1013,546,611,840,689,871,604,601,1588,1270,1030,609,676,1127,948,639,1327
"RNFT2",890,357,740,626,865,526,514,490,701,616,417,1422,1327,699,476,318,593,894,824,1199
"PSMB2",2892,1338,2583,2091,2496,1708,1602,1401,2220,1479,2791,3942,4688,2412,1645,1968,2284,2586,2458,3355
"DDB1",5186,3234,4212,4898,4698,4971,4142,3503,6072,3592,7346,9555,10458,7056,3230,5980,6105,6915,6426,7430
"COG1",1239,1120,1134,1667,1533,1836,1151,1054,2188,1274,2970,3956,5394,1843,1098,1189,2470,2076,2241,2363
"HGSNAT",1585,1363,761,2028,1509,1292,1450,1068,1903,944,2003,3927,3946,2047,1059,2010,1805,2090,2052,2086
"NEU3",423,340,374,506,371,462,327,308,563,413,790,840,852,558,453,395,469,647,474,564
"CHP1",2858,1148,2591,2409,2499,1624,1720,1180,2752,1543,2724,4670,4338,3007,1723,2253,3065,3706,2083,5024
"LETMD1",1721,1199,1412,1846,2175,1971,1281,1110,1957,1368,3128,2671,3253,2129,1256,1805,1780,2539,1866,2734
"FBXO9",2075,1479,1471,3352,2212,1571,1901,1615,3413,1702,3547,5825,3553,3669,1944,2233,3311,4694,1522,2643
"WDR46",1170,394,866,748,1236,528,463,404,897,427,1183,1381,1230,858,423,600,847,786,590,972
"CD99L2",8202,2986,5432,5651,6844,5270,4131,3085,6841,5326,9081,13128,13306,7728,4268,3507,6643,9818,6405,6920
"ACLY",1693,1539,1609,2264,1865,2260,1775,1848,2654,1603,2735,4961,4572,3129,1551,2661,2803,3396,2447,3182
"EIF4H",5434,4441,4719,6148,5478,5881,5296,4009,6837,5705,8900,10896,12726,7977,6483,7359,8322,9411,7024,10298
"ZCCHC17",2129,985,1798,1605,1919,1193,1227,1078,1880,1155,2027,3202,3239,1830,1056,1469,1916,2566,1776,2796
"PITPNA",4060,2515,2797,4143,3490,3155,3093,2436,4536,2669,5224,9792,7895,5814,2207,3836,4844,6596,4461,6019
"MRPL30",605,387,665,682,684,647,430,393,861,636,943,1479,1433,732,556,808,852,1017,824,985
"ST3GAL3",1249,447,764,1010,1221,674,872,740,969,930,1121,2077,1856,1043,644,660,1078,1247,1309,1609
"IMMT",2731,1384,1857,1974,2059,1809,1481,1336,2421,1318,2791,4012,4216,2795,1265,1930,2305,3088,2492,2835
"PNPO",246,400,257,565,454,470,301,367,752,307,642,1290,1465,698,314,706,755,708,735,707
"DHX57",706,470,567,848,617,588,358,273,795,566,1049,1201,1317,971,494,758,800,930,709,820
"PCNX2",1250,735,879,1952,1319,1419,1285,918,1772,1637,1731,4319,3577,2702,1019,915,2135,2296,1877,1747
"MECR",891,394,567,526,697,570,297,260,751,314,1033,1530,1365,560,362,522,717,863,700,786
"MRPS25",2590,1517,1894,2066,2096,1432,1478,1425,1934,1118,2153,3712,3872,2262,1671,1816,1786,2246,2366,2133
"BBS5",520,419,389,665,508,399,360,362,440,449,618,758,1022,603,309,415,560,551,455,582
"TRIM9",3684,4774,3433,6764,3636,4594,3783,4770,5754,4351,7218,10568,9894,7393,4234,4873,6785,7001,5324,7228
"NICN1",628,554,585,1101,989,829,877,667,1410,786,1086,1934,1733,1375,639,663,1251,1515,1079,1342
"MRPS5",2437,1523,3701,2106,2256,1396,2216,1672,1543,2092,1112,2461,3796,2124,2678,1469,1838,2154,2289,3104
"PPP4R3A",1461,2090,2331,2360,1571,1119,2357,1776,1352,1813,1402,1834,2484,2178,2244,2083,1911,2142,1596,3028
"HDGF",4717,3601,5270,4135,4121,2563,4839,3099,2906,3495,3597,5154,7367,4023,4375,4324,3728,4555,5116,8478
"PTPN21",427,699,469,839,446,536,740,649,450,533,607,770,1015,630,577,1218,821,639,864,1028
"EXOG",267,229,243,333,297,292,227,206,259,181,250,424,404,299,256,315,296,378,221,229
"TRIM4",422,619,658,742,408,496,690,608,434,685,720,592,804,757,593,949,638,565,721,1174
"ZMYND8",3180,2582,4073,3599,2578,1961,4011,3046,2129,4385,2045,3842,4955,5024,3774,2245,2607,4014,2402,5103
"UNC119B",1424,1286,1358,1836,1501,1075,1539,1407,1122,1128,1269,1541,1744,1704,1149,1710,1430,1682,1170,2117
"RBM17",2971,3175,4018,4062,3270,2257,3726,3022,2427,3099,2543,3870,4900,3287,3771,3968,3050,3043,3659,4932
"RELA",928,1780,2981,1800,1495,1021,2287,1453,717,1803,790,1237,2464,1131,4110,1695,1176,1339,2072,1882
"HNRNPH3",3439,5137,6777,5864,4277,3679,5280,5170,4019,5990,3639,5390,7407,5092,7023,5736,5349,6019,6681,10698
"ZNF32",3691,975,2880,1608,2340,868,1704,1070,1201,1676,1117,1586,1609,1516,1431,1049,1085,1688,1204,2866
"ZBTB34",313,660,612,881,379,444,709,658,450,710,307,489,702,732,810,835,579,745,417,797
"PSPH",381,447,830,547,660,431,629,568,505,573,235,637,836,605,469,453,506,665,637,1177
"NFKB1",370,540,729,642,448,508,626,511,376,608,466,578,773,537,858,832,677,533,571,865
"COLGALT1",1114,1592,2152,1589,1680,1063,1654,1320,880,1543,923,1310,2339,1296,2187,1784,1324,1457,1505,2651
"PPP1CC",3404,3825,5396,4918,3811,2380,4440,4014,3238,3377,3486,3679,4842,4910,4041,4728,3773,4710,3087,6791
"SNHG3",709,533,1056,674,626,454,637,320,308,599,586,481,1036,389,638,448,449,574,889,995
"ZHX3",3393,3488,3667,4740,3557,2487,4137,3865,2941,3014,2660,3941,5754,5104,2977,5648,3979,3493,4003,5355
"ZNF143",315,372,532,542,474,302,668,533,398,418,297,535,611,574,532,557,454,577,567,867
"AUP1",3865,2546,5138,3446,4740,2239,3856,1813,1833,4588,1982,3288,4960,2343,4007,2431,2171,2633,3174,5287
"ITPRIP",140,253,287,281,369,235,321,300,112,215,198,219,675,188,325,685,376,132,552,574
"HBP1",320,1075,524,1193,414,719,1190,1055,701,988,670,882,1495,999,1750,1414,1016,1103,1082,1514
"TRIM8",3672,4431,5596,5500,4966,2310,6712,4859,2463,4246,2413,4601,8181,3389,3461,4014,3469,3643,5665,6739
"TAF3",505,513,774,641,503,373,645,541,390,681,484,750,905,791,824,565,679,692,613,1121
"UBXN2A",388,523,537,687,499,529,608,586,410,472,338,599,721,570,574,792,585,647,572,888
"IRF2BP2",2566,2758,4425,3460,2653,1846,3881,3333,1810,4227,1688,2612,4661,2661,4338,3453,3052,3461,4111,6755
"MOB3C",388,527,577,435,560,314,633,400,262,438,153,413,886,310,442,659,425,349,855,1163
"PNPT1",739,1808,2631,1780,888,1231,1879,1756,1062,2011,690,1325,2259,1734,3874,1238,1452,1703,1562,1740
"SIRT1",394,892,634,955,406,527,1005,946,570,861,747,729,1204,812,1264,1122,815,804,760,1349
"CTBP2",1002,1250,1747,1626,1379,1000,1761,1374,1021,1463,976,1464,2715,1235,1262,1823,1508,1443,1880,3364
"RAB29",655,1276,1251,1186,1018,1099,1158,1137,629,584,837,1011,1579,1150,689,1606,1021,757,1167,2184
"FOXN3",1049,1359,1384,2100,1119,1033,1823,1820,952,1247,1313,1816,1958,2039,1375,2323,1585,1540,1553,2501
"STK38",879,1051,1003,1001,948,660,1210,834,573,1109,517,820,1445,881,1189,1470,977,805,1130,2354
"HP1BP3",2922,6231,5746,9299,3485,5780,7641,7951,4826,7346,4463,7141,9891,8113,10300,7455,7857,7506,5704,7827
"FANCE",125,155,143,117,180,94,144,98,63,98,140,118,194,106,142,215,127,125,141,351
"PPM1D",279,421,520,636,248,306,579,484,313,414,292,435,721,458,722,465,405,490,561,704
"CCDC69",684,513,533,570,893,359,580,595,393,490,424,555,664,639,328,701,431,485,555,680
"SYS1",677,714,1208,899,1011,704,838,702,521,810,358,828,1252,840,878,921,846,754,748,1915
"CAPN2",2750,9422,5938,6161,4386,3664,8018,7102,2852,2667,2632,3836,7252,5748,3083,7697,4747,3751,5501,8164
"FCHSD2",1244,2137,1562,2241,1486,1134,2114,1467,1312,1925,1402,2073,2629,1621,2729,2942,1661,1882,2273,3714
"RHOQ",2343,4546,3551,4209,2888,2240,4302,3122,2108,2347,2201,2972,4315,3353,2583,4607,2897,3129,3601,6847
"ATF4",10376,6041,14916,7935,7857,4195,10835,6223,4901,9151,6260,10688,10516,7080,8293,5816,4698,8810,6580,12758
"LRP4",2234,6759,5053,6418,2877,3657,8507,7763,2578,6330,1169,2942,8035,6139,7950,9252,5562,3746,6129,6774
"PXDC1",585,775,912,652,938,583,1047,809,232,637,495,543,1296,458,610,1171,560,477,2006,959
"MXI1",3469,5583,6604,7108,4351,3422,7110,4883,3353,5486,4311,4320,7669,5041,7489,6830,4630,4467,5647,9394
"PAPOLA",2487,4419,4666,6020,3460,3684,6375,5892,3674,6400,2684,5574,7777,5438,6800,6301,5848,6687,5521,9851
"GKAP1",663,456,1140,649,590,390,698,415,427,798,365,584,807,508,893,466,431,707,574,1020
"PDE4DIP",4722,10661,9263,9494,5536,5267,11193,10084,5347,4973,4445,7021,10112,12282,5413,10462,9188,7781,6183,10977
"SMAD4",2029,1926,2450,2273,1785,1474,2063,1800,1387,1792,1701,1400,2728,2111,2301,2365,1889,2016,1390,3570
"TSC22D3",6867,3323,7018,4376,5642,2981,8173,3366,2886,5205,5049,4285,8289,4940,4201,6051,5057,4902,2819,39520
"ID3",1151,2003,2386,1149,3050,1839,2906,1490,592,1037,797,1089,1934,665,774,3650,2049,845,1435,7171
"LATS2",60,490,247,236,158,135,414,301,131,248,189,139,393,166,329,676,455,160,415,763
"CARD8",334,1069,529,909,543,726,889,809,357,517,341,730,726,561,887,1832,863,525,880,1058
"BANP",390,358,662,454,618,291,582,422,255,522,340,567,953,337,396,331,358,479,725,892
"TIMELESS",165,384,347,300,218,243,366,241,193,200,139,221,261,335,523,339,253,302,168,430
"SH2D4A",40,54,37,54,83,61,76,56,34,48,39,44,79,48,22,105,62,34,53,182
"CALML4",36,56,53,60,44,51,74,37,35,38,47,50,92,56,74,147,49,19,93,146
"ITGB8",1498,4036,4327,4484,1580,2879,4221,4491,1799,3418,1854,1796,4709,4434,4768,6304,3631,3792,2991,3871
"CDK2AP1",1879,3972,3566,4027,3145,1430,4735,3554,2054,2437,1772,2639,3276,3414,2281,4969,2952,3101,2445,6346
"RBM48",1041,1466,2452,2196,1183,1447,1820,1346,1125,1652,701,1378,2343,2065,3298,940,1624,2283,923,2181
"ITGB5",1091,1412,1365,1329,1762,848,1519,1239,591,835,734,833,1619,935,629,2309,1198,743,1378,2993
"GMPR",763,458,647,811,1212,830,497,314,343,617,456,306,951,445,230,1599,407,225,1424,1194
"RNASEH2C",2480,1383,3218,1968,2660,1212,1854,1541,1010,2060,754,1431,2120,1525,1878,1149,1541,1514,1812,3078
"BCAR3",548,646,694,815,782,455,842,771,436,752,422,662,862,652,352,1107,651,568,799,1003
"CEP152",43,202,189,131,82,156,206,194,64,167,67,105,382,157,154,211,137,144,212,198
"ANAPC16",2578,2462,4151,2637,3310,1539,3167,2468,1322,2534,1515,1629,3000,2040,2728,2851,2121,2373,1948,5428
"TP53I3",173,118,265,146,273,76,211,209,87,215,91,169,202,153,86,233,187,52,308,417
"SASH1",1576,6951,3968,5701,2897,2503,7714,6435,2584,3853,1756,2510,4656,5722,5144,7558,4738,3115,4953,5936
"ZNF69",75,90,133,96,127,47,154,91,44,73,61,60,121,96,70,133,65,106,35,130
"DNAJB6",4923,3639,7108,5737,5086,3224,5718,5119,4950,5975,4882,6879,8209,5577,4792,4038,5306,6977,4498,9385
"KIAA1958",393,873,918,1037,336,442,1049,1008,430,656,260,466,1045,746,1426,842,571,534,603,664
"POGK",1656,3106,3021,3967,2065,2071,3947,3201,2068,3473,1687,3437,4848,3438,5202,2580,2662,3584,2890,3503
"ARL6IP6",240,680,332,526,281,390,610,496,246,348,298,302,683,453,507,841,442,388,436,762
"WEE1",18,173,30,99,56,78,187,132,52,50,100,99,181,69,52,390,206,53,109,616
"HSPB2",184,111,140,82,153,42,95,119,86,80,59,31,97,60,65,88,67,63,37,337
"IL17RB",983,4513,2701,3215,1827,1434,4294,2857,919,1256,465,1123,2732,2808,1344,2063,1820,1393,2029,3673
"CDKN2C",350,650,777,453,492,247,486,299,218,347,186,254,515,304,730,476,352,306,429,811
"SLC39A11",469,919,1396,786,593,307,1239,836,336,356,341,533,1030,674,790,716,526,637,551,1311
"NYNRIN",440,592,439,682,650,514,631,684,454,405,292,769,723,615,285,728,571,506,732,887
"STARD10",2877,1045,4313,1383,2452,694,1611,1147,826,1247,798,1058,1571,1007,1644,536,678,1424,1198,2143
"SNRNP48",402,658,807,738,425,516,829,842,507,899,460,567,992,779,996,687,698,783,697,1287
"MEX3A",13,106,93,99,42,53,126,170,35,62,9,92,147,75,134,76,60,65,64,119
"FZD9",268,244,339,205,374,71,333,176,81,186,109,110,296,133,185,147,116,147,220,324
"ANO2",97,177,82,154,160,67,198,159,58,131,65,78,129,78,85,317,145,50,131,395
"ITGA11",143,151,166,115,97,119,149,173,93,156,79,163,291,147,173,142,124,96,117,292
"RND2",1671,1208,2327,1582,1834,790,1705,1483,1360,1195,770,2011,1899,1605,1229,1190,1264,1503,2213,2773
"KANK2",541,2351,776,1087,1087,666,2241,1211,651,909,1148,1056,1852,762,1090,4689,3249,701,1222,5842
"NFKBIA",2772,2926,5763,3148,3695,1846,4406,2698,1136,2194,2333,2874,5245,2371,3938,4413,3157,2061,2741,5835
"RFTN2",797,2434,3464,2390,1278,853,2738,2289,818,2289,488,1156,3256,1518,4554,2605,1427,1594,2747,2790
"PROC",24,25,28,16,18,15,7,12,14,12,22,15,37,21,17,9,21,16,21,7
"TLR5",99,67,83,218,154,113,137,216,30,53,75,132,225,77,50,355,100,80,176,229
"TRIP10",523,844,1036,790,1069,313,1153,643,211,448,319,397,921,296,544,1028,448,318,1513,857
"CPQ",422,995,1243,895,663,626,1064,827,432,551,278,464,1296,633,1306,1597,1046,539,974,2139
"JMJD6",1117,842,2080,1227,1179,716,1732,1728,708,1833,479,1237,1784,1217,1974,796,1173,1487,1316,2663
"SAMHD1",1053,1796,2052,2123,1537,1624,1930,1374,989,1395,1183,1723,2443,2438,2350,2966,1892,1998,865,2150
"ATOH8",644,540,1087,472,880,449,860,505,178,897,302,186,777,424,569,633,413,377,627,1479
"SPDYA",52,69,92,66,55,53,87,106,47,98,82,49,102,60,91,94,74,59,97,121
"RGCC",3824,3155,10557,3062,2946,1305,4622,2388,1196,3549,1394,1868,6952,2415,7460,2561,1428,2930,3299,5363
"GYS2",12,23,18,51,7,18,34,23,14,43,6,25,26,26,27,40,31,16,19,16
"DNA2",161,320,221,427,257,300,453,297,162,346,83,135,219,390,532,147,243,335,286,525
"PRRG4",40,77,31,89,96,31,87,82,5,26,32,43,35,56,12,109,52,61,33,172
"RAMP2-AS1",32,159,23,108,45,119,209,132,41,117,67,146,106,109,98,295,156,79,114,202
"AJUBA",75,152,21,65,71,33,154,67,71,83,77,52,31,82,68,295,184,41,30,159
"CCDC160",36,114,151,133,89,48,179,152,61,70,70,67,120,71,96,199,89,76,65,127
"SLC25A48",568,812,2282,539,591,257,930,695,188,307,172,333,949,535,1233,518,356,538,312,644
"SPACA6P-AS",30,88,65,59,17,21,127,108,26,61,7,58,110,24,76,67,73,31,55,115
"RCC1",159,207,577,246,207,129,379,492,154,355,122,196,303,215,413,238,197,295,192,345
"CCDC102A",61,118,119,65,121,39,99,58,50,95,32,80,82,49,69,167,101,45,61,364
"C21orf62",9,103,77,32,49,168,116,99,21,27,29,36,84,41,15,158,118,31,71,140
"CCDC151",274,160,499,331,343,130,307,201,160,366,99,197,391,205,140,133,184,222,318,442
"DDIT4",1419,2614,3660,2636,3324,1539,7115,2814,822,2434,725,1112,2970,2055,2055,5014,3242,1716,768,9305
"ITGA10",164,580,353,479,296,248,1047,483,177,442,317,296,673,490,435,865,541,246,338,1095
"ANKRD37",329,392,551,594,690,257,713,339,194,628,373,466,330,301,245,562,375,395,270,1414
"COL8A2",44,160,36,96,131,86,161,87,44,44,108,103,153,26,22,589,334,76,62,547
"REP15",11,27,20,34,6,9,39,55,8,33,8,9,7,21,23,20,21,22,3,88
"NUPR1",1556,936,2846,439,1715,1799,1325,559,225,1823,540,359,1225,323,406,1373,776,299,2032,4827
"FZD7",96,404,339,282,405,186,516,307,176,248,175,207,403,219,88,763,451,186,285,1820
"TLDC2",26,76,66,50,59,49,58,82,11,17,23,45,71,41,131,63,40,25,41,60
"FKBP5",1809,2352,3846,3238,1821,3131,3852,2273,677,3303,2419,824,5806,2966,4220,4171,3330,2619,2063,6067
"SLC38A2",6367,11650,16024,10728,5492,3702,14163,10987,5066,6417,5381,4288,6530,11833,19265,9106,6831,11019,2294,19837
"CLDN7",30,30,18,50,33,11,12,30,6,0,3,9,14,7,4,29,25,5,13,34
"PRKX",341,822,1518,1168,582,809,1338,1033,328,1261,378,569,1240,626,1556,1128,838,635,1066,880
"SLC5A3",1469,2612,2512,2888,1608,1163,3563,3701,1287,2323,443,1440,1193,3665,1881,2061,2282,2843,860,4200
"CCNA2",159,126,342,288,110,195,344,436,116,412,57,170,278,124,468,163,150,185,313,401
"C6orf118",14,22,10,34,35,28,26,30,13,39,22,12,31,15,6,65,25,18,36,33
"SPINT1",62,18,30,43,93,37,45,14,10,21,46,39,9,28,11,58,46,28,44,115
"SMTN",1467,2060,2737,1440,2742,755,3544,2365,432,1081,438,832,1296,2383,1020,1215,938,475,1658,1932
"SAMD11",56,167,247,135,207,81,433,103,45,29,38,105,275,32,39,212,160,96,54,1048
"KLF15",858,2405,2579,1621,1409,916,2528,1362,464,2269,521,579,2505,1020,2315,1616,1096,955,1162,2378
"HIF3A",1832,3580,3252,2798,2345,974,4256,3148,838,1964,1022,934,4864,2559,1425,4066,2481,1372,3235,2992
"ALOX15B",209,52,163,162,245,64,238,184,70,170,96,58,275,262,47,117,149,158,66,385
"LOC101927354",4,18,76,15,8,4,35,21,0,27,2,5,0,5,35,5,11,12,7,17
"CYP39A1",23,66,27,69,53,36,84,66,46,91,13,58,64,47,65,124,79,72,65,247
"LINC01108",11,34,13,12,0,0,23,36,4,0,0,3,5,7,3,2,0,3,0,3
"SCGN",106,55,73,61,102,76,27,32,51,58,63,81,45,57,89,15,38,84,68,169
"LMNTD2",31,36,28,43,65,11,75,23,18,11,27,22,74,25,14,43,39,12,21,80
"LBX2",3,39,29,13,7,0,24,12,0,13,0,0,19,2,55,4,5,9,2,6
"GNRH1",94,182,269,163,157,61,249,206,81,237,87,113,248,115,229,121,135,119,141,241
"S100A4",172,197,405,159,936,110,351,258,35,86,83,51,51,54,69,703,374,82,99,805
"ADAMTS2",300,171,244,339,392,139,241,340,271,293,348,216,467,403,241,159,444,389,221,675
"AKR1C2",707,941,348,223,254,117,554,264,338,126,211,179,532,441,158,813,315,286,322,1369
"LCN6",4,27,12,31,57,2,20,33,19,46,19,14,43,23,18,49,47,29,26,19
"AZGP1",704,627,4408,979,481,543,622,384,135,1182,312,188,1258,653,2373,201,147,396,362,403
"SLC23A3",20,55,13,24,43,7,46,74,21,33,2,20,17,27,31,36,25,9,29,55
"OLAH",26,56,33,66,38,20,102,60,17,53,14,13,27,39,22,118,43,27,18,89
"CXCR2",7,107,12,21,4,9,17,29,0,4,11,2,30,19,9,37,3,5,23,41
"SH2D3A",5,9,19,20,17,12,15,28,12,11,0,6,0,6,8,30,5,8,16,18
"CXCR1",0,58,6,8,5,17,17,46,4,10,5,0,42,32,11,59,22,4,9,142
"SERPINA5",19,25,286,58,30,205,41,113,0,24,36,6,41,21,106,26,14,58,42,38
"LINC01134",17,14,6,13,24,2,22,21,2,23,6,6,15,10,10,3,3,9,8,15
"LINC00463",79,207,144,105,48,23,52,77,70,230,59,29,86,63,449,61,53,65,66,21
"LINC01068",0,0,16,2,0,1,12,28,0,7,1,3,0,0,41,0,5,1,22,5
"CYP4B1",6,100,40,18,76,11,202,54,19,91,19,19,75,30,31,113,53,25,17,1095
"MIA",0,1,39,4,17,2,13,1,0,26,0,1,8,0,18,4,4,4,4,5
"NPC1L1",9,11,43,9,11,29,69,33,4,92,3,0,24,11,65,6,9,10,15,46
